:020000040800F2
:10000000C06A00207DAB0108959301089793010811
:1000100000000000000000000000000000000000E0
:10002000000000000000000000000000999301089B
:100030000000000000000000A99901081D7B0008D5
:10004000E9AB0108000000009B930108EBAB01083D
:10005000EDAB0108A5930108EFAB0108AF930108D0
:1000600000000000F1AB0108F3AB0108F5AB01089B
:10007000F7AB0108F9AB0108FBAB01080000000079
:10008000FDAB0108BB930108FFAB010801AC0108FF
:1000900003AC010805AC0108C5930108CF93010822
:1000A000EB93010807AC010809AC010875130108BE
:1000B0002D9001086502000870B5B24C201D02F0B9
:1000C0009DFDB14EC74D2A00310002F0A2FD200077
:1000D0001C3002F093FD2A00310002F09AFD20004E
:1000E000343002F08BFD2A00310002F092FD70BD29
:1000F00010B504001C3002F081FD2000343002F005
:100100007DFD20004C3002F079FD2000643002F0CB
:1001100075FD20007C3002F071FD2000943002F06B
:100120006DFD2000AC3002F069FD2000C43002F00B
:1001300065FD2000DC3002F061FD2000F43002F0AB
:100140005DFD86204000201802F058FD200010BD03
:10015000F8B584B0002469464C73A34DA9780029F2
:1001600009D10121A970EFF3108172B6C34A126957
:1001700081F310886A6007000126387800281FD1B3
:100180007C70BC707C71FC703C71E22040003C547F
:10019000A64802F08DFDA6A13800C43002F0AFFDE4
:1001A000A4493800DC3002F0AAFDA24938007C30B6
:1001B00002F0A5FD9F493800943002F0A0FD3E708A
:1001C0009D490E800020C0430290019603A8009034
:1001D0000223B822A021AA4803F0B8F8401E8041AB
:1001E000C043C00FA74908706846007BA649087045
:1001F000012832D17878002829D1EFF3108072B627
:100200009E49096980F310886868081AB4498842D1
:1002100006D37C70BC707C71FC703C716C7002E029
:10022000B878002819D1B6A1380000F0DFF83220E4
:1002300002F03EFD687800280FD16E70EFF3108059
:1002400072B68E49096980F31088696005E02878E4
:10025000002800D12E70684646736846407B05B082
:10026000F0BD000038B5EFF3108072B6834CA16882
:10027000491CA16080F31088AF4DE969202001403E
:1002800004D02968084001D000F080F82968802057
:10029000014004D0E969084001D000F03AF829682B
:1002A00040200140002905D0E969014002D02862C0
:1002B00000F058F8A868C0070AD5E869400707D5D4
:1002C000802080059D490860BFF34F8FBFF36F8F7B
:1002D000EFF3108072B6A168491EA16002D080F3CE
:1002E000108831BD6268514211400A011143944A9D
:1002F0008B0119430B04591A890E515CE160226885
:10030000914203D0802149058E4A116080F3108804
:1003100031BD1C48C16C4A1CC264026B102A01D357
:10032000C26901E002001C32834B515C9962C16CCE
:10033000C06A814215D1EFF31080012181F310884A
:10034000196880229143196080F31088EFF31080C0
:10035000012181F31088196840220A431A6080F352
:1003600010887047EFF31080012181F310887249E3
:100370000A6840239A430A6080F31088012072497A
:1003800008707047605C0020E195010838B56F483F
:100390000068C0B204F01EF8C1B26D4804F023F842
:1003A000EFF3108072B635494A686A4B1C68D54332
:1003B000254005D04D6825434D6022401A6001E07C
:1003C0000121197180F3108831BD10B55E4C02E037
:1003D0000A2002F06DFC20780028F9D0002020705F
:1003E00010BD00002C600020E05E002038B5564CA7
:1003F0000025E56420001C3002F081FCA069102873
:1004000001D3606800E0201D656105702570EFF381
:100410001080012181F3108847490A688023134323
:100420000B6080F31088FFF7D0FF31BD8813000008
:1004300039390000A88301088060002038B5424C9B
:100440000025E56420001C3003F0EBFFA0691028B4
:1004500001D3606800E0201D65610570EFF3108036
:10046000012181F3108834490A68802313430B600B
:1004700080F310882570FFF7A8FF31BDD40A002053
:10048000685B0020585F0020A060002070B5160057
:100490002D4D0024EC6428001C3003F0C2FF002323
:1004A000DB430022310028001C3003F0C5FFA8699F
:1004B000102801D3686800E0281D6C6104702C705E
:1004C000EFF31080012181F310881B490A68802313
:1004D00013430B6080F31088FFF777FF70BD0000B7
:1004E000E980000010B500240022194803F0D7FF6E
:1004F0000021C943884200D00124200010BD000023
:1005000041540D00F8B50E00170000250E4C0022D6
:10051000201D03F0C4FF0021C94388420AD03900DE
:1005200032698218201D03F0BAFF0021C9438842B6
:1005300000D001252800F2BD004C004080E100E021
:100540000C98010804ED00E0605C0020244C0040A1
:10055000645C0020305F0020F8B5944CA544060090
:1005600093A1684603F0A9FF7078002801D000F03D
:100570003EFC9049FFA8483003F09FFF0100300087
:10058000FFF7B0FF040000220121FFA8483003F06C
:10059000A4FF002C59D18849FFA8303003F08DFF0B
:1005A00001003000FFF79EFF040000220121FFA898
:1005B000303003F092FF002C4FD18049FFA8183053
:1005C00003F07BFF01003000FFF78CFF04000022E6
:1005D0000121FFA8183003F080FF002C3DD178499D
:1005E000FFA803F06AFF01003000FFF77BFF040063
:1005F00000220121FFA803F070FF002C33D17149C4
:10060000F9A803F05AFF01003000FFF76BFF040068
:1006100000220121F9A803F060FF002C29D16A49CA
:10062000F3A803F04AFF01003000FFF75BFF00284A
:1006300025D16649EDA803F040FFEDA93000FFF792
:1006400051FF00281DD001242CE00120B07060492A
:100650003000FFF7CBFE01F033F95E493000FFF7C1
:10066000C5FE01F02DF95C493000FFF7BFFE01F037
:1006700027F95A493000FFF7B9FE01F021F90124AA
:1006800015E05749E7A803F018FFE7A93000FFF786
:1006900029FF441EA441E443E40F00220121E7A8FE
:1006A00003F01BFF00220121EDA803F016FF00223A
:1006B0000121F3A803F011FF002C31D14949E1A831
:1006C00003F0FBFE484D2900DBA803F0F6FE020014
:1006D000E1A93000FFF716FF040000220121DBA88A
:1006E00003F0FBFE00220121E1A803F0F6FE002C3E
:1006F0001ED1DC49D5A803F0E0FE01003000FFF771
:10070000F1FE00282BD1D84C2100CFA803F0D5FE54
:10071000CFA93000FFF7E6FE002822D0012485E0B3
:1007200001207071D1493000FFF760FE01F0C8F878
:100730003100FFA8603001F0CBFAFFA96031300032
:10074000C43003F0E2FE00220121FFA8603003F074
:10075000C4FEC7493000FFF749FE01F0B1F801249B
:1007600069E021005831C9A803F0A7FEC9A93000EB
:10077000FFF7B8FE002801D0012452E0D549C3A8F4
:1007800003F09BFEC3A93000FFF7ACFE002801D0A8
:10079000012441E0D049BDA803F08FFEBDA930007F
:1007A000FFF7A0FE002821D0012430E018FAFFFF57
:1007B00000000000F87C01080C7D0108247D010880
:1007C000387D0108587D0108787D0108947D010875
:1007D000047D0108187D01084C7D01086C7D01082D
:1007E000B07D0108D47D0108E47D0108BB49B7A8AC
:1007F00003F063FEB7A93000FFF774FE441EA44166
:10080000E443E40F00220121B7A803F066FE0022B2
:100810000121BDA803F061FE00220121C3A803F05D
:100820005CFE00220121C9A803F057FE002201212D
:10083000CFA803F052FE00220121D5A803F04DFEFF
:10084000002C00D0E2E0DE49B1A803F036FE010042
:100850003000FFF747FE040000220121B1A803F099
:100860003CFE002C00D0D7E0D649ABA803F025FE13
:1008700001003000FFF736FE002800D0D2E0D24958
:10088000A5A803F01AFED1A19FA803F016FE9FAA07
:10089000A5A93000FFF736FE441EA441E443E40F4F
:1008A000002201219FA803F018FE00220121A5A823
:1008B00003F013FE00220121ABA803F00EFE002C72
:1008C00000D0B1E0C24999A803F0F7FDBFA193A8F9
:1008D00003F0F3FD020099A93000FFF713FE0400B6
:1008E0000022012193A803F0F8FD0022012199A81C
:1008F00003F0F3FD002C00D09CE0B6498DA803F076
:10090000DCFD01003000FFF7EDFD040000220121B5
:100910008DA803F0E2FD002C00D091E0AE4987A83D
:1009200003F0CBFDAD4981A803F0C7FD020087A904
:100930003000FFF7E7FD04000022012181A803F049
:10094000CCFD0022012187A803F0C7FD002C7DD13A
:10095000D6497BA803F0B1FD01003000FFF7C2FDCE
:100960000400002201217BA803F0B7FD002C73D105
:10097000CF4975A803F0A1FD01003000FFF7B2FDDB
:1009800004000022012175A803F0A7FD002C71D1FD
:10099000DB496FA803F091FD290069A803F08DFDE4
:1009A00002006FA93000FFF7ADFD04000022012115
:1009B00069A803F092FD002201216FA803F08DFDCC
:1009C000002C5DD1284D2C00B034210063A803F029
:1009D00074FDCC495DA803F070FD020063A93000EE
:1009E000FFF790FD002861D1210057A803F065FDB5
:1009F000C54F390051A803F060FD51AA57A9300036
:100A0000FFF780FD002853D001248EE0BF4930005D
:100A1000FFF7ECFC00F054FFB9493000FFF7E6FCAB
:100A200000F04EFF012445E7B9493000FFF7DEFC36
:100A300000F046FFB7493000FFF7D8FC00F040FF58
:100A4000B5493000FFF7D2FC00F03AFFB34930005F
:100A5000FFF7CCFC00F034FFB1493000FFF7C6FCD3
:100A600000F02EFFF87D0108E8890108CC7D01081F
:100A7000EC7D0108AB493000FFF7B8FC00F020FF27
:100A80003100FFA8603000F099FFFFA9603130000D
:100A9000943003F03AFD00220121FFA8603003F0FA
:100AA0001CFD300001F083FC00F00AFF012446E049
:100AB0009D4C21004BA803F000FD924945A803F08E
:100AC000FCFC45AA4BA93000FFF71CFD002807D00D
:100AD000012420E00C7E01082C7E0108487E0108DC
:100AE00021003FA803F0E9FC390039A803F0E5FC38
:100AF00039AA3FA93000FFF705FD441EA441E44395
:100B0000E40F0022012139A803F0E7FC00220121B3
:100B10003FA803F0E2FC0022012145A803F0DDFC20
:100B2000002201214BA803F0D8FC0022012151A88A
:100B300003F0D3FC0022012157A803F0CEFC0022D1
:100B400001215DA803F0C9FC0022012163A803F084
:100B5000C4FC002C44D12900F83133A803F0ADFCCB
:100B600069492DA803F0A9FC020033A93000FFF762
:100B7000C9FC0400002201212DA803F0AEFC0022D4
:100B8000012133A803F0A9FC002C00D092E06749B2
:100B900027A803F092FC01003000FFF7A3FC002817
:100BA00000D09EE0624921A803F087FC21A9300013
:100BB000FFF798FC002800D195E0012400E100BF78
:100BC000707E0108907E0108AC7E01080D0A0000CD
:100BD000D87E0108087F01082C7F0108387F0108B2
:100BE0003100FFA8603000F027FFFFA960316846A0
:100BF00003F08BFC00220121FFA8603003F06DFCA4
:100C000000224CA1684603F0A2FCF0600021C94319
:100C1000884201D000BF10E03100FFA8603000F032
:100C20000BFFFFA960313000DC3003F06EFC0022C6
:100C30000121FFA8603003F050FC092106A803F051
:100C4000ABFC3D4802683D4906A803F0C5FC84B2F0
:100C50003700F4373AA1380002F051F8002C09DDD2
:100C600006A8250004002178380003F0BCFB641CB2
:100C70006D1EF8D10124747032488169102901D3A6
:100C8000416800E0011D002242610A70EFF3108507
:100C900072B6E14E300003F0BFFC002800D1347181
:100CA00085F310880022012100F00CFE4C7F010822
:100CB0006C7F01083100FFA8603000F00FFEFFA933
:100CC000603130007C3003F020FC00220121FFA8BD
:100CD000603003F002FC0A493000FFF787FB00F0A8
:100CE000EFFD012471E0E4491BA803F0E6FB1BA91A
:100CF0003000FFF7F7FB002826D001245BE000BF9F
:100D0000847E0108947F01089C7F0108647E0108AD
:100D1000C87E0108F87E01081C7F0108407F010899
:100D2000607F0108807F0108BC8A0108AC7F010850
:100D3000BC7F010807000000745F0020A47F010849
:100D400000000000605C0020CC4915A803F0B5FB52
:100D500015A93000FFF7C6FB002801D0012425E0CB
:100D60008E20400029180FA803F0A7FB0FA9300020
:100D7000FFF7B8FB002801D0012412E0A2204000B8
:100D8000291809A803F099FB09A93000FFF7AAFB6D
:100D9000441EA441E443E40F0022012109A803F00A
:100DA0009CFB002201210FA803F097FB00220121E8
:100DB00015A803F092FB002201211BA803F08DFB74
:100DC0000022012121A803F088FB0022012127A88D
:100DD00003F083FB002C01D100F072FD0120B07103
:100DE00000207070B0703070002200F06AFDA449DD
:100DF000FFA80C3003F061FBA2A1FFA8FF30D530A3
:100E000003F05BFB0200FFA90C313000FFF77AFB17
:100E1000002801D0012436E09B49FCA803F04DFBDB
:100E200098A42100F6A803F048FBF6AAFCA930001C
:100E3000FFF768FB002801D001241AE09349F0A8CD
:100E400003F03BFB2100EAA803F037FBEAAAF0A974
:100E50003000FFF757FB441EA441E443E40F002297
:100E60000121EAA803F039FB00220121F0A803F0D8
:100E700034FB00220121F6A803F02FFB0022012100
:100E8000FCA803F02AFB00220121FFA8FF30D53087
:100E900003F023FB00220121FFA80C3003F01DFB0F
:100EA000002C00D0BAE07A49E4A803F006FBE5493B
:100EB000FFA8FF30BD3003F000FB0200E4A93000C2
:100EC000FFF720FB040000220121FFA8FF30BD3006
:100ED00003F003FB00220121E4A803F0FEFA002C3A
:100EE00000D0E1E06B49DEA803F0E7FA6A4D290083
:100EF000FFA8FF30A53003F0E0FA0200DEA93000C1
:100F0000FFF700FB040000220121FFA8FF30A530FD
:100F100003F0E3FA00220121DEA803F0DEFA002C40
:100F200000D0C6E05D49D8A803F0C7FA2900FFA8A1
:100F3000FF308D3003F0C1FA0200D8A93000FFF76E
:100F4000E1FA040000220121FFA8FF308D3003F0F8
:100F5000C4FA00220121D8A803F0BFFA002C00D067
:100F6000ACE04F49D2A803F0A8FAB649FFA8FF3079
:100F7000753003F0A2FA0200D2A93000FFF7C2FADE
:100F8000040000220121FFA8FF30753003F0A5FA0C
:100F900000220121D2A803F0A0FA002C00D093E097
:100FA0004049FFA8FF305D3003F087FA01003000B0
:100FB000FFF798FA040000220121FFA8FF305D30FE
:100FC00003F08BFA002C00D084E0E54DB620400001
:100FD0002918CCA803F071FA2AA73900FFA8FF301E
:100FE000453003F06AFA0200CCA93000FFF78AFA14
:100FF000002873D12900B031C6A803F05EFA390089
:10100000C0A803F05AFAC0AAC6A93000FFF77AFABE
:10101000002865D001249CE0505F0020310006A824
:1010200000F06EFE06A930004C3003F06EFA00228C
:10103000012106A803F051FAD7A130004C3003F08B
:1010400041FBD64906A803F038FA31004C310CA810
:1010500003F070FB020006A93000FFF717FA002228
:1010600001210CA803F039FA0022012106A803F09F
:1010700034FA00F025FC00BFD87F0108F07F01089A
:101080000C8001080D0A00001C8001082C8001085A
:1010900048800108608001086C80010874800108A4
:1010A000908001089C800108300000F07BFE00F079
:1010B00007FC300001F0C2F800F002FCB849300033
:1010C000FFF794F900F0FCFBB5493000FFF78EF90B
:1010D00000F0F6FB300001F06AF9F1E3012442E090
:1010E000CA2040002918BAA803F0E7F93900B4A8CB
:1010F00003F0E3F9B4AABAA93000FFF703FA002815
:1011000001D001241BE02900D431AEA803F0D5F9A9
:101110003900A8A803F0D1F9A8AAAEA93000FFF7BA
:10112000F1F9441EA441E443E40F00220121A8A8E0
:1011300003F0D3F900220121AEA803F0CEF900227A
:101140000121B4A803F0C9F900220121BAA803F0D3
:10115000C4F900220121C0A803F0BFF90022012137
:10116000C6A803F0BAF900220121FFA8FF304530DC
:1011700003F0B3F900220121CCA803F0AEF9002C52
:1011800000D0D3E0C149A2A803F097F92D49FFA8E8
:10119000FF302D3003F091F90200A2A93000FFF7D3
:1011A000B1F9040000220121FFA8FF302D3003F027
:1011B00094F900220121A2A803F08FF9002C00D09D
:1011C00011E1DE2040002918FFA8FF30153003F0A0
:1011D00074F901003000FFF785F9040000220121B5
:1011E000FFA8FF30153003F078F9002C00D016E18D
:1011F000F22040002918FFA8FC3003F05EF901003E
:101200003000FFF76FF9040000220121FFA8FC3035
:1012100003F063F9002C00D006E19D49FFA8E430FB
:1012200003F04BF901003000FFF75CF904000022E5
:101230000121FFA8E43003F050F9002C00D0F8E0C1
:10124000944901E0E47D0108FFA8CC3003F035F9B2
:1012500001003000FFF746F9040000220121FFA839
:10126000CC3003F03AF9002C00D0E7E08A499CA882
:1012700003F023F98949FFA8B43003F01EF90200F6
:101280009CA93000FFF73EF9040000220121FFA8CD
:10129000B43003F022F9002201219CA803F01DF9CB
:1012A000002C00D0CFE07E49FFA89C3003F005F968
:1012B00001003000FFF716F9040000220121FFA809
:1012C0009C3003F00AF9002C00D0C1E07549FFA85A
:1012D000843003F0F2F801003000FFF703F9040056
:1012E00000220121FFA8843003F0F7F8002C00D081
:1012F000C6E0822080002918FFA86C3003F0DDF8DA
:1013000001003000FFF7EEF8002800D0D8E08B2075
:101310008000291896A803F0D0F896A93000FFF7AE
:10132000E1F8002800D1CDE001249AE1310006A8BF
:1013300000F082FB06A9684603F0E7F800220121CD
:1013400006A803F0CAF8002257A1684603F0FFF888
:10135000F0600021C943884204D000BF10E000BF04
:10136000E8890108310006A800F066FB06A93000F4
:10137000DC3003F0CAF80022012106A803F0ADF822
:10138000F079002802D00120484910E0307A002886
:1013900008D0012046490AE00D0000003C80010809
:1013A00080800108707A002802D00120414908702D
:1013B0000020F071307270723F498A69102A01D39F
:1013C0004A6800E00A1D48611070EFF3108572B69C
:1013D0003A4C200003F020F9002801D101202071AF
:1013E00085F310886CE2310006A800F071FC06A9B4
:1013F0003000C43003F089F80022012106A803F070
:101400006CF8EFF3108572B62C4C200003F004F951
:10141000002801D10120207185F3108850E2C449D1
:101420003000FEF7E3FF4BE2C2493000FEF7DEFF7B
:1014300046E2C1493000FEF7D9FF41E2BF49300022
:10144000FEF7D4FF3CE2BC493000FEF7CFFF37E2A5
:1014500019488169102901D3426800E0021D00216A
:1014600041611170EFF3108572B6144C200003F047
:10147000D3F8002801D10120207185F310881FE2E4
:10148000CF493000FEF7B2FF1AE200BFD47D010859
:10149000DC80010800810108308101084C810108CD
:1014A000588101087481010807000000BD60002018
:1014B000BB600020BC600020605C0020505F00200A
:1014C0000124D3E094208000291890A802F0F5FFB1
:1014D00090A93000FFF706F8002801D00124BBE0F6
:1014E0009D20800029188AA802F0E7FF8AA9300011
:1014F000FEF7F8FF002801D00124A8E0A620800014
:10150000291884A802F0D9FF84A93000FEF7EAFF69
:10151000002801D0012495E0AF20800029187EA882
:1015200002F0CBFF7EA93000FEF7DCFF002801D0DF
:10153000012482E0B8208000291878A802F0BDFFBD
:1015400078A93000FEF7CEFF002801D001246FE01B
:10155000CC4972A802F0B1FF72A93000FEF7C2FFB9
:10156000002801D001245EE0C120800029186CA869
:1015700002F0A3FF6CA93000FEF7B4FF002801D0F1
:1015800001244BE0CA208000291866A802F095FFCC
:1015900066A93000FEF7A6FF002801D0012438E03C
:1015A000D5208000291860A802F087FF60A93000CC
:1015B000FEF798FF002801D0012425E0E0208000FC
:1015C00029185AA802F079FF5AA93000FEF78AFFBD
:1015D000002801D0012412E0EB208000291854A833
:1015E00002F06BFF54A93000FEF77CFF441EA441BB
:1015F000E443E40F0022012154A802F06EFF002210
:1016000001215AA802F069FF0022012160A802F01E
:1016100064FF0022012166A802F05FFF0022012181
:101620006CA802F05AFF0022012172A802F055FFB7
:101630000022012178A802F050FF002201217EA89B
:1016400002F04BFF0022012184A802F046FF002295
:1016500001218AA802F041FF0022012190A802F096
:101660003CFF0022012196A802F037FF0022012151
:10167000FFA86C3002F031FF002C4ED19449FFA836
:10168000543002F01AFF01003000FEF72BFF040077
:1016900000220121FFA8543002F01FFF002C41D18D
:1016A0008C494EA802F009FF8B49FFA83C3002F09C
:1016B00004FF02004EA93000FEF724FF04000022C0
:1016C0000121FFA83C3002F008FF002201214EA8B2
:1016D00002F003FF002C33D1B64948A802F0EDFE1A
:1016E0003900FFA8243002F0E8FE020048A93000CB
:1016F000FEF708FF00283ED1AF4942A802F0DDFE08
:1017000039003CA802F0D9FE3CAA42A93000FEF7FD
:10171000F9FE002831D0012494E0BF493000FEF7E3
:1017200065FECDE0BD493000FEF760FEC8E000BFB9
:10173000B0800108CC800108F080010820810108F8
:10174000300000F0BFFEB6488169102901D342681D
:1017500000E0021D002141611170EFF3108572B6A7
:10176000B04C200002F058FF002801D10120207168
:1017700085F31088A4E001246EE0AB4936A802F09E
:101780009CFE390030A802F098FE30AA36A930003D
:10179000FEF7B8FE002801D0012449E0A3492AA899
:1017A00002F08BFE390024A802F087FE24AA2AA9A1
:1017B0003000FEF7A7FE002804D001242EE000BF71
:1017C000888101089A491EA802F077FE390018A8FE
:1017D00002F073FE18AA1EA93000FEF793FE00283F
:1017E00001D0012410E0934912A802F066FE12A96C
:1017F0003000FEF777FE441EA441E443E40F0022CC
:10180000012112A802F069FE0022012118A802F0AD
:1018100064FE002201211EA802F05FFE00220121C9
:1018200024A802F05AFE002201212AA802F055FE47
:101830000022012130A802F050FE0022012136A82A
:1018400002F04BFE002201213CA802F046FE0022DD
:10185000012142A802F041FE00220121FFA824300C
:1018600002F03BFE0022012148A802F036FE002CC7
:1018700026D0E220400030180178002904D0082941
:1018800006D00EE0A481010808210170B94904E0E6
:1018900009210170F620800029183000FEF7A6FD0E
:1018A0000EE00D210170EFF3108572B65D4C200043
:1018B00002F0B2FE002801D10120207185F31088CA
:1018C00000220121684602F008FEAB488544F0BDC5
:1018D000D0810108F88101084C810108F8B58CB06D
:1018E00007000D00A5A102F0E8FDA54928001C3065
:1018F00001F005FA4A4CEA6A29001C31201D02F069
:10190000CEFDE96A401828610026F643B0424ED069
:101910009C4928001C3001F0F2F92A6929001C3189
:10192000201D02F0BCFD6861B04240D02869A16969
:10193000102901D3616800E0211D091806A802F0F2
:10194000BCFD02002900684601F0A1F869462800A4
:10195000343002F0DAFD00220121684602F0BDFDBC
:101960000022012106A802F0B8FD00201AE028009C
:10197000343002F0F3FE005D2B2808D0EC6828001C
:10198000343002F0EBFE005D30380A2808D2EC68F3
:101990002800343002F0E2FE015D380002F023FD41
:1019A000E868401CE860EC68686C8442DFD30DB0E6
:1019B000F0BD00000C82010828820108F8B505007E
:1019C0000C006EA102F079FDC04920001C3001F02E
:1019D00096F9134F002221001C31381D02F05FFDE3
:1019E000E16A401820610021C94388420AD1F1BD53
:1019F0002669701C2061381D02F0B0FE815D280050
:101A000002F0F1FC2669381D02F0A8FE805D02F0AC
:101A1000AAFE0128ECDAF1BDC4810108EC810108BD
:101A2000605C0020505F0020448201086082010851
:101A30007C82010898820108F8B58CB006000D0080
:101A40004EA102F03AFD4E4928001C3001F057F932
:101A50004D4CEA6A29001C31201D02F020FDE96A84
:101A6000401828610027FF43B8420FD1A34928003E
:101A70001C3001F044F9EA6A29001C31201D02F0F3
:101A80000EFDE96A40182861B84271D0BA492800B1
:101A90001C3001F034F92A6929001C31201D02F0A4
:101AA000FEFC6861B8421ED02869A169102901D3E3
:101AB000616800E0211D091806A802F0FEFC020082
:101AC0002900684600F062F86946300002F01DFD0A
:101AD00000220121684602F000FD0022012106A833
:101AE00002F0FBFC44E0274928001C3001F007F914
:101AF0002A6929001C31201D02F0D1FC6861B8421E
:101B000036D02869A169102901D3616800E0211D40
:101B1000091806A802F0D1FC02002900684600F06E
:101B2000B6FF69462800343002F0EFFC00220121A4
:101B3000684602F0D2FC0022012106A802F0CDFC8A
:101B40002900343106A802F0F5FD0200290068469C
:101B500000F01CF86946300002F0D7FC0022012199
:101B6000684602F0BAFC0022012106A802F0B5FC8A
:101B70000DB0F0BDB4820108EC05000000000000CB
:101B80002C83010838830108605C0020F8B5070049
:101B90000C00150079A102F090FC79A120001C3006
:101BA00001F0ADF8002221001C31280002F077FC82
:101BB000E0600026F643B04200D186E071A120002B
:101BC0001C3001F09CF8E26821001C31280002F072
:101BD00066FCE060B04278D06969102901D32968B9
:101BE00000E02900085C06E0E668701CE060280060
:101BF00002F0B4FD805D010001D02228F4D0E66837
:101C0000280002F0ABFD805D02F0ADFD012803DB92
:101C1000E068401CE060F2E7E668280002F09EFD04
:101C2000805D2028F4D0E668280002F097FD805DF2
:101C300030380A2806D3E668280002F08FFD805D60
:101C400020280BD1E668280002F088FD815D38006D
:101C500002F0C9FBE068401CE060E4E7E6682800A9
:101C600002F07CFD805D2E28ECD03E0046A70022CD
:101C70003900300002F06BFCE06001460025ED43C6
:101C8000A94202D0300002F077FD00223900300076
:101C900002F05DFCE0600146A94202D0300002F093
:101CA0006BFD002239A1300002F051FCE0600446D7
:101CB000AC420AD036A5280002F06AFD00902B0045
:101CC00001222100300002F06AFDF1BD40830108CD
:101CD00038B5050029A102F0F0FB2E4C02230F229B
:101CE000211D280002F0A8FBA0690F2801D9606817
:101CF00000E0201D00216161017031BD58830108A1
:101D000070B506000C001DA102F0D7FB224920008F
:101D10001C3000F0F4FF1F4D002221001C31281D53
:101D200002F0BDFBE16A4018E0600021C94388422F
:101D300021D01AA120001C3000F0E1FFE268210050
:101D40001C31281D02F0ABFBE16A4018206114A190
:101D500020001C3000F0D3FF226921001C31281D17
:101D600002F09DFB2169431AA36160612269291D6C
:101D7000300002F061FB70BD5083010800000000DC
:101D80003A20000022000000200000002C0000008B
:101D90002E000000605C002064830108222C0000FB
:101DA0000D0A0000FEB505002CA42100643000F0EF
:101DB000A6FF21002800AC3000F0A1FF86204000E3
:101DC00028180190210000F09AFF254928001C30B6
:101DD00000F095FF234C002229001C31201D02F049
:101DE0005EFBE96A401828610027FF43B84200D132
:101DF000A7E1A169102901D3616800E0211D095CF8
:101E00002B291AD12800AC3002F0EDFA2869401CC9
:101E100028610AE02E69701C2861201D02F09EFCDA
:101E2000815D2800AC3002F0DEFA2E69201D02F040
:101E300095FC805D30380A28ECD3C3A128001C3003
:101E400000F05DFF2A6929001C31201D02F027FBEC
:101E5000E96A40182861B84210D172E10000000020
:101E600070830108605C00202E69701C2861201DB1
:101E700002F074FC815D019802F0B5FA2E69201D14
:101E800002F06CFC805D30380A28EDD32E69201DED
:101E900002F064FC805D02F0F1FC00280EDD286990
:101EA000401C2861F2E72E69701C2861201D02F099
:101EB00055FC815D2800643002F095FA2E69201DE2
:101EC00002F04CFC805D02F04EFC0028EBDC82202E
:101ED00040002E1837682800F43002F0D8FC009734
:101EE0000300B2690021019802F0D6FC002821D13C
:101EF00096492800643002F0F2FC002820D1944971
:101F00002800643002F0EBFC00282DD00D2069463B
:101F10000870C04802F0F4FCEFF3108472B6BE4DB6
:101F2000280002F079FB002801D10120287184F3F8
:101F3000108806E1A069102800D2F1E06068F0E0A6
:101F40000C2069460870B34802F0DAFCEFF3108504
:101F500072B6B14C200002F05FFB002801D10120D5
:101F6000207185F31088ECE0AC492800643002F061
:101F7000B6FC002813D00F2069460870A54802F06F
:101F8000BFFCEFF3108572B6A34C200002F044FBB7
:101F9000002801D10120207185F31088D1E0A049EB
:101FA0002800643002F09BFC002818D09D4800787F
:101FB000002800D0C5E0022069460870954802F06C
:101FC0009FFCEFF3108572B6934C200002F024FBC7
:101FD000002801D10120207185F31088B1E092A181
:101FE0002800643002F07BFC002812D001246946EE
:101FF0000C70884802F084FCEFF3108672B6864DB0
:10200000280002F009FB002800D12C7186F310880B
:1020100097E086A12800643002F061FC002813D00C
:102020000E20694608707B4802F06AFCEFF31085C9
:1020300072B6794C200002F0EFFA002801D101209D
:10204000207185F310887CE079A12800643002F0CB
:1020500046FC002817D073480078002871D103206F
:10206000694608706B4802F04BFCEFF3108572B6BE
:10207000694C200002F0D0FA002801D10120207123
:1020800085F310885DE06B492800643002F027FC7E
:10209000002813D00420694608705E4802F030FC26
:1020A000EFF3108572B65C4C200002F0B5FA002800
:1020B00001D10120207185F3108842E05EA1280043
:1020C000643002F00CFC002813D01520694608701B
:1020D000504802F015FCEFF3108572B64E4C20000C
:1020E00002F09AFA002801D10120207185F31088AE
:1020F00027E0A069102801D3606800E0201D0021BE
:1021000061610170EFF3108572B6434C200002F05C
:1021100083FA002801D10120207185F3108810E096
:10212000201D002161610170EFF3108572B63A4CF9
:10213000200002F071FA002801D10120207185F3FE
:10214000108803B0F0BD00000D0A00008083010874
:102150008883010870B592B006000025A5A421006F
:10216000684602F0AAF9D4204000305C401E0328E3
:1021700022D9001F06280BD9C01F03281CD9001F15
:10218000012840D9801E022802D9C01E14D018E0B0
:10219000994C20782B2804D12B21684602F023F992
:1021A0000125E8B2215C080030380A2809D26846C7
:1021B00002F019F96D1CF4E73100AC31684602F009
:1021C00030F98EA1684602F07DFA8D4906A802F02A
:1021D00074F969460CA802F0ADFA020006A93000B5
:1021E000FEF754F9002201210CA802F076F9002232
:1021F000012106A802F071F900220121684602F0CF
:102200006CF912B070BD21007E4800F078FD00220C
:10221000F3E70000745D0020505F00209083010808
:1022200098830108AE6000205253540053494D007A
:102230004F464600A083010857455400F8B586B0C4
:102240000400714D71492800343000F058FD70A72A
:10225000684600F0D3FC822040002658380002F087
:1022600097FA3118049EB1420CD30598884209D0E0
:102270000122684602F07AFB002803D0310068464C
:1022800002F0DFFB0026F643330000222100F43188
:10229000684602F0D1F83900684602F013FA3300BC
:1022A000002269462800343002F0C6F800220121DD
:1022B000684602F012F9D4204000205C401E142829
:1022C00012D801A1095C8F4472828A921452565A24
:1022D0009AA2AAB2BAC2CA4E4E5E666AD2004D49EE
:1022E0002800343002F0EEF94BA12800343002F01F
:1022F000E9F94AA12800343002F0E4F92900343128
:10230000684602F017FA01002000FEF797F8002255
:102310000121684602F0E1F807B0F0BD4049DFE76F
:102320004049DDE74049DBE7200000F01DFBDBE72B
:102330003E49D5E7200000F03DFBD5E7C64928001F
:10234000343002F0BFF90120E071CDE7200000F049
:102350008CF9C9E7200000F097F9C5E7200000F0EC
:10236000A3F9C1E7200000F0B5F9BDE7200000F0B7
:10237000F5F9B9E7200000F012FAB5E7200000F007
:1023800039FAB1E7200000F059FAADE7200000F07B
:1023900097FAA9E7200000F0AFFAA5E7200000F0C7
:1023A00033FBA1E780B5BD49FEF720F801BD38B584
:1023B000040025009435B249280002F090FA002864
:1023C00005D1B049280002F08AFA002801D0B449AA
:1023D00006E0B4A1280002F082FA002803D0BA492E
:1023E0002000FEF703F831BD80B5B849FDF7FEFFC8
:1023F00001BD000000000000785E0020220D0000FA
:1024000060800108945C0020605C0020BC830108AF
:102410000D0A00001C8401080D0000001A000000D5
:102420003484010848840108588401086C85010837
:1024300070B51D001400032C01DA6D1EC91CC9B251
:10244000A8B208182904890C46186421A8B202F021
:102450001BFB80B2361AC8214900A8B202F014FB57
:1024600080B235186001001B0A300C2102F009FB14
:102470002818072102F005FB481CC0B270BDF8B552
:1024800084B000240125FA23DB00D2186B461A80A1
:1024900001AE03900F00684603883A00E9B2039842
:1024A000FFF7C6FF072802D161B27554641C6D1C8A
:1024B000202DF0DB64B23019401E00214056C0B21E
:1024C00005B0F0BDFEB582498A69102A01D349687A
:1024D00000E0091D00909222520085180800133078
:1024E00028600098883284180800133002F0CFFB6F
:1024F000E0752868C01C286002F0C9FB6075286878
:10250000C01C286002F0C3FBA0752868C01C2860AE
:1025100002F0BDFB20702868C01C286002F0B7FBE9
:1025200060702868C01C286002F0B1FBA0700098A1
:10253000E0214900451801A82900042202F0C8FB47
:102540000199844804F05AFC834800782075A84813
:102550000068CA2141625327476200222100A44833
:1025600004F059FF002801D005F094F90022290059
:102570009F4804F0E2FF002801D005F08BF99C4849
:102580000568FF266E62607D401E012858D9801EB6
:1025900005D0C01F29D0401E012851D959E0E07D47
:1025A000FA21C900421803210098FFF768FFA17DB6
:1025B00088424ED3E07DFA21C900421803210098D9
:1025C000FFF75DFFA17D884203D12078032840DB1F
:1025D00024E0E07DFA21C900421803210098FFF7AA
:1025E0004EFFA17D814234D22AE0E07DFA21C9006C
:1025F00042180A210098FFF742FFA17D884228D3A4
:10260000E07DFA21C90042180A210098FFF737FF40
:10261000A17D884209D1207803281ADD607800283E
:1026200017D1A078002814D10AE0E07DFA21C90072
:1026300042180A210098FFF722FFA17D814208D2AB
:102640006B4CCA2068626F62200005F063F8206856
:10265000466203B0F0BD0000C883010880B5D422F3
:1026600052008154FFF776FD01BD10B50400714999
:10267000BA4802F027F80120207210BD00000000C7
:10268000D0820108DC82010810B504006A49B34811
:1026900002F018F80120607210BD0000CC7D010826
:1026A000E4820108554D430010B5942149004418B7
:1026B0008148002142568149200001F08DFF210010
:1026C000A64801F0FFFF10BDF88201080C83010845
:1026D000605C0020BCB59421490045188248C1784F
:1026E0000091437882788149280001F075FF7D4C84
:1026F00029002000343001F0E5FF7D4F7D4800685F
:1027000005F0EEF805F0F8F800223B0005F00DF9B1
:1027100002000B009249280001F05EFF2900200012
:10272000343001F0CFFF8F48006805F0D9F805F08C
:10273000E3F800223B0005F0F8F802000B00B04976
:10274000280001F049FF29002000343001F0BAFFD1
:10275000B3BD000094050020C960002038B5942165
:10276000490045189248C1780091437882785F49C2
:10277000280001F031FF5B4C29002000343001F0CB
:10278000A1FF5C48006805F0ABF805F0B5F8002241
:10279000574B05F0CAF802000B0071491FE038B52D
:1027A0009421490045185048C178009143788278B7
:1027B0004E49280001F010FF4A4C29002000343017
:1027C00001F080FF6748006805F08AF805F094F88A
:1027D0000022474B05F0A9F802000B0088492800A9
:1027E00001F0FAFE29002000343001F06BFF31BD0A
:1027F000485D002038B59421490045188148C178CA
:102800000091437882789149280001F0E5FE354C2B
:1028100029002000343001F055FF8D48006805F094
:102820006BF800228B4B05F080F802000B008A4900
:10283000D5E70000A09D0108E4830108B0B594210C
:10284000490045182A4F8548006805F049F805F009
:1028500053F800223B0005F068F802000B008049A5
:10286000280001F0B9FE1F4C29002000343001F08F
:1028700029FF7C48006805F033F805F03DF8002298
:102880003B0005F052F802000B007749280001F0E8
:10289000A3FE29002000343001F014FF73480068C3
:1028A00005F01EF805F028F800223B0005F03DF881
:1028B00002000B00BD4947E0C5600020F883010815
:1028C00038B50500074CBA492000343001F0FAFE53
:1028D0000023DB4300222900DC312000343001F0EA
:1028E000ABFD31BD605C0020C85F00206C84010836
:1028F00000005940B45F0020B0B59421490045184C
:10290000AC4FAD48006804F0EBFF04F0F5FF002287
:102910003B0005F00AF802000B00A849280001F06E
:102920005BFEA74C29002000343001F0CBFEA54807
:10293000006804F0D5FF04F0DFFF00223B0004F044
:10294000F4FF02000B00A049280001F045FE290019
:102950002000343001F0B6FEB0BD0000945C0020D1
:102960008C840108B85F002070B50500944C97492D
:102970002000343001F0A6FE942040002E18944D23
:102980002A789449300001F027FE310020003430CD
:1029900001F098FE6A78002A08D08F49300001F0D3
:1029A0001BFE31002000343001F08CFE70BD0000B1
:1029B000C45F002070B50500814C88492000343088
:1029C00001F080FE86A12000343001F07BFE9420CF
:1029D00040002D188348006805F008F806B28248C8
:1029E000006805F003F802B233008049280001F0C6
:1029F000F3FD29002000343001F064FE70BD0000BA
:102A0000A0840108D45F0020F8B56D4C784E794958
:102A10000978012913D194214900451871480068AB
:102A200004F0E4FF07B27048006804F0DFFF02B270
:102A30003B003100280001F0CFFD290001E031000A
:102A400024312000343001F03DFEF1BD389E0108F4
:102A5000945F002000408F40B4840108A05F0020F4
:102A60005C9E0108A45F0020D4840108A85F0020B8
:102A700008000200303A0A2A01D2D03103E041387E
:102A8000062802D2C931C8B2704700207047F0B59D
:102A90008BB005000E00170057A101F00EFD02A833
:102AA000052101F077FD02AC0495019600970027FF
:102AB00023E0E021820C0A432270020B1143617073
:102AC0003F2280218309134080251D43A5700240C9
:102AD0001143E1700020207102A905A801F0EDFC6E
:102AE0000023DB4300220100049801F0A5FC002232
:102AF000012105A801F0F1FC3F1D00980069C01EEE
:102B0000874250D2009801F029FEC15D0198FFF77D
:102B1000AFFF0500009801F021FE2D03401CC15DB0
:102B20000198FFF7A5FF00022D18009801F016FE8E
:102B3000801CC15D0198FFF79BFF0600009801F023
:102B40000DFE31016D18C01CC15D0198FFF790FFAB
:102B50002818802803D2207000206070BCE78021F4
:102B6000090188420BD28109C0220A4322708006E3
:102B7000800E8021014361700020A070ACE7490104
:102B8000884296D2010BE0220A4322703F22802124
:102B90008309134080251D43657002401143A170D5
:102BA0000020E07098E70BB0F0BD0000E884010859
:102BB000F884010800005940AC5F00200885010836
:102BC000605C0020B05F002028850108388501087E
:102BD0009060002054850108608501081084010878
:102BE0000D0A000024600020206000205C9C010889
:102BF00040960108A36000200000000010B504000A
:102C000004F011FF00220021200001F066FC2000EA
:102C100010BD80B503000800190004F015FF02BDC7
:102C200010B535E080B52E480021818008218171E2
:102C30002C4908622C4A2D49411804F04DFF01BD72
:102C40004268514211400A011143294A8B0119433C
:102C50000B04591A890E515C026891420BD0C16075
:102C600080214905234A116062B600BF72B601682F
:102C7000C2689142F8D170471A494A6A92008A584C
:102C80001060086B8000085800680A6B4A62704741
:102C9000040010001A000023A380A0711148A3793A
:102CA0009B00C450200004F017FF200010BD00005E
:102CB00010B5EFF3108472B60A494A6A9300CB58F4
:102CC0009880886A0123934098438862C86A0028E4
:102CD00003D108002430FFF7B3FF84F3108810BD40
:102CE000204D0020B00A0020F92C00080808000040
:102CF0000C98010804ED00E005F030FEFCE770B52B
:102D000004000D00280001F043FD0600290020000A
:102D100005F052FE002809D0200001F01FFD33000D
:102D20002A1A2100200005F059FE70BD0022310052
:102D3000200001F01BFE00280AD0200001F00EFD4B
:102D40003200290001F0C4FF3100200001F079FEBB
:102D5000200070BD38B5040001D1012032BD25002E
:102D600040356878002803D12870200005F0C1FEA6
:102D70002420687020680168012291430160606826
:102D80008949014020680161216888488A680240B9
:102D90008A60E1680129A16801D1C24301E084226F
:102DA00012020A4321688A60E168022921684A68A0
:102DB00003D180231B01134301E07D4B13404B6083
:102DC00021684A687B4B13434B602168CA681040F6
:102DD000C860206961690143A06900020843216855
:102DE000C860E069216A01432068016020680168C9
:102DF00001220A430260002068602021697020637C
:102E0000A87032BDFBB5050017004030417820297D
:102E100000D0C4E04021695C012900D1BFE001215C
:102E2000017005F0E5FE060028688024240281690F
:102E300021401CD032001921280001F033FA00286B
:102E400000D083E005F0D4FE801B1928ECD9286857
:102E500080690440E8D028004030202142680A43BD
:102E60004260417000210022827001706EE02C00EF
:102E70003500694609892122230040335A70102207
:102E8000230040339A700022230040335A60676267
:102E90006185626369468F88089E618DFF2904D928
:102EA000FF21218580235B0405E0618D218580233E
:102EB0009B04002911D0616A09788162606A401C14
:102EC00060629A48618D09186185218D0A182285F2
:102ED00097480090521CD2B201E09548009039000A
:102EE000200001F05EFA0BE0FF2020852068B90584
:102EF000890D42688F4B13400B438F491943416042
:102F0000608D002830D02A003100200001F018F92F
:102F100000281BD1606A007821688862606A401CC2
:102F200060628248618D09186185218D08182085AD
:102F3000618D0029E4D00004E2D100953300002225
:102F40008021200001F0BDF8002801D0012027E0F9
:102F5000608DFF28C8D8608D2085002000908023D8
:102F60009B04228DD2B2BAE731002A00200001F082
:102F700018F901000ED120202268D0612268536820
:102F80006E4D1D40556022004032507000200023DD
:102F900093701070481E8041C043C00F00E00220B3
:102FA00003B0F0BD00000000FFFFFFF0FF7FFFFF58
:102FB000FFF7FFFF00800002FBB50500170040305F
:102FC0004178202900D0AEE04021695C012900D180
:102FD000A9E00121017005F00BFE06008024240207
:102FE0002868806920401BD032001921280001F098
:102FF00059F9002873D105F0FBFD801B1928EDD984
:10300000286880690440E9D02800403020214268C7
:103010000A434260417000210022827001705EE02C
:103020002C00350068460089222122004032517070
:103030001021220040329170002122004032516064
:103040006762608561633E4869468F88089E618D2E
:10305000FF2906D9FF212185009080235B04FF22F0
:1030600006E0618D2185009080239B04228DD2B2E1
:103070003900200001F095F90BE0FF202085206841
:10308000B905890D42682B4B13400B432A4919435C
:103090004160608D00282BD02A003100200001F013
:1030A000ACF800281BD12068406A616A0870606A29
:1030B000401C60621D49208D40182085628D51188A
:1030C0006185618D0029E4D00004E2D100953300D0
:1030D00000228021200000F0F4FF002801D0012010
:1030E00022E0608DFF28C8D8608D20850020BAE7D7
:1030F00031002A00200001F054F801000ED12020F8
:103100002268D061226853680C4D1D405560220032
:10311000403250700020002393701070481E804190
:10312000C043C00F00E0022003B0F0BDFFFF00006D
:1031300000200080009C00FC0000FF0100E800FE71
:1031400000240080FEB582B005004030417820297F
:1031500000D0F6E00A99002902D00B9F390003D174
:10316000802189004160C0E04021695C012900D1D3
:10317000E7E00121017005F03BFD060080242402F8
:103180002868806920401CD032001921280001F0F5
:1031900089F8002800D0A8E005F02AFD801B192836
:1031A000ECD9286880690440E8D02800403020210C
:1031B00042680A434260417000210022827001701F
:1031C00093E02C00019621202100403148704020DE
:1031D00021004031887000202100403148600A9869
:1031E0006062678500206063802676045648009000
:1031F00033006846028AD2B20189200001F0D1F87A
:10320000019A0C99200000F09BFF00281BD1684612
:103210008589008A012809D0280A21688862019AD4
:103220000C99200000F08CFF00280CD1EDB2206832
:103230008562019800900C9B00228021200000F004
:1032400040FF002803D00020402160544DE0608DF5
:10325000FF280FD9FF202085002000903300FF2297
:1032600068460189200001F09CF8684607890C9E99
:10327000019D07E0608D2085002000907300228D65
:10328000D2B2EDE72A003100200000F059FF0028FB
:103290002BD1606A007821688862606A401C606295
:1032A000AC48618D09186185218D08182085618DD4
:1032B000002928D0000426D1009533000022802167
:1032C000200000F0FEFE00280FD1608DFF280ED9EF
:1032D000FF2020852068B905890D42689E4B134068
:1032E0000B439E49194341600DE001202AE0608DA7
:1032F00020850020009080239B04228DD2B23900CB
:10330000200001F04EF8608D0028BBD131002A006A
:10331000200000F046FF01000ED120202268D0617D
:1033200022685368B84D1D405560220040325070ED
:103330000020002393701070481E8041C043C00FCE
:1033400000E0022005B0F0BD00200080FEB582B094
:10335000050040304178202900D0F7E00A99002983
:1033600002D00B9F390003D1802189004160C1E068
:103370004021695C012900D1E8E00121017005F0DC
:1033800037FC0600802424022868806920401CD075
:1033900032001921280000F085FF002800D0A9E0A4
:1033A00005F026FC801B1928ECD9286880690440A8
:1033B000E8D028004030202142680A434260417032
:1033C000002100228270017094E02C0001960C9E76
:1033D0002220210040314870402021004031887077
:1033E00000202100403148600A9860626785002013
:1033F0006063B048009000236846028AD2B2018917
:10340000200000F0CEFF019A3100200000F098FE6D
:1034100000281BD168468589008A012809D0280A1E
:1034200021688862019A3100200000F089FE00289E
:103430000CD1EDB220688562019800903300002223
:103440004021200000F03DFE002803D00020402154
:1034500060544FE09848618DFF290ED9FF212185E6
:10346000009080235B04FF2268460189200000F061
:1034700098FF68460789019D07E0618D21850090CE
:1034800080239B04228DD2B2EEE700953300002208
:103490000421200000F015FE00282BD12068406A8E
:1034A000616A0870606A401C60622A49208D401879
:1034B0002085628D51186185618D002928D0000416
:1034C00026D10095330000228021200000F0F9FD74
:1034D00000280FD1608DFF280ED9FF20208520689D
:1034E000B905890D42681C4B13400B431B49194316
:1034F00041600DE001202AE0608D208500200090D1
:1035000080239B04228DD2B23900200000F049FFB5
:10351000608D0028B9D131002A00200000F041FE62
:1035200001000ED120202268D06122685368364DF8
:103530001D405560220040325070002000239370DF
:103540001070481E8041C043C00F00E0022005B04B
:10355000F0BD0000FFFF0000009C00FC0000FF0128
:10356000FBB4050040356978202949D10799002925
:1035700002D0089C260004D18020800068600120D1
:103580003FE00668B7693F043AD44027C75D012F82
:1035900036D06F463B8001232B7021236B70402374
:1035A000AB7000236B600385416244854349C1626F
:1035B0004349416369468988E960D4B23F88012F55
:1035C00004D1B4620022D2432A6102E0120AB2623C
:1035D0002C61026854683B4E26408905890D3143B1
:1035E0006C4624882406240A0C4337492143516041
:1035F0002B7000680168F2220A430260002000E09C
:10360000022003B0F0BC704700E800FEFBB40500E8
:1036100040356978202949D10799002902D0089CB2
:10362000260004D180208000686001203FE0066809
:10363000B7693F043AD44027C75D012F36D06F46A3
:103640003B806B469B8801272F7022276F70402795
:10365000AF7000276F60416244851849C162184904
:103660004163EB60D1B26C462488012C03D1B16276
:103670000021C94301E0120AB262296101684A6867
:10368000104C14409A05920D22436B461B881B0672
:103690001B0A1343802292011A434A602F7000686C
:1036A0000168F2220A430260002000E0022003B019
:1036B000F0BC704700200080002400800000FFFF65
:1036C00071380008009800FC00200001F8B586B0B1
:1036D00000240194040040346478202C00D085E05C
:1036E0000468A469240400D580E04024045D012C12
:1036F0007CD00124402544552424050040356C70BD
:103700000024050040356C608905890D394C0C4357
:103710000494394C0C43039404000592029300274F
:10372000FF43E068012801D1039800E00498216874
:10373000486005F05DFA226893699906C90F93699C
:10374000DA06D20F029D060006E020688269910623
:10375000C90F8069C206D20F0A4309D1BD42F4D015
:1037600005F046FA801B854234D3002DEDD131E0BF
:103770000295102520688069284015D00096029B8C
:1037800000222021200000F09CFC00282CD1206881
:10379000C56120202168C8610198401C01900198F2
:1037A00005998842BDD315E0029B00960022202196
:1037B000200000F086FC010007D120202268D061A3
:1037C00022004032507000201070481E8041C043DB
:1037D000C00F0CE0200040302021202242704268BF
:1037E0001143416000210170012000E0022007B078
:1037F000F0BD00000028000200200002026891696C
:103800001268436B002B00D1704780B5984701BD0B
:1038100070B501688A690B461B68802464002242E7
:1038200006D01D0604D5456C01262E434664CC61A6
:10383000A1000A4207D01C0605D5446C0825254383
:1038400045640468E16149080A4007D01A0605D5B5
:10385000426C0223134343640268D161416C0B2222
:103860000A4001D000F05EFB70BD4121405C704712
:10387000F8B5040099480D004021615C012901D18F
:103880000220F2BD260040360121317010211700C0
:103890000D420BD00F4209D02068C161706804212D
:1038A00001437160200000F0E8FB78E004210D4244
:1038B00008D0394006D0042085432068406A616AF8
:1038C00008700DE002210D4219D0394017D0206850
:1038D0000021C94332698A420DD1616A0978816247
:1038E000606A401C60623448218D09182185618D11
:1038F0000818608553E03269826231614FE04021EF
:103900002A061BD50F4219D0608D002812D0208DB9
:1039100000280FD1608DFF2806D9FF2020850020C8
:1039200000908B04FF2235E0608D20850020009000
:10393000CB042DE0200000F0F5FA30E00D422ED04F
:1039400039402CD04221C943727828231340282BB8
:1039500001D0F221C9432268126811402268116027
:1039600021680A68F42313430B607178222900D17F
:103970005B48618DFF2906D9FF21218500908023B6
:103980005B04FF2206E0618D2185009080239B046B
:10399000228DD2B2F16889B2200000F002FD202011
:1039A000054205D0384003D02900200000F029F955
:1039B00000203070F2BD0000FFFF000038B50400A9
:1039C000E06A4023E35C012B01D1022032BD2500D7
:1039D000403501232B702023194205D0134003D01A
:1039E000200000F08FF976E0102319422DD01A4202
:1039F0002BD0628D002A18D16A78282A06D15A0560
:103A0000904203D1200000F05BFA64E06978292934
:103A100008D13449884205D02068C361200000F0F5
:103A20002CFB55E02068C36155E02168CB616968D3
:103A300004220A436A60002802D0190588424AD14C
:103A40006968200000F06EFA45E00423194219D09D
:103A5000134017D0618D00290DD02168496A626A30
:103A60001170616A491C61621F49228D52182285BA
:103A7000628D51186185618D00292CD119498842C8
:103A800029D025E00823194205D0134003D0200097
:103A900000F02CF81FE0022319401CD013401AD06C
:103AA000618D00290ED0606A007821688862606AA2
:103AB000401C60620C48618D09186185218D0818D1
:103AC000208508E080214904884201D0002802D1E5
:103AD000200000F053F80020287032BD0020008044
:103AE000002400800000FFFFFFFF0000F8B5030086
:103AF0001C0040341D68607828210140282938D1F5
:103B0000A869C003C10FFE20AA69170C0740AA6864
:103B10009205920DEE683040DE68022E1CD106261A
:103B20003740BC46D7093E40B4450BD1A068401C85
:103B3000A060A068022820D10020A0600826EE61C5
:103B4000207012E02A461268B825AA431D682A6030
:103B500000222270020008E028460068B822904344
:103B60002A461060002020703A00180005F046F840
:103B7000F1BD0820E86100202070F1BD38B5016872
:103B80000A6803004033002400259D70550402D5C7
:103B90000A685A4D03E0120403D50A68584D1540CF
:103BA0000D605978292914D1282128225A70212200
:103BB00002634222D2435D782940282901D0F222B3
:103BC000D24301680D682A400A601C7005F017F89E
:103BD00031BD59782A2913D1282128225A7022224E
:103BE00002634422D2435D782940282901D0F4227F
:103BF000D24301680D682A400A601C7005F000F885
:103C000031BDF8B5040020272068C7612500403584
:103C1000687821280ED14220C0436A7828231340B7
:103C2000282B01D0F220C04322681368184010608E
:103C3000112010E0687822280ED14420C0436A7811
:103C400028231340282B01D0F420C0432268136896
:103C5000184010601220206320684268B04B134067
:103C60004360002666632448E0621020014205D0CC
:103C70002268D0616868042202436A60687860281C
:103C800006D1480704D52068406AC0B20090009869
:103C9000200000F0F2F968686978602901D00028F6
:103CA00004D06968200000F03DF9F1BD6878212852
:103CB0000FD16F702663A87840283046A8702E7008
:103CC00003D1200003F041FDF1BD200004F099FF75
:103CD000F1BD687822280ED16F702663A87840283D
:103CE0003046A8702E7003D1200003F02DFDF1BDE9
:103CF000200004F087FFF1BD0000FFFFFFBFFFFFC2
:103D0000FF7FFFFFF0B583B00400206800680290D9
:103D10000091E06A019025004035687820272168ED
:103D2000CF610026212801D0292807D16878206892
:103D30000168FA229143016021200AE0222801D083
:103D40002A2808D1687820680168FC229143016024
:103D50002220206309E0282807D168786878206845
:103D60000168FE2291430160266320684168BA021F
:103D70000A43426020684168694A0A404260200064
:103D800000F07BF90298400406D520680168AC4A2F
:103D90000A400260A06B08E0029800040AD520687F
:103DA0000168A84A0A400260E06B002802D000685F
:103DB0004068608504200099014012D00099814339
:103DC00000912168496A626A1170616A491C6162E6
:103DD000218D002905D09C4A89182185618D89187B
:103DE0006185618D002902D06968014369601021F5
:103DF000009A0A4033D0029A0A4030D0628D002ADD
:103E00001ED16878282808D101984A05904204D12B
:103E10000099200000F054F821E0687829280CD19E
:103E200001989D4A904208D02068C161200000F0AE
:103E300024F92000FFF7A2FE11E02068C1610EE026
:103E40002268D1616968084368600198002802D03F
:103E5000F904884203D16968200000F063F800206B
:103E6000A8706663686800280BD06968200000F0BD
:103E700059F86878282821D10099200000F020F80E
:103E80001CE0E06A844988420BD02000FFF776FEF0
:103E90008148E0626F7026632E70200004F0B3FE4C
:103EA0000CE0687822286F7026632E7003D1200002
:103EB00004F0A6FE02E0200004F0A1FE03B0F0BD75
:103EC00038B5754AC26200220263030040332024E1
:103ED0005C7000249C7042630424214012D001686D
:103EE000496A456A2970416A491C4162018D00296D
:103EF00008D0554D49190185418D491941855968A9
:103F00000C435C605978597801680C68FE25AC4315
:103F10000C6010210468E1611A7004F074FE31BD78
:103F200000E800FE70B504002500403568780026E2
:103F30000022AA70584AE262002262856A68114330
:103F40006960282803D0292801D02A2813D14620C7
:103F500028216A780A40282A00D0F6206A780A4088
:103F6000282A00D0F6202268136883431360697002
:103F70004A4860631FE06878687820680168FE221C
:103F800091430160200000F078F86878602811D033
:103F900020202021697021688A6902400AD01022FD
:103FA0008B69134004D0CA61696804220A436A60BD
:103FB0002168C8616663206BA16B00291BD01128A2
:103FC00001D0212817D120680168490403D5016870
:103FD0001B4A0A400260A06B04F058FE01282BD057
:103FE0002F48A16B88632E70A06B04F00DFE002893
:103FF00025D0A06B1DE0E16B00291DD0122801D057
:10400000222819D120680168090403D501680D4AE6
:104010000A400260E06B04F039FE01280CD0204811
:10402000E16B88632E70E06B04F0EEFD002806D093
:10403000E06B816B884770BD200000F007F870BD11
:10404000FFBFFFFFFF7FFFFFFFFF000010B5010074
:10405000303100224123C35C602B08D1202341244E
:1040600003550A604021425404F013FE10BD0A605B
:104070004021425403F06AFB10BD00688169890742
:1040800001D500218162012182690A4002D1826941
:1040900011438161704700000000FFFFBD39000837
:1040A000A540000880B5806A816B002901D00022FC
:1040B0008A63C16B002901D000228A63FFF7C6FF23
:1040C00001BDF8B50092002405000F001E0028680D
:1040D00080693840B84201D1012000E000200099F9
:1040E00088422BD1069A3100280000F0DBF8002826
:1040F00010D10020C0438642E9D004F079FD069932
:10410000401A864208D2286880693840B84206D1F1
:10411000012005E00120F2BD002ED8D1F3E70020F8
:1041200000998842D3D128004030202142680A43B8
:1041300042604170002181700470EBE70020F2BD05
:10414000F8B5022604000D00170020688069304091
:1041500025D13A002900200000F0A4F800280DD154
:104160000020C0438542F0D004F042FDC01B8542D0
:1041700006D2206880693040E7D104E00120F2BD1A
:10418000002DE2D1F5E720004030202142680A43AB
:10419000426041700021002282700170EEE7002031
:1041A000F2BDF8B5202504000E00170020688069D4
:1041B000284020D13A003100200000F073F8002898
:1041C00001D00120F2BD04F013FDC01B864204D2D1
:1041D000206880692840E9D102E0002EE6D1F7E7A7
:1041E0002000403041682943416045700021002291
:1041F00082700170E5E70020F2BDFEB500240600E4
:10420000403607000091019215E0706004F0F0FC68
:104210000199401A009981423ED220000BD13868A2
:104220008069054007D1202071680143716070707A
:1042300000203070012404253868806928402ED180
:1042400020002CD1019A0099380000F02BF80028AA
:1042500000D00124396888698006D7D52000D5D1DF
:1042600000208A692A4003D03A8D002A00D0002419
:104270008A69D206C9D51022CA61756020223968C0
:10428000CA6139684B68514C1C404C607270002107
:10429000B17030700124B9E70029CCD1BDE720000E
:1042A00003B0F0BDFEB50600002430688369002528
:1042B00017001022134040D0C261009131E020006D
:1042C00033D100980021C94388422AD004F090FCE1
:1042D000C01B0099814201D3002922D13068416876
:1042E00032004032927883691B040BD58023DB01B6
:1042F000194007D1202A05D041680B43436004F0E0
:1043000077FC0700019620260198006880693040FC
:1043100006D104F06DFCC01B1A28F5D3202501241A
:10432000019E316888698006C9D52800002C01D11A
:104330002022CA6104250543012430688169802256
:104340005200114202D001242543C2619000014273
:1043500005D02A00082515433268D06101244008A1
:10436000014006D0290002250D433168C8610124AF
:1043700001E0200012D03000FFF77FFE3068416876
:10438000124A0A4042603000403041680D434560A7
:10439000202141700021002282700170200003B0B2
:1043A000F0BDF0B4049C00684568660D084F3743C3
:1043B000BD438905890D12040A4313431C43610060
:1043C000490829434160F0BC7047000000E800FE46
:1043D000FF63FF0310B5040004F080FC010020001F
:1043E000C96A884710BDF8B505000C002F69002088
:1043F000C043C01B012801D804F07AFC7F1C0022B6
:104400003900280000F0B2FA002808D02E692800F0
:1044100000F0A4F984553900280000F012FB2800B0
:10442000F2BD10B504008C4204D00023DB4300220F
:1044300004F0D4FA200010BDF8B50E001500316963
:10444000A94201D204F054FC07004C1B9C4200D945
:104450001C0038690021C943091A8C4201D304F0B9
:1044600047FC002C19D000190090002201463800AA
:1044700000F07CFA002810D0300000F008FA45194E
:10448000380000F06BF9220029003B69C01800F0E9
:104490001FFC0099380000F0D4FA3800F2BD70B566
:1044A000040008001500066900F0F1F933002A0045
:1044B0000100200004F021FC70BD38B504000D009F
:1044C00003F0B1FA00220021200000F006F82900D4
:1044D0002000FEF714FC200032BD70B5040015006A
:1044E00000290CD060690F2809D92668002D03D057
:1044F0003100200000F0ECFB300004F033FC0F2012
:10450000606125610020605570BD38B505000C0064
:10451000A5421AD000220121FFF7DFFF60691028B1
:1045200006D22269521C2100280004F023FC03E07B
:104530002068286000202060206928616069686127
:10454000002200212000FFF7C8FF280032BD70B50F
:1045500004000E001500300000F01AF903002A00D4
:104560003100200004F0C9FB70BD0268531C0360D9
:10457000117070471206130A1A43130C1A4300BF36
:10458000094205D083070FD00270401C491EF9D1A3
:10459000704700000022F3E7002205E01206130A2C
:1045A0001A43130C1A4300BF1300103906D330B45A
:1045B0001400150010393CC0FCD230BC490700D3B0
:1045C0000CC000D504C0890002D30280801C0029E1
:1045D00000D5027070472E000CB418B583B00400EB
:1045E0000A0006A8029001940020009002AB01A9E5
:1045F000084878441E3004F0D1FB0021019A117064
:10460000002801D40198001B04B0019910BC03B02C
:10461000084700BF57FFFFFF10B50100264842685A
:104620000B68D4431C400BD044681C4344601A40C0
:104630000A608168002901D1FEF702FB012010BD4C
:10464000002010BDF8B50400EFF3108572B6207994
:10465000002804D00020207185F310882AE0174F2D
:104660001748006880003858818001261448016886
:104670000120884021680143216011494968814334
:104680000F4841608068002802D10D48FEF7D8FA33
:104690000B48006886402168314205D0B143216053
:1046A00085F310880020F2BD0021800038588180F9
:1046B00085F310880120F2BDD40A0020B00A002042
:1046C000D40A0020F8B504000D00280000F060F8BE
:1046D00006002900200004F06FF9002809D020000E
:1046E00000F03CF833002A1A21002000FFF7A4FE56
:1046F000F2BD20690021C943091A8E4201D304F09A
:10470000F7FA002E14D0871900223900200000F09B
:104710002DF900280CD0200000F020F832002900EC
:104720002369C01800F0D4FA3900200000F089F99C
:104730002000F2BD38B504000D000020206160614A
:10474000002200212000FFF7C8FE0023DB430022E7
:104750002900200004F042F9200032BD41691029EF
:1047600000D30068704710B5040004F0B7FA0100E8
:1047700020000969884710BD10B5040020698842EF
:1047800001D204F0B5FA200000F05BF9200010BD62
:10479000431C0178401C0942FBD1C01A7047FEB58A
:1047A00004000F001500089E194604F005F90028C2
:1047B0000DD02000FFF7D2FF01960299081A009051
:1047C00023002A003900200005F0A7FA54E02069F0
:1047D000B84201D204F08CFAC11BA94200D20D00EC
:1047E000401B0021C943891B884201D304F080FA91
:1047F000C01B0190AE4210D22000FFF7AFFF0100B6
:104800006069102801D3206800E02000019AC919CE
:104810004919C019801904F0ADFA280030432AD094
:1048200020698019401B009000220146200000F002
:104830009DF800281FD0B5420ED26069102802D31F
:104840002168080001E021002000019AC9194919D6
:10485000C019801904F08EFA6069102801D320680D
:1048600000E0200032000299C01900F031FA0099EE
:10487000200000F0E6F8200003B0F0BD10B5040001
:1048800004F02CFA01002000096A884710BD416934
:10489000102900D300687047F8B50F000169B942CC
:1048A00001D204F025FA1400C91BA14200D20C0069
:1048B000069D00932600AC4200D92E00FFF7E7FFCB
:1048C00032000099C01905F007FB002806D1AC4260
:1048D00002D20020C043F2BD00D00120F2BD38B5A5
:1048E00004000D002800FFF753FF00902B00226901
:1048F00000212000FFF7D0FF401E8041C00F32BDD5
:10490000BAB5EFF3108772B6174D04000EE02968B0
:104910000120884021680143216069688143696002
:10492000A868002802D12800FEF78AF9207A4142BF
:10493000C9B2E029EBD020280FD000980078A17AE6
:104940006118C872A07A401CA072207A401C2072A4
:10495000A07A202801D10020A072201DFFF75CFE64
:1049600087F31088B3BD00BFD40A0020FEB50D0048
:104970000021C9438D4201D104F0BAF904006769EE
:10498000AF4245D22069019000900F262E438E42FF
:1049900001D12E0011E03000032100F075F87908F4
:1049A00088420AD2606940080121C943091AB94204
:1049B00001D33E1801E00126F643701C01D1002707
:1049C00002E005F099FA07000098002809D0606914
:1049D000102801D3216800E02100009A380000F07F
:1049E00077F9002201212000FFF777FD2760102EC4
:1049F00001D3384600E02000666100992161002162
:104A0000019A8154681E8041C043C00F03B0F0BDBD
:104A1000002A0BD0102D09D220692A00854200D926
:104A2000020001212000FFF758FDEBE7002DE9D13E
:104A3000102F01D3216800E02100002020610870C0
:104A4000E4E74269102A01D3026800E00200016134
:104A5000002050547047F446002804D4494200F026
:104A600013F8404260474042002905D45FD000F06F
:104A70000BF8404249426047494200F005F849427C
:104A8000604703460B43E6D40022030A8B420BD255
:104A900003098B4219D243088B422ED2411A00D20D
:104AA0000146524110467047FF2209023FD01206CC
:104AB0008B4205D3121209028B4201D31212090252
:104AC00003098B4219D300E0090AC3098B4201D3C1
:104AD000CB01C01A524183098B4201D38B01C01A0A
:104AE000524143098B4201D34B01C01A5241030981
:104AF0008B4201D30B01C01A5241C3088B4201D330
:104B0000CB00C01A524183088B4201D38B00C01ADC
:104B1000524143088B4201D34B00C01A5241884294
:104B200000D3401A5241CFD201461046704708B513
:104B300005F0F6F908BD4300FCB587B00C00150080
:104B4000002B01D0002119600390064600E0761C7E
:104B50003078FFF793FE0028F9D1300001782D2935
:104B600001D02B2903D16A461170401C02E02B2191
:104B70006A4611700194002D03D4012D01D0252D1A
:104B800004DB002C55D00398206052E0002D0ADD94
:104B9000102D16D10178302913D1417820220A43F3
:104BA000782A0ED10AE00178302901D00A2508E0E0
:104BB000417820220A43782A02D11025801C00E087
:104BC0000825069000E0401C01783029FBD0002425
:104BD00005902B4A7A44A83228326B465A700295C7
:104BE000049F05000494264E7E44943608E0049405
:104BF00069464978471AFFB202984443E4196D1C8C
:104C0000287805F08EF9029A01003000283005F06E
:104C100091F90028EBD1029938002F002500049C5F
:104C2000069ABA4207D10198002802D00398019948
:104C30000860002022E0059ABA1A735CD21A002A92
:104C400011D405DC281A03D3FFF71EFFA0420AD0B7
:104C500005F085F90898002802D00120089908601D
:104C60000025ED4305E0684600782D2801D1684213
:104C700005000198002800D00760280009B0F0BDA9
:104C8000104A010080B50023FFF756FF02BD80B532
:104C9000FFE70A220021FFF7F5FF02BD70B4103ACA
:104CA00003D378C9103A78C0FBD2530701D318C98F
:104CB00018C001D508C908C0D20704D30B880380E7
:104CC000891C801C002A01D50B78037070BC7047CA
:104CD0008B0701D18307E1D0124205D00B78491C24
:104CE0000370401C521EF9D17047704770B5050023
:104CF000404E00228021C900300005F0FDF900225D
:104D00000421300005F0F8F9002280214900A0209C
:104D1000C00505F0F1F90024374844700122411C18
:104D2000032005F063FAD02040002D186C61AC61BF
:104D3000324804600020324908600021314A03C231
:104D40002874687430490870304908703049087018
:104D50003049087030490870E870304908703049AF
:104D6000087030490870304908703049087030497F
:104D70000870304908706871A8712F490870A870D0
:104D8000E87228732D4908702D49087068732870DF
:104D900068702C490870A8732B490870A8722B49B9
:104DA00008702B4804702B48006802F099FD010040
:104DB000294805F033FA2949086029480178E12299
:104DC00012015143427813019A1A9200891880788F
:104DD0000818E8610122D103300005F08DF90120A7
:104DE000204A107020490870204800682049086057
:104DF00070BD000000040050F05E0020EC5F002059
:104E0000E45F0020605F0020CA600020BF600020D7
:104E1000AE600020AC600020AD600020CE600020BD
:104E2000CF600020CD600020B0600020B160002085
:104E3000C7600020B2600020B3600020D060002076
:104E4000D2600020B7600020B9600020C16000205F
:104E5000C0600020BC5F002000007A44E85F0020B2
:104E60003C5E0020BE600020DC600020805F0020EF
:104E7000F05F0020F8B50400CA4805F03AFA0028AF
:104E80002BD0C9480078002800D0C9E2200002F0E9
:104E9000F1F80024C5490C700120C5490870C54DC2
:104EA00000228102280005F027F9002204212800B1
:104EB00005F022F9002280214900A020C00505F05C
:104EC0001BF9BD4844700122411C032005F08EF9F6
:104ED000BA48006805F0DFFAF1BDD24805F009FADA
:104EE00000281DD0D0480078002800D098E2FF208C
:104EF000A2302018C178002909D18179002900D079
:104F00008EE20121C170200001F044FFF1BD0021BB
:104F10000022C27081710421A64805F0EDF8F1BDB0
:104F2000C24805F0E6F9002869D0BF48007800289B
:104F300000D075E29C490878002840D1BC48007830
:104F4000002832D0022830D000D369E2D748007858
:104F500000280ED0D648007800280AD1EFF310813F
:104F600072B6D448006981F31088E221490060508C
:104F7000F1BD012008700020FF21A23161184870A6
:104F80008D48417802220A4342700122411C0320CD
:104F900005F02CF9200001F009FDEFF3108172B645
:104FA000C448006981F31088DFE7C3480078401ED9
:104FB000012800D934E2200000F09CFAF1BD002065
:104FC0000870FF21A23161180870012048707A48EA
:104FD0004178FD220A4042700122411C032005F065
:104FE00005F9200001F024FDEFF3108072B6B149FD
:104FF000096980F31088E22040002150F1BDCB48C0
:1050000005F077F900286AD0EFF3108072B6A9494D
:10501000096980F31088E22040002150CC480078D4
:10502000012800D1FCE180480078002800D0F7E199
:105030007F480178012900D1F2E19F490A78012ACD
:1050400000D0EDE1C34A1268002A00D0E8E1974A97
:105050001278002A00D0E3E102220A700025FF2224
:10506000A232A218D5730078022801D1BA4800E014
:10507000BA480068BA490860200001F033F92000FE
:1050800001F0F8FF49480570012549490D704A4C67
:1050900060782021014361700122611C032005F02A
:1050A000A5F860781021014361700122611C032082
:1050B00005F09CF86078FB21014061700122611CC1
:1050C000032005F093F86078082101436170012204
:1050D000611C032005F08AF8C5480570F1BDD14870
:1050E00005F007F900286BD0EFF3108072B6714914
:1050F000096980F31088E22040002150944800782C
:10510000012800D18CE148480078002800D087E1D0
:1051100047480078012800D182E1674800780228DA
:1051200000D07DE18B4F3868002803D0BE4800785E
:10513000012804D12000216889688847F1BDAC4E60
:1051400030780838022800D86AE11B4D68782021A1
:10515000014369700122691C032005F047F8687853
:105160001021014369700122691C032005F03EF8FB
:105170006878FB21014069700122691C032005F059
:1051800035F868780821014369700122691C032001
:1051900005F02CF8002038606D490870012030704F
:1051A000D1E000BFF80A0020B1600020DB600020E1
:1051B000DA60002000040050F05E0020DC5F002078
:1051C0009A4805F096F8002834D0EFF3108072B6B4
:1051D0003849096980F31088E220400021501248C4
:1051E0000078002800D01BE111480078012800D188
:1051F00016E131480078022800D011E155480068D6
:10520000002800DC0CE152490878002800D007E1B2
:10521000012008700721764A1170854A117085496E
:105220000870F1BD100B0020AE600020A00B002024
:10523000CA600020804805F05CF800283ED0EFF3FB
:10524000108072B61B49096980F31088E220400083
:1052500021503F480078012800D1E1E077480078EC
:10526000002800D0DCE0A04D2878012800D1D7E04C
:1052700011480078022800D0D2E09C4841780422EE
:105280000A4342700122411C032004F0AFFF314861
:1052900001682A78002A02D0022A02D04DE02F4A63
:1052A00000E02D4A1268891847E000BFB560002071
:1052B000B3600020D40A0020DC6000208C4805F098
:1052C00018F800284ED0EFF3108072B6A94909698A
:1052D00080F31088E220400021501D48007801280A
:1052E00000D19DE055480078002800D098E07E4D20
:1052F0002878012800D193E09F480078022800D048
:105300008EE07A48417804220A4342700122411C0F
:10531000032004F06BFF0F4801682A78002A02D0AE
:10532000022A05D009E00D4A03E000BFB80B0020B7
:10533000094A126893009A188918904A12688A429A
:1053400000D211000160200000F0CCFFF1BD00BFD1
:10535000B2600020EC5F0020885F0020845F0020A6
:10536000F05F0020864804F0C4FF002821D0EFF34E
:10537000108072B67F49096980F31088E2204000EE
:1053800021502E48007800284AD15748007800283C
:1053900001D0022844D178480078012805D002289D
:1053A0003ED17848007801283AD1200000F048F832
:1053B000F1BD754D280004F09CFF00281AD07348F9
:1053C000007800282CD11320694608707048FFF738
:1053D00097FAEFF3108472B66E4D2800FFF71CF9B0
:1053E000002801D10120287184F31088F1BD00BF8D
:1053F000DE600020280004F097FF002810D06348EA
:10540000017800290CD101210170EFF3108072B6F0
:105410005849096980F31088E22040002018816211
:10542000F1BD00BFD00B0020CE600020E80B0020B3
:10543000DF600020B8600020000C0020AE6000207B
:10544000F8B5060054480068012841DBAC480078F4
:1054500000283DD1254CA020C00580214900A94F3E
:105460003A78002A1FD10125A74B1D703D70D0232B
:105470005B00F554A54A1278A54B1A70012204F07E
:105480003BFE6078054365700122611C032004F037
:10549000ADFEEFF3108072B63649096980F31088CB
:1054A0009C48016014E0002204F026FE6078FE2192
:1054B000014061700122611C032004F097FE00206E
:1054C000387091490870D0214900711808704870EF
:1054D000EFF3108072B62749096980F31088D02055
:1054E000400030184162F1BDCA600020F05E00202B
:1054F000180C0020F8B504002748006801282EDBAE
:105500008048007800282AD101257D490D70FF20B0
:10551000A23027183D7000267E70200001F0AAFD01
:105520007D4806707D490D7013480078012809D127
:105530007B480078012805D1B878002802D1BD70D9
:10554000784805707848417802220A434270012267
:10555000411C032004F04AFE200001F027FAEFF37B
:10556000108072B67149096980F31088E22040000A
:105570002150F1BDD40A0020DC600020F45F00203F
:10558000300C0020B7600020480C0020C0600020D4
:10559000745D0020505F0020EC5F002010B564496E
:1055A000097808295BD0092900D17EE06149097892
:1055B000002900D0A3E0FF21AC31441858490978F4
:1055C000002920D1EC2149004118584A2378002BAA
:1055D00011D1EFF3108072B6126980F310880A605F
:1055E0005148002141700122411C032004F0FEFDBE
:1055F0000120207010BDEFF3108372B6126983F39F
:105600001088096874E0002020704B48007800285A
:1056100025D1454C60782021014361700122611C35
:10562000032004F0E3FD6078102101436170012242
:10563000611C032004F0DAFD6078082101436170E9
:105640000122611C032004F0D1FD60783B49096808
:10565000012902DB0421014320E0FB211DE0324C43
:1056600060782021014361700122611C032004F055
:10567000BDFD6078EF21014061700122611C0320B3
:1056800004F0B4FD6078FB21014061700122611CCF
:10569000032004F0ABFD6078F72101406170012226
:1056A000611C032004F0A2FD10BDEC21490041184B
:1056B000FF22AC3284181D4A6378002B11D1EFF31E
:1056C000108072B6126980F310884A601648002173
:1056D00041700122411C032004F088FD012060700C
:1056E00010BDEFF3108372B6126983F31088496816
:1056F000511A824A914202D301688968884710BDD5
:10570000B1600020C7600020C6600020A2600020B9
:10571000C8600020E05F0020DB600020DA6000202D
:10572000CB600020AF600020F05E0020D40A002093
:10573000DE600020D2600020B2600020EC5F00201C
:10574000FEB504006E486F490978002934D101780C
:10575000C91F032930D9FF21AE316118CA7813005F
:105760000CD0042A0ED0082A10D00C2A12D0102AED
:1057700014D0142A16D0182A18D01BE00122027067
:10578000CA7817E002220270CA7813E0032202707E
:10579000CA780FE004220270CA780BE0052202707A
:1057A000CA7807E006220270CA7803E0012202707C
:1057B000002200E0521CCA700078401E092800D95F
:1057C0009AE002A1095C49008F4400BF050E172032
:1057D00029323B44848E8E488E490978002901D1B4
:1057E0008D4987E08D4985E089488A4909780029F3
:1057F00001D189497EE08A497CE08548854909785C
:10580000002901D1844975E0864973E080488149C7
:105810000978002901D180496CE083496AE07C481D
:105820007C490978002901D17B4963E07F4961E027
:10583000774878490978002901D177495AE07C49AD
:1058400058E0734873490978002901D1724951E041
:1058500078494FE0F420400026183B382718764D51
:10586000387800280DD17549694804F07DFEEFF3C2
:10587000108072B6296980F3108831600120387079
:1058800020E0EFF3108072B6296980F31088306849
:10589000081A1A49884215D36948006802F020F8AE
:1058A00005006848008802F00BF80100280004F0A9
:1058B000B5FC02F021F800900191634A6349544815
:1058C00004F052FE6248026862480168200000F05D
:1058D00025FB11E04E4C6049200004F045FE5F4975
:1058E000200004F083FE07E04A480078002803D136
:1058F0004949474804F038FE03B0F0BDB80B00003A
:10590000DE600020D2600020F8B50600FF20B23033
:10591000305C010006D0042811D009283AD00D28A7
:1059200045D046E03A4C4E49200004F01DFE4D495A
:10593000200004F05BFEFF20B230305C39E0344FD1
:105940004949380004F010FE7620305C6946087042
:105950007720315C484204F0AFFE02000B000020CB
:10596000424904F0B3FE04000D0041480188684636
:105970000078484304F0A0FE22002B0005F01CFA3A
:1059800002000B003B49380004F030FEFF20B2302B
:10599000305C0EE01E4C3849200004F0E5FD37492C
:1059A000200004F023FEFF20B230305C01E0002034
:1059B00000E0401CFF21B2317054EC204000301850
:1059C0001D492F4C2278002A11D1EFF3108272B6B4
:1059D000096982F3108801602A4800214170012280
:1059E000411C032004F002FC01202070F1BDEFF304
:1059F000108272B6096982F310880068081A224979
:105A00008842F3D33000316889688847F1BD0000CF
:105A100024590020CB6000205C8E0108D48E010840
:105A2000E88E0108FC8E0108108F0108248F010800
:105A3000388F01084C8F0108D40A0020608F0108BC
:105A4000845F002094600020488E0108108E0108B9
:105A5000EC5F0020E45F0020748F0108888F01084C
:105A60009C8F0108B08F0108C48F010800002440FA
:105A700096600020D88F0108EC8F01080090010883
:105A8000D1600020F05E002010270000F8B58AB039
:105A9000B0490978002907D0AF4CB049200004F084
:105AA00063FDAF49200005E20890D0214900441869
:105AB0002078012802D1AB4841780FE0A078012876
:105AC00014D1BF480078002810D1A6484178BD4ABB
:105AD0001278012A02D102220A4301E0FD220A4083
:105AE00042700122411C032004F080FB60780028F2
:105AF00002D09C4841780EE0A078012813D1B2482A
:105B0000007800280FD197484178AE4A1278012AD0
:105B100001D10A4301E0FE220A4042700122411CE9
:105B2000032004F063FBB7480078012803D0022863
:105B300000D129E1C0E1A4480078012800D127E183
:105B4000B1480078002802D0012825D0C5E0B64829
:105B500005F0F4F9002801D0B4A100E0B4A1B548E3
:105B60004078002801D0B4A200E0B1A2B348007888
:105B7000002801D0B2A300E0ADA3B248B24CE57852
:105B8000059565780495A478039402910192417873
:105B900000910278AD4962E0AD480078002801D05C
:105BA000AC4997E0AC480078002801D0C84991E0A2
:105BB000C8480078002803D0022854D017D38CE0BE
:105BC000C548006801F08CFE0400C448008801F05C
:105BD00077FE0100200004F021FB01F08DFE009013
:105BE0000191BF4ABF495C4804F0BEFC75E0934D8B
:105BF0002878002801D092A300E08DA3914F7878F7
:105C0000914C924EE178049161780391A1780291D0
:105C1000019000903A783100B348FEF7DDFCB349BB
:105C200008802878002801D085A500E080A5787834
:105C30000990AF48006801F053FE01F05DFE069048
:105C40000791E078049060780390A078029009981A
:105C50000190099800902B003A78310024313E4899
:105C600004F082FC39E0A348A3499F4F4A7803928D
:105C70000978029141780191007800909F4800686E
:105C800001F02EFE04009548008801F019FE010085
:105C9000200004F0C3FA01F02FFE02000B00984927
:105CA0003800FEF799FC3C00964D07263B2120006A
:105CB00005F0F0F904002878002801D0641C05E004
:105CC000002C03D0611CE01E05F0EEF9AD1C761E21
:105CD000ECD13900204804F047FC7E4800780028C9
:105CE00003D0022801D041D3E6E0874803C8002949
:105CF00000D091E0002800D08EE07B4CBF4D83485F
:105D0000006801F0EDFD06007448008801F0D8FD40
:105D10000100300004F082FA01F0EEFD00900191E4
:105D20007B4A7C482978C90041182000FEF754FCC2
:105D30002878002800D1C3E02E21200005F0AAF920
:105D4000002800D1B4E03D49097800290CD1202178
:105D5000ADE000BFBC60002024590020AC8E0108DB
:105D6000C08E0108F05E00202E21A0E0A44800684B
:105D7000A44904F053FA01F0BFFD02000B0066498C
:105D8000A14804F033FC97E00F480078012806D1C1
:105D90009E4802789E499C4804F0E6FB8CE09D48B2
:105DA00000780028089802D0FFF7AEFD84E0FFF7E6
:105DB000F5FB27480078002808D026490BE000BFF3
:105DC000B1600020A7600020C76000202248007852
:105DD000002804D03E498C4804F0C6FB6CE00898CB
:105DE000FFF7AEFC8C4800788C490978014301D15B
:105DF0008B495EE08B4800788B490978014305D0D8
:105E00008A4956E0DC600020DD6000203E4803C87F
:105E1000002901D1002821D03C4802687848016857
:105E2000089800F07BF847E09B60002086000000A7
:105E30002000000028550020A6000000A6600020D9
:105E40003A0000008C5E0020D85F0020C492010858
:105E5000AE600020988E0108B5600020224C674D8E
:105E60002A48006801F03CFD06001C48008801F04B
:105E700027FD0100300004F0D1F901F03DFD009054
:105E80000191234A23482978C90041182000FEF7D0
:105E9000A3FB2878002813D02E21200005F0FAF863
:105EA000002805D062490978002907D12021017016
:105EB0002146554804F09AFB0BB0F0BD2E21F6E7C1
:105EC0005B4800780028F3D12020E073F0E700BFA2
:105ED000848E0108CA600020805F0020946000204A
:105EE000488E0108108E0108E85A002092600020B8
:105EF000C05F0020505E0020645E0020885F0020AC
:105F000030930108D15E0020605F0020EC5F00202C
:105F1000508E0108F88D0108348E0108F8B508008C
:105F20001700384904F07AF9060005F0F7F805F093
:105F300047F9642801D2002416E001006439E12207
:105F40009200914201D20A240EE03A4941183A4A9D
:105F5000914201D2142407E0384940183849884258
:105F600001D21E2400E02824364D300001F0C4FC8C
:105F700002000B00344801192800FEF72DFB040035
:105F80001E4E380001F09CFC07003048008801F0EC
:105F900097FC0100380004F041F901F0ADFC02006B
:105FA0000B002B4831784F0079184900411864B232
:105FB0002819FEF711FB3078002818D04C21280052
:105FC00005F068F800280BD02E21401C05F062F87F
:105FD000002805D016490978002906D12021017032
:105FE0002900094804F002FBF1BD2E21F7E7104813
:105FF00000780028F4D12020E873F1E79C600020AD
:10600000E45F002000007A4424590020C86000208A
:10601000E48D0108D0600020CB600020D260002019
:10602000708E0108CE600020CF600020888F0108AC
:10603000A660002018FCFFFF28230000F0D8FFFF17
:10604000905F0100E85A0020E09901089460002068
:10605000208E0108F8B50400974805F0BDFC050046
:10606000964805F003FD002D2BD0002813D0092001
:10607000694608709248FEF743FCEFF3108572B64C
:10608000904E3000FEF7C8FA002801D1012030718F
:1060900085F310882AE0012D28D10A20694608706E
:1060A0008748FEF72DFCEFF3108672B6854D280069
:1060B000FEF7B2FA002801D10120287186F310887A
:1060C00014E0012812D10B20694608707C48FEF7C5
:1060D00017FCEFF3108672B67A4D2800FEF79CFA93
:1060E000002801D10120287186F3108876480178B4
:1060F000012910D1EFF3108172B6744A126981F34D
:106100001088E22149006118896A511A704A914247
:1061100001D300210170BC480078012802D0022878
:1061200022D024E0200001F0BFF8200000F08AFA1D
:10613000200000F0FFFA200000F000FCB3496548A1
:106140000278002A096807D1002910DD01210170B9
:10615000D120400021540AE0002908D1D1235B005E
:10616000E3185970017002E0200000F061FBC74F96
:106170003878002830D058480078002835D00025DD
:1061800056490D70D12040002618F57054490D7005
:106190003D70200000F04CFC9D480078012802D1A1
:1061A000200000F09FF8200000F064FF200000F0C5
:1061B00099FF98490D70012097490870B571002228
:1061C0000102A020C00503F097FF9448457001220A
:1061D000411C032004F00AF83F480078002804D04E
:1061E0008F4805F0DCFC00BFF1BD8E4D28780128FA
:1061F00009D119218C48FEF725FA002803D0200088
:1062000000F016FC52E0200000F010F9200000F031
:10621000D9FD9F48007800280BD0200000F02AFF0D
:10622000200000F05FFF00207A49087001207A49C1
:1062300008707748007801280DD12878002839D0D7
:106240003878002836D1EFF3108072B61F490969FB
:1062500080F310880DE06D480068002811DD387863
:10626000002827D1EFF3108072B61849096980F32E
:106270001088E22040002058081ABD49884219D3EE
:1062800014E061480078022814D13878002811D130
:10629000EFF3108072B60D49096980F31088E2208F
:1062A00040002058081AB249884203D320002168D0
:1062B00089688847F1BD0000D4030020F003002066
:1062C000745D0020505F0020C0600020D40A0020D0
:1062D000C0270900D3600020AE600020B06000201D
:1062E000C7600020F8B584B00600944F6748007876
:1062F00000280BD03868800702D47868800702D560
:10630000022038607860052005F07FFC994830C88D
:10631000994803C802AA03C29848026801963A48FD
:106320000078012802D002280FD049E038480078D0
:10633000002803D0022825D00ED341E090480668FB
:106340003248006870438F4922E0314800780028C5
:1063500011D0022816D033D2FF21A631701801784F
:1063600000292DD1012101708548066886480468FE
:106370007443E51711E082480668244800687043BA
:10638000824905E07E4806682048006870438049DD
:106390000968FEF776FB0400C51702A830C020008C
:1063A000290001F079FA0100A04805F051FC0090A5
:1063B000300001F095FA0100009803F02FFF020071
:1063C0006C4830C002A803C86B4B03C36B48026023
:1063D000019800F0BDFC019800906946944805F0D2
:1063E0008FFC2A48007800280BD002203968014031
:1063F00002D17968014001D038607860052005F04D
:10640000FBFB05B0F0BD0000DC600020EC5F00206D
:10641000CA600020DB600020DA600020F05E00200F
:10642000A05E0020B3600020285F00208149097829
:10643000012900D1704738B57F4C2178002924D03C
:1064400005007E480278FA20800042437C480168BB
:10645000280000F075F8002817D00022802149009C
:10646000A020C00503F048FEAB484178FE220A4058
:1064700042700122411C032003F0B8FE002020706E
:10648000D021490069180870487031BDB160002002
:10649000B5600020F8B50400A048007800284AD074
:1064A0009F4EA04F344D0CCD083D324803C850409C
:1064B000594000292CD100282AD1EFF3108072B660
:1064C000396980F310883068081A9749884232D3B6
:1064D000CD48017800292ED1012404708E484170E6
:1064E0000122411C032003F081FE08206946087048
:1064F0008E48FEF705FAEFF3108572B68C4E300029
:10650000FEF78AF8002800D1347185F3108812E074
:10651000EFF3108072B6396980F310883160EFF3C1
:10652000108072B6396980F31088E2204000215053
:10653000104803C803C5B4480078F2BD0C180240E7
:1065400030B4EFF3108372B6764C256983F310886C
:10655000E2235B00C550EFF3108072B62369591A2D
:1065600080F3108891428041C043C00F30BC704717
:10657000C0D40100605F0020685F0020E45F00205D
:10658000BC5F0020805F0020C05F0020845F00208F
:10659000885F002038B505009C4804F0EAFC01F053
:1065A00025FA41B29A4A11707F20C04381420ED130
:1065B00098480178002938D101210170964909785D
:1065C000012901D100BF31BD0021017031BD934CC3
:1065D0002800934A0023D256891A0322D2439142BB
:1065E000217816DA002920D1012121708A49097801
:1065F000012901D100BF01E000212170EFF31081DA
:1066000072B6484A126981F31088E6214900425067
:1066100031BD012909D1C14AE62149004158FFF79E
:106620008FFF002801D00020207031BD00007A4487
:106630005C5A0020CA600020C7600020A2600020D1
:10664000E05F0020F8B5EFF3108272B675490B7960
:10665000012B00D00023040082F31088002B1ED0F1
:10666000DA204000251870482A680368D2182A608A
:106670006E4A1368006818181060EFF3108072B645
:1066800000220A7180F310882000FFF72BFEEFF341
:10669000108072B62349096980F310882961EFF3ED
:1066A000108072B69E4E3179012900D0002180F30E
:1066B000108800292FD0DA2040002418994801685A
:1066C0002268891801609849096822688918964AE1
:1066D0001160964F39682268891839600025256055
:1066E0000168934805F042FB8F480168914805F026
:1066F0005DFB3968904805F079FBEFF3108072B6C6
:10670000357180F31088EFF3108072B6054909697E
:1067100080F310882161F1BDF05E0020B16000209F
:1067200014600020D40A002010270000745D0020AF
:10673000505F0020F8B5EFF3108272B699490B79DB
:10674000012B00D00023040082F31088002B1ED000
:10675000DC204000251894482A680368D2182A6073
:10676000324A1368006818181060EFF3108072B690
:1067700000220A7180F310882000FFF7B3FDEFF3C9
:10678000108072B69C49096980F31088E960EFF3C4
:10679000108072B6994E3179012900D0002180F322
:1067A000108800292FD0DC20400024185D480168A3
:1067B0002268891801609249096822688918904AFC
:1067C0001160904F3968226889183960002525606A
:1067D0000168574805F0CAFA894801688A4805F0F7
:1067E00025FB3968894805F041FBEFF3108072B64C
:1067F000357180F31088EFF3108072B67E49096915
:1068000080F31088E160F1BDAE6000209B60002045
:10681000C5600020AC600020A1600020AD600020B9
:106820009D600020005F0020785F0020EC5F00206A
:1068300077490978002900D17047F0B585B00390F9
:1068400000F018FC002673480670012572490D708F
:10685000724F734801683A68891804910421714A9B
:10686000118004990160704C0020C0430290042004
:10687000019004A8009002233622A0216B48FCF767
:1068800061FC002804D12670052005F033FB00E0F0
:106890002570244801683A6889180160244805F089
:1068A00065FA9F4C60782021014361700122611CD0
:1068B000032003F09BFC6078EF210140617001220E
:1068C000611C032003F092FC6078FB2101406170A1
:1068D0000122611C032003F089FC6078F72101404C
:1068E00061700122611C032003F080FC484806709F
:1068F0000399D12252008D5428008A490D708A488C
:106900000570EFF3108172B68848006981F3108832
:1069100003992232885005B0F0BD0000A0BB0D00E5
:10692000085F00209C5F0020A05F0020AC5F00207B
:10693000586000205A6000205E600020F8B5344E98
:10694000317800292DD00700794C3448016822683D
:10695000891801603800FFF7C5FC2168754C206874
:1069600040182060744D28684018286073480268F9
:1069700051180160724805F019FA2168714805F054
:10698000F5F92968704805F031FA00203070EFF30E
:10699000108072B66549096980F31088E2204000D2
:1069A0003950F1BD105F00207C5F002010B502213E
:1069B000664A13680B4002D153680B4001D0116046
:1069C00051600400052005F017F9012060490870A6
:1069D000EFF3108072B60849096980F310885D48AA
:1069E0000160012291025C4803F086FB0020D42163
:1069F0004900605410BD0000D40A0020185F002038
:106A0000A45F0020B05F00205C6000206060002078
:106A1000CD600020DB600020DA600020EC5F002009
:106A2000A85F002086600020585F0020685B00207F
:106A3000F8B584B0002449490C7039484178FD22EA
:106A40000A4042700122411C032003F0CFFB0022C8
:106A50008021C900404803F04FFB02203B490A68EF
:106A6000024002D14A68024001D008604860052017
:106A700005F0CBF8EFF3108072B60021A34A117134
:106A800080F31088A24DA3480168280005F0E0F8C3
:106A900004F044FB290003F0C1FB9E490860A84EA6
:106AA0003168280005F0D4F804F038FB290003F021
:106AB000B5FB03900425A3490D8003983060A24ED6
:106AC0000027FF430297019503A80090022322228A
:106AD000A021C948FCF736FB002804D134700520FA
:106AE00005F008FA01E0012030708A480068039040
:106AF000964805800297019503A8009002231E2264
:106B0000A021BD48FCF71EFB002804D134700520ED
:106B100005F0F0F901E00120307005B0F0BD000093
:106B2000F05E0020D2600020B7600020D40A002070
:106B30001C6000209C5F0020AC5F0020A05F002054
:106B40005A600020586000205E6000200C1802404F
:106B5000B36000201460002000040050B1600020E9
:106B6000F8B50400964D280003F0D5FB002804D1A9
:106B7000280003F0C7FB00283FD0AF48007800286A
:106B800000D08FE00125AC490D70200000F0AAFA7A
:106B9000200000F06FFA0020A84908702800A849DA
:106BA0000D70EFF3108172B6A648026981F3108868
:106BB000E021490061180A60D3225200A3181A7814
:106BC000002A6FD1EFF3108272B6006982F3108849
:106BD00008611D700720694608709B48FDF790FE0C
:106BE000EFF3108772B6994E3000FDF715FD0028BF
:106BF00000D1357187F3108854E08F4E307800282B
:106C000050D0934AE020400021582000FFF798FC24
:106C1000002847D0280003F087FB002842D0002539
:106C2000357001268B48007801280ED1200000F035
:106C300059FA200000F01EFA80480570804806705E
:106C4000D3204000201885702CE08348007800286D
:106C50000ED1200000F036FA200000F0FDF977494F
:106C60000E7077480570D32040002018867019E018
:106C7000D320400020188078002808D0200000F0A1
:106C800021FA200000F0E8F90120002606E02000AB
:106C900000F028FA200000F0EDF9002067490870A4
:106CA00067480670D32040002518287801280BD1AA
:106CB0006A4AE0204000201801692000FFF740FCEC
:106CC000002801D000202870687800281AD1644C70
:106CD000200003F020FB002804D1200003F012FB69
:106CE000002803D001205F49087003E05D48007868
:106CF000002807D0200003F017FB002802D0002056
:106D0000584908704C480078F2BD0000285F002008
:106D100000401C46905F0020FF21A831415C002903
:106D200000D0704780B550490968504A12689142B6
:106D300005D14F490968002901D000F02BF801BDA9
:106D4000945F002054600020585F002052600020B3
:106D500038B5040047480568002D19D0FF20A83039
:106D6000205C002814D144480068444903F056FAD6
:106D700000F03CFEA8420BDB2900FDF782FE002953
:106D800006D13B480068002802D0200000F002F83D
:106D900031BD000010B504000120FF21A83160546E
:106DA00001220421364803F0A7F9EFF3108072B6F0
:106DB0002449096980F31088EA204000215010BD61
:106DC000700B002010B5D22149004418E178002949
:106DD00011D027490A68FA2189004A43216BFFF73D
:106DE000AFFB002807D00020E070207000220421B3
:106DF000234803F081F910BD685B002003B58BB018
:106E000000200090019002900CA880780390302020
:106E100068440078401E06900CA84078401E0490FC
:106E20000CA8C07864300590684605F077F8069A9B
:106E3000A04B1A700DB000BDB5600020DB600020D3
:106E4000DA600020D40A0020745D0020505F00202A
:106E5000204E0000CA600020B3600020A0BB0D00DF
:106E6000880B0020B6600020F85F0020FC5F002047
:106E700000600020985F0020905F002000007A44AE
:106E8000000400508C49096809688C4A914200D07E
:106E90007047F8B58A4904000878002805D0022810
:106EA00000D1A3E000D2A8E0F1BD8C480078012811
:106EB00057D1924802788A4B1D7895422ED19D7801
:106EC0008678B5422AD15D784678B54226D1DB78FE
:106ED000C078834222D18A48006800281ED0974893
:106EE0000378002B1AD101250D70057000269448F7
:106EF0000660D120400027183D702000FFF7F2F90E
:106F0000200000F0EFF8200000F0B4F897490E7070
:106F10008C490D70BE7196480570F1BD8A480078A5
:106F2000012800D097E08948072300268657B242FF
:106F300008D14578012D05D18E4D2D688E4E3668CD
:106F4000B54203DA801C5B1EEFD12EE08B4E366813
:106F5000B542F7DA02200870012578490D7088489B
:106F60002AE07948007801281FD1784A072363482E
:106F7000057800269657B54208D15578012D05D1E0
:106F80007C4D2D687C4E3668B54203DA921C5B1E40
:106F9000EED10AE0794E3668B542F7DA0220087081
:106FA000012566490D70764806E06448017800299D
:106FB00051D10125057073480068614908602000BF
:106FC000FFF790F9200000F07DF86F480078012865
:106FD0003FD1200000F040F864490D70002059496D
:106FE0000870D12040002018857132E061480068A7
:106FF000624A126890422EDB0DE04048634A937863
:107000008578AB4227D243785578AB4223D3C078FA
:10701000D27890421FD300260E70012547490D708B
:1070200058480068464908602000FFF75BF92000D7
:1070300000F048F85448007801280AD1200000F0F8
:107040000BF84A490D703F480670D12040002018C7
:10705000857147490D70F1BD80B590480078401E9C
:107060008041C043C00F00218D4A11708D490870C6
:1070700001220CE080B589480078401E8041C04361
:10708000C00F8749087000208649087000228021BF
:10709000A020C00503F030F801BD8048007800282A
:1070A00007D000207F4908707D49087001209C4965
:1070B00008707047C9600020DC5F00209405002044
:1070C000CA60002094480078401E8041C043C00F31
:1070D0000021924A11709349087070479E60002009
:1070E000CC5F00208C480078401E8041C043C00F18
:1070F0008A49087000208B4908707047D85F0020CB
:10710000C05F002084480078002807D0002085490F
:10711000087082490870012083490870704710B5D3
:107120005E4C2178002907D1183004F08BFF401EF7
:107130008041C043C00F207010BD0000BF60002020
:10714000F05F0020DA6000209F600020D05E002009
:1071500010B5714C2178002907D1703005F00EFA76
:10716000401E8041C043C00F207010BDDB60002076
:10717000DD600020F85F002004600020086000202F
:10718000885F0020805F0020DC600020D05F00204E
:1071900038B50400414D2878002803D12000FFF7BE
:1071A000BEFF27E02000183005F052F800281FD15C
:1071B0003B4D2878002804D02000183005F021F835
:1071C00016E0384D2878002804D02000183004F04C
:1071D000F6FF0DE0524D287800280BD02000183023
:1071E00004F030FF002028702000FFF743FF01E08B
:1071F00000202870484D2878002803D12000FFF790
:10720000A7FF31BD2000703005F022FA002842D1DE
:10721000464D287800280BD04548007801283CD1FD
:107220004448006881B22000703005F083F932E0F4
:10723000414D2878012807D13E48006881B22000DE
:10724000703005F02BF926E0344D2878002804D062
:107250002000703005F017F91DE0324D2878002825
:1072600004D02000703005F009F914E02E4D287884
:10727000002809D02000703005F080F90020287027
:107280002000FFF72FFF31BD2C480178002904D0E2
:107290000021017031BD0020287031BDCC6000207C
:1072A000D7600020D8600020F8B504002100E43148
:1072B000088800220A8000282CD01E490A6812186B
:1072C0000A601F4E3168091831601E4F396809186D
:1072D00039601D4D2968081828602000FFF702F862
:1072E00031681A4804F042FD3968194804F09EFDDF
:1072F0002968184804F0BAFD0120D12149006054E2
:10730000EFF3108072B61449096980F31088E22007
:1073100040002150F1BD0000CB600020D46000206F
:10732000D9600020D5600020D6600020AF6000202A
:10733000DC600020EC5F0020B8600020B960002015
:107340009C5F0020A45F0020B05F002058600020F8
:107350005C60002060600020D40A002080B5C83046
:1073600005F0C2FC01BD704738B5040001250120BD
:10737000002C4FD02920205C002807D12821605400
:10738000882000026060200005F0E2FD0220292133
:1073900060542068C168C90639D4CA2141625320AB
:1073A00021684862200000F04DF9010019D12068E1
:1073B0008169A04A0A40826120688169A2680A4303
:1073C00061691143E2690A438261206921680861A9
:1073D00020680169E26812040A430261200000F09B
:1073E00052F901000DD121688A69D200D2088A6160
:1073F00021688A69636A1343226A1A43A3691343A3
:107400008B61FF2122685162010003D100E000205E
:107410002921655432BDF8B504000F00150028205D
:10742000205C012801D10220F2BD012628216654EA
:10743000022029216054CA20216848625320216813
:107440004862200000F0FEF801003AD128002168CF
:1074500040223D000028886912D1024001D100205D
:10746000E870287800F04BF90704687800F047F9D5
:10747000000238430700A87800F041F938430AE0D9
:10748000024001D10020E8702878000469780902E0
:107490000143A8780843E978890501436648084014
:1074A0002168086020688169644A0A408261206816
:1074B0008169EA680A43296911438161200000F06B
:1074C000E2F8FF2122685162010001D129216654AE
:1074D00000212822A154F2BD10B4006883684B60DB
:1074E00003695B045B0C8B6003685348184083029C
:1074F0009B0E0B70030A4B708870800DC870002AB9
:1075000018D108780F2203099C00E3185B00104093
:1075100018180870487803099C00E3185B001040B5
:1075200018184870887803099C00E3185B00024033
:1075300098188870002010BC7047F8B50400282007
:10754000205C012801D10220F2BD0F000125282175
:1075500065540220292160547878002A33D1C1066D
:1075600003D5EF2101400A317970F87800F0C7F8AF
:107570000604787800F0C3F8000230430600B878BB
:1075800000F0BDF8304339784E030643CA20216825
:107590004862532021684862200000F053F801003F
:1075A00006D12748304021684860200000F06BF881
:1075B000FF2122685162010001D129216554002177
:1075C0002822A154F2BDF978090400020843B978D1
:1075D0000143387846030E43D8E710B40068436887
:1075E00017481840030CCB70C304DB0E4B70887037
:1075F0000004400F0870002A18D1C8780F22030930
:107600009C00E3185B0010401818C8704878030904
:107610009C00E3185B001040181848708878030934
:107620009C00E3185B00024098188870002010BC92
:1076300070470000BFFF8FFB7F7F7F00FFFFFBFFD6
:107640003FFFFF00F8B5040000252068C168490627
:1076500017D4C16880220A43C26001F0C9FA032628
:10766000070008E001F0C4FAC01B3249884202D387
:107670000325292026542068C068400601D4032D24
:10768000F0D12800F2BDF8B5040000252A480168B1
:1076900080229143016026492027C2683A4013D1D5
:1076A0002068C16001F0A4FA06002068C068384074
:1076B00008D101F09DFA801B1E498842F5D30325AD
:1076C000292025542800F2BDC268BA43C260206850
:1076D000C16001F08DFA06002068C068384008D10A
:1076E00001F086FA801B13498842F5D3032529202F
:1076F000255428001049CA681743CF60F2BD002105
:1077000001E0491C0A38C2B20A2AFAD20901084328
:10771000C0B270470068CA21416253214162816949
:10772000802292020A438261FF2141627047000079
:107730005F000100E90300000C2800400068806938
:107740008021C9020840704770477047704705F0B4
:1077500035FC00F044F805F045FC01F09FF905F018
:10776000F5FC05F095FD05F0A3FB05F03BFE01F0EF
:1077700099F905F019FE05F0FFFC05F0FBFE3D4808
:1077800006F064F8EFF31080012181F310882021C6
:10779000394A13680B43136080F31088EFF31080AD
:1077A000012282F31088354A13681943116080F36F
:1077B0001088022032490A68024002D14A68024019
:1077C00001D008604860052004F01FFA00202D4910
:1077D00008602D480068006800F08AF900BF30B5E5
:1077E00091B0342104A8FCF7D7FE6846002100229E
:1077F000002300241EC08020800006F043F906F01C
:1078000069F9224801681822914301600D20049013
:10781000802040020590012006900A9002240B94DB
:1078200003200C9000250D9510200E9040030F9022
:107830000003109004A806F055F9002801D000F0CC
:1078400029F80720009001940295039502216846CB
:1078500006F038FB002801D000F01CF811B030BD54
:1078600000680B49884200D0704780B506F058FC8C
:1078700001BD00002459002000380140004C0040A8
:107880000C180240D40A0020B00A00205C1002400C
:107890000048014072B6FEE7BD22094210D003D471
:1078A000521E00184941FBD5D20501288041401CD9
:1078B0000143080A0906494100D301295041704794
:1078C0009D2102000AD002D4491E9218FCD5C90598
:1078D000100A1206524100D3012A484170470000A5
:1078E0009D210200EED55242F446FFF7EBFF012244
:1078F000D207104360477047012212060118CA429E
:107900000AD28A420DD83822120609098918C20FF4
:10791000D20711434007704700D0490809090143C5
:1079200001E0C10FC90700207047F0B40E005E40AF
:107930000125ED072E40B446AE0ADF184C18F4427C
:107940003BD2F74241D2640D43D07F0D38D0E41BC7
:10795000C902DB0229432B43CF0ADB0A0600B61A11
:107960009F4104D2641EB6197F41B6185F41681268
:10797000800D24180018844222DCE80C0021B6197E
:107980007F41B61A9F4102D2B6185F413F1C404169
:107990004941F4D3241C21DD2405B6197F41B61AD0
:1079A0009F4105D33743C60737430026012F704157
:1079B000614166463143F0BC7047FCD1F74205D2C5
:1079C0000020C14349054908F3E704D00020C14322
:1079D000F1E77F0DFAD000206146ECE72442FAD1AE
:1079E000401C61410F03F6D30020E2E70122D207D9
:1079F0000118090E7F3910D449421F310FD40018E5
:107A000005D2C0011043C84000D5D0437047C00123
:107A10001043C84005D440427047002070470042E0
:107A2000F3D5100070470021016141617047704734
:107A300038B505000C00A54205D0286840198047DC
:107A40002D1DA542F9D131BDF8B504000F00150078
:107A500000BF00BF1C480168002900D11B491C4A17
:107A6000914201D3002601E00E000C31016000BFFD
:107A700000BF002E01D10120F2BD37607460B560F7
:107A80000020F2BD80B51049124800F001F801BD98
:107A9000F8B50D682E0002D1F1BD884710E007004F
:107AA0000C0001E005002E00BE42F5D00C3E7168CE
:107AB0000800F9D00020706030680028EDD08847B9
:107AC00020688542F0D0EDE728600020E0600020CB
:107AD000C0620020E060002007239943091F802333
:107AE0005B040B600B1F1A603C390160704700009B
:107AF00002003C480168FF231B040B430360946BA6
:107B0000403282F30988022080F31488BFF36F8F1C
:107B10003349884762B62047FEE70000F8B5EFF327
:107B2000108072B6304CA168491CA16080F31088A7
:107B3000EFF31080009072B600F032FCEFF3108388
:107B400072B62069401C2061284808210668B58863
:107B5000002D0AD0B5886D1EB5802D0405D165684D
:107B6000B6790127B7402F436760001D491E0029E1
:107B7000ECD183F31088009880F31088EFF3108025
:107B800072B6A168491EA16002D080F31088F1BDD1
:107B90006268514211400A011143154A8B01194391
:107BA0000B04591A890E515CE1602268914203D09E
:107BB000802149050F4A116080F31088F1BD094802
:107BC00001680902090A802212060A4302600A4873
:107BD0000A4941600021816007210160704700006F
:107BE000BF7B000820ED00E0D40A0020B00A00208E
:107BF0000C98010804ED00E010E000E0FFF900003F
:107C000010B5884C884B0022884821182000FBF7CB
:107C100007F8874B01228748211840082018FAF7F7
:107C2000FFFF854B02228548211882482018FAF769
:107C3000F7FF834B05228348211880482018FAF764
:107C4000EFFF814B0722814821187E482018FAF760
:107C5000E7FF7F4B06227F4821187C482018FAF75F
:107C6000DFFF7D4B03227D4821187A482018FAF760
:107C7000D7FF7B4B04227B48211878482018FAF75D
:107C8000CFFF10BD38B50500774C00222100FFF76B
:107C900023FC002275492800FFF79FFC2800FFF70E
:107CA0004DFD012802D12078401C2070EFF3108098
:107CB00072B66F494A686F4B1C68D543254005D0A2
:107CC0004D6825434D6022401A6001E00121197181
:107CD00080F3108831BD000080214901884200D026
:107CE000704730B4EFF3108072B661494A68624B56
:107CF0001C68D543254005D04D6825434D60224082
:107D00001A6001E00121197180F3108830BC7047BE
:107D1000FEB5022804D08021490188426BD07EE064
:107D2000564D03CD083D564A1278002A05D0002250
:107D3000401C514103C5083D5DE04D4C002901D177
:107D4000002844D0401E91416A4603C24D48006855
:107D5000C1176A460CCA06F0EBF94B4A1268D317F2
:107D600006F01EFA4949086049480768494E3068DC
:107D7000390006F053FA3060474E3068390006F09B
:107D80004DFA3060454E3068390006F0D7FA03D816
:107D900006F07CFA020000E00022684603C803C532
:107DA000083D3260EFF3108072B661683C4A136898
:107DB000CD431D40002D05D065681D436560194009
:107DC000116001E00121117180F3108813E0EFF3DD
:107DD000108072B66168334A1368CD431D40002D90
:107DE00005D065681D4365601940116001E00121FF
:107DF000117180F31088EFF3108172B61C4842684D
:107E00001D4B1C68D543254005D04568254345607A
:107E100022401A6001E00120187181F3108803B03C
:107E2000F0BD0000E00C0020A97E0008080800005A
:107E30009981000810100000DD810008181800006A
:107E40002982000820200000658200082828000000
:107E500095820008303000000583000838380000A3
:107E600033830008404000008C5E0020D85F002073
:107E7000D40A0020F85E0020485F0020605F0020E8
:107E8000B4600020F05F0020BC5F0020EC5F0020A9
:107E9000E85F0020905F0020945F0020E45F0020F6
:107EA000205F0020285F002084B002F04DF9B14827
:107EB000FEF770FBB04806F0DBFA06F0D9FBAF48DE
:107EC000029000200090AE4D0126AA4FCFE000980E
:107ED000AC49087003F0A6FEC6E03800FEF740FE8D
:107EE000D5E0A9484078002800D1E0E0112069469B
:107EF000087101A9A548FCF703FDA5494E70D6E01D
:107F0000009980F3108800290BD00098A0494860A0
:107F1000EFF3108072B60099AE4A117180F31088A9
:107F200005E09B494868401C4860C82850D29848E2
:107F30000078012852D097480078002800D08EE0C1
:107F4000B5480078002800D17FE0B34800780128C8
:107F500000D084E08E4CA078002800D07FE0002282
:107F6000F103AE4802F0C8F80022B102AB4802F0BB
:107F7000C3F800220121984802F0BEF80022310225
:107F8000A020C00502F0B8F800228021A020C00582
:107F900002F0B2F83800FFF76DF83800FFF7A2F8EA
:107FA00000989F49487001229E49032002F01EF963
:107FB0000120A070EFF3108472B62846FCF72CFB6A
:107FC000002802D101202946087184F3108846E078
:107FD00000984860029804F057FFA8E7A848007886
:107FE000032802D03800FEF7D5FA9D480078012812
:107FF0001ED1614C200006F0BFFAA24908602000A3
:1080000006F0CCFAA0490860A04800214456002C94
:108010000EDD9C480068FFF7E9FC40B2844203DBB8
:1080200000989B49087003E099480178002903D023
:108030000098574908707EE7067014206946087159
:1080400001A95248FCF75CFCF2E7C3480078AA4952
:108050000978012901D1002837D0012855D0494895
:108060000078002800D032E7A44803F098FD0A20E9
:10807000FAF71EFE3800FEF70DFA81480078032853
:1080800005D09F4800680068B84200D125E79C4CA5
:1080900020680068016809688847206800680168EE
:1080A000C96888473A484078002800D119E7206815
:1080B0000068B84200D03AE7EFF3108072B6454945
:1080C0000979012900D01BE71BE7EFF3108072B696
:1080D000A249096980F31088A14801600022F103D8
:1080E0004E4802F009F800989E4908703800FEF7E3
:1080F000D4FF3800FFF706F8029804F0C5FE009898
:108100007D490870012094490870EFF3108072B621
:108110009249096980F3108891480068081AFA2189
:10812000C900884200D210E73800FEF795FF3800FA
:10813000FEF7C8FF0122D103384801F0DDFF30000F
:1081400088490E700098124988700098324908706A
:1081500000986949087000987F490870EFF310840F
:1081600072B62800FCF758FA002800D12E7184F36B
:108170001088EAE694050020F05600205C060020F6
:10818000505F0020BD60002028550020745D002055
:10819000E85E0020AE600020734CE1273F01734D84
:1081A000734E00213000FCF74DFA28787843697847
:1081B0000A01511A89004018A97840186D490860D1
:1081C0002000FEF75FFE2000FEF7A6FD6A4803F0E0
:1081D000E6FCE6E7405F0020000C005082B0474F0D
:1081E000664C674D03E0E070380003F0D8FCFA22DB
:1081F0006946280006F0A8FD002803D00098016811
:1082000049688847E078401CC1B20429EBD10020BE
:1082100001212170E7E70000BC600020000400504D
:10822000F05E0020F15E0020EFF31080012181F369
:10823000108854490A68202313430B6080F3108888
:108240002E4C494D1920FAF733FD2800FEF7A0FF08
:108250006420FAF72DFD200003F0A1FCF2E70000F6
:10826000A3600020254E484C484D00212800FCF713
:10827000E9F92000F8F770F9300003F090FCF4E71A
:10828000CA6000202060002024600020A46000203C
:10829000C160002082B0194F3D4E3E4D3A4C07E080
:1082A000684601782000FAF7D9F9380003F077FC26
:1082B0002000F7F74DFF002802D06078002803D196
:1082C0000A20FAF7F5FCF0E700212800FCF7BAF9DC
:1082D00000226946300006F087FD684600781028C5
:1082E00002D0112804D0DBE72000FAF75BF8DCE7C6
:1082F0002000FAF779F8D8E7BB600020A05E0020E4
:10830000DC5F0020184C2500E6351B4E01E03220D2
:1083100006E028780B2802D90C38F8D002E01920A2
:10832000FAF7C6FC2000FFF719F8300003F037FC1D
:10833000EFE7114E184D194C19212000FCF782F976
:10834000002804D001222900002001F041FF300064
:1083500003F025FCF0E70000BA600020D40A0020FA
:1083600010600020BE600020940500208C5E00207C
:10837000F85E0020F85F0020A05E0020E85E00208C
:108380005C5A00200044004028550020305F002047
:10839000745D0020505F0020F65E0020485F0020E2
:1083A000F8B51021A020C00501F09FFE411E8941B3
:1083B000C90FC64801F084FFC54C80210901200087
:1083C00001F093FE411E8941C90FC24801F078FFB8
:1083D0004021A020C00501F088FE411E8941C90F3F
:1083E000C44801F06DFFC44D8021280001F07DFEDE
:1083F000411E8941C90FC14801F062FF8026B601C4
:108400003100280001F071FE411E8941C90FBC48AE
:1084100001F056FFBB4D287820218143BA4801F076
:108420004FFF287801218143B84801F049FF28789F
:1084300002218143C04801F043FF28781021814385
:10844000BE4801F03DFF287804218143BC4801F07B
:1084500037FF287808218143BA4801F031FF287896
:1084600040218143B84801F02BFF2978802001404A
:10847000B64801F025FF3100200001F036FE411E14
:108480008941C90FB24F380001F01AFF7100200076
:1084900001F02BFE411E8941C90FAE4801F010FFCB
:1084A000AD4C380001F025FF002812D0EFF310800A
:1084B00072B66168A94A1368CD431D4005D065684E
:1084C0001D4365601940116001E00121117180F3C5
:1084D0001088C74D0026380001F026FF002809D07B
:1084E000EFF3108072B6216980F31088A960012033
:1084F000687002E06878012823D1EFF3108172B62A
:10850000206981F31088A968962292008918884210
:1085100017D330006E70EFF3108072B6616800916F
:10852000B4490A68009BDF43174006D063681343D1
:108530006360009B13400B6001E001220A7180F32D
:108540001088844801F0D5FE002815D0EFF3108084
:1085500072B661680091A8490A68009BDF43174022
:1085600006D0636813436360009B13400B6001E017
:1085700001220A7180F31088764801F0D5FE0028A8
:1085800009D0EFF3108072B6216980F31088E9609A
:108590000120A87002E0A878012823D1EFF3108110
:1085A00072B6206981F31088E968962292008918D2
:1085B000884217D33000AE70EFF3108072B6616856
:1085C0000091BF490A68009BDF43174006D06368EB
:1085D00013436360009B13400B6001E001220A71AA
:1085E00080F31088B7480078B74909780143B74845
:1085F00000780843B649097801431FD1B54800788F
:1086000000281BD1EFF3108072B6216980F3108827
:10861000B148814215D3EFF3108172B6206981F31E
:108620001088C649FCF730FA00290AD1C4480178FD
:10863000002903D0012904D1067002E00120C049BD
:108640000870E878BF490978022963D1BE490A78E1
:10865000BE4B1B78BE4F3F781F4325D009220A70BE
:10866000E870EFF3108172B6206981F31088FA2167
:108670008900FCF709FA002900D0C3E0BA48016874
:10868000491C0160B9480178012945D1B8490978E8
:10869000B04A1170EFF3108172B6226981F310882D
:1086A000B4490A60067041E0AB4B1B78002B01D047
:1086B0000822D4E7B04F3F78002F0DD1002803D116
:1086C0001046AE4A107001200A22C8E7F80A0020BE
:1086D00000040050280B00200028C0D00020A74A2A
:1086E0001278A74B1B78002BB9D1072A10D107228B
:1086F000B5E700BF100B002000080050700B0020F1
:10870000880B0020F65E0020A00B0020B80B002094
:108710003200A4E73000A3E79A480078012805D189
:108720008C480178002901D0491E017096480178D3
:10873000012915D1002114E0D00B0020E80B002006
:10874000000C0020180C0020300C0020480C0020E9
:10875000400B0020580B0020D40A0020005F0020AE
:108760000121017080480768380096214900FCF714
:108770008BF900291DD11120694608708348FCF748
:10878000BFF8EFF3108072B66168009180490A6803
:10879000009BDF431740002F06D0636813436360DC
:1087A000009B13400B6001E001220A7180F31088E6
:1087B00028E038003C21FCF767F9002922D110207D
:1087C000694608707148FCF79BF8EFF3108172B6A8
:1087D000606800906E480268009BDF431740002FDE
:1087E0000CD0636813436360009B1340036007E091
:1087F000C05E0020085F0020105F0020012202718F
:1088000081F31088EFF3108172B6206981F310882C
:10881000FA214900FCF738F9002905D15D480178B3
:10882000491E8941C90F0170EFF3108172B62069AA
:1088300081F31088FA21FCF727F9002913D1EFF30F
:10884000108172B654482022037AD21A81F310881C
:10885000120608D051490968002904D0096800911E
:10886000694603F04DFA4D48006800684C4988425B
:1088700051D04C48007801285BD14B4F3878002804
:108880002CD02878002806D1EFF3108072B6216929
:1088900080F3108831E0EFF3108072B6216980F325
:1088A00010886868081A322843D300228021090200
:1088B000A020C00501F020FC3A490E703E7037E060
:1088C000185F0020B0600020B1600020AE60002082
:1088D000B5600020BC600020881300003348007899
:1088E00033490978014324D02878002809D1EFF3CF
:1088F000108072B6216980F31088696001202870A9
:1089000017E0EFF3108072B6216980F31088686871
:10891000081AFA280DD3002280210902A020C005E0
:1089200001F0EAFB1F490E7020490E7020490E70BD
:108930002E70204803F033F9F1BD00BF983A0000D3
:10894000DD600020DC600020DE600020CE600020C2
:10895000CF600020C8600020D260002080B515489C
:1089600003F01DF901BD00000C600020C66000206E
:10897000A2600020E05F0020CB600020DF600020CC
:10898000B2600020C7600020A6600020745D002057
:10899000505F0020A76000205C5A0020DC5F0020B0
:1089A00008000020A8600020A9600020AA60002024
:1089B000AB600020A05E002000290BD04269102A85
:1089C00001D3026800E00200914203D3006910184D
:1089D000814201D30020704701207047F8B50D0097
:1089E00016002969B1420BD30400881B834200D9C9
:1089F00003001F00AC4230D1F0192169814201D23D
:108A000000F076F96169102901D3216800E02100A6
:108A1000206100250D5421698E4208D36069102819
:108A200001D3206800E020002561057033E0002EAE
:108A300031D06069102801D3206800E020008F1B2E
:108A40003A00811900F096F96069102801D3206876
:108A500000E020002761C5551DE0002239002000FC
:108A6000FBF784FF002816D06869102800D32D6812
:108A70006069102801D3206800E020003A00A9199D
:108A8000FCF726F96069102801D3206800E0200077
:108A900027610021C1552000F2BD704710B54D4C33
:108AA0004D4802E010B54D4C4D4820604D48606087
:108AB0000020A0600121E16020616061A061E061AF
:108AC00020622000FAF746F9002801D0FEF7E2FE06
:108AD0000021200006F0D8F9002801D0FEF7DAFEC8
:108AE0000021200006F0F7F9002801D0FEF7D2FEA1
:108AF00010BD30B58DB00400142100226846FBF78C
:108B000039FD1C21002206A8FBF734FD20683249FC
:108B1000884230D1202006900025099506A806F04D
:108B200003FA002801D0FEF7B5FE02202E4C216882
:108B3000014321602168084005900598C02080000D
:108B4000009012200190029503950620049069463A
:108B5000264801F019FA80208003A1680143A16032
:108B6000A16808400590059800220021172003F015
:108B70003FF8172029E01A49884228D101201A4CD1
:108B80002168014321602168084005900598C020B4
:108B900040010090122001900020029003900620D6
:108BA00004906946A020C00501F0EEF98020C003C2
:108BB000A1680143A160A1680840059005980022C2
:108BC0000021182003F014F8182003F015F80DB058
:108BD00030BD0000685B002000540040BC5B0020FA
:108BE000005800406621C1003410024000040050CB
:108BF00001484068704700BFE80A0020704770478E
:108C00007047704770477047F8B500210024012273
:108C10002523C35C022B03D00421C16301242EE071
:108C200003681D680E26B5431D6003681D689543E3
:108C30001D60456C144B2E681E402E60114D2E6831
:108C4000B4464026875D1C263E400127B740664655
:108C500037432F60C56C866C7560056D002D06D09E
:108C60002D682B40056D2B60836D456D6B60252352
:108C7000C25424228154816B002900D088472000EF
:108C8000F2BD000004000240FFFEFFFF2521405C12
:108C900070477047613807E005E0010061391A2923
:108CA00001D20120704741381A288041C00F704717
:108CB00001000939052901D3202801D1012070477D
:108CC00000207047010041391A2900D22030704736
:108CD000010061391A2900D22038704702487047D4
:108CE0000248704700000000980C0020600C002033
:108CF00080B5012006F0C8F901BDFEB504000D00E5
:108D000016002069002B03D1B04201D3300027E0C8
:108D1000864223D2801B984220D3C71A7F1C200092
:108D2000FBF7B5FD8619019400953C0003E0601B3C
:108D30008419641E6E1C220000980178300001F036
:108D4000F9F805000AD0029A009901F0C5F8002848
:108D5000EDD10198FBF79BFD281A01E00020C043EC
:108D600003B0F0BD002800D1704780B506F096F939
:108D700001BD7047814202D25318984203D300B517
:108D8000FBF7A6FF00BD521E03D38B5C8354521E1B
:108D9000FBD270470100202008437047FDB5B2B0F8
:108DA0003A98049102A93B22885400200D9027A8EC
:108DB000401C31900DE00498329A904704900028AE
:108DC00001D100F0D3FE0D98401C0D903398401C4B
:108DD00033903398017800290FD02529EBD100205A
:108DE0000790089009900A900B900C9002250121A1
:108DF000149108211291339C05E00D9800F0B8FE03
:108E0000010014980843641C21782029F8D02329F4
:108E10000BD02B2904D02D2904D0302908D00AE00A
:108E20002843F0E701000420ECE701000820E9E70F
:108E300001001020E6E72A290FD134990A68116849
:108E4000121D349B1A600F91002904D54A420F92DB
:108E5000010004200843641C12E000210F91644BC0
:108E600009E00F99994205DA8E00711849008918B6
:108E700030390F91641C2278110030390A29F0D35F
:108E800021782E2903D00021C9430E9126E0641CCD
:108E900021782A2908D134990A681168121D349B57
:108EA0001A600E91641C19E02D2901D1641C00E0A8
:108EB000002100220E920CE0002909D10E9A4C4E9E
:108EC000B24205DA9600B2185200D218303A0E9229
:108ED000641C23781A00303A0A2AEDD302A90887C5
:108EE0002678310040487844FF30401E02F0D2F826
:108EF000002801D0641C00E0002602A83A21465454
:108F0000682E04D1207868280BD1622005E06C2EF1
:108F100007D120786C2804D1712002A93A22885404
:108F2000641C18A80690207869460870601C33906D
:108F3000684604782000253833D01C3800D1CDE1B4
:108F4000001F022800D8C9E1133801D100F036FD16
:108F5000093800D1C2E1801E01D100F0CCFD401ED5
:108F600001D100F079FD401E022800D8B6E1001FB3
:108F700001D100F071FD401F00D109E1401E01D177
:108F800000F01CFD401E00D1F1E0C01E0ED0801E7E
:108F900001D100F013FDC01E01D100F00FFD00F063
:108FA000B6FD14980790252000F0ADFD34980068B8
:108FB0000468001D349908600594002C00D0C2E0BC
:108FC00002A83B21405C002800D1B6E00024E44325
:108FD00006487844163006F065F8201A01D000F0F3
:108FE000C5FD00F0A2FD00BF2C05010060050100D9
:108FF000CBCCCC0C01236A4602A9280000F072FEFB
:10900000002801D000F0B2FD641EF3D13295079D17
:1090100018AC002D0FD0329E21780498B0470490F0
:10902000002801D100F0A2FD0D98401C0D90641C99
:109030006D1EF1D132963020694608700A9C002CD2
:109040000DDD329D01236A4602A9280000F04AFE88
:10905000002801D000F08AFD641EF3D13295059CF2
:10906000089D002D0FD0329E21780498B0470490BF
:10907000002801D100F07AFD0D98401C0D90641C71
:109080006D1EF1D13296302769460F700B9C002C73
:109090000DDD329D01236A4602A9280000F022FE60
:1090A000002801D000F062FD641EF3D132950598CE
:1090B00008994418099D002D0FD0329E21780498FC
:1090C000B0470490002801D100F050FD0D98401CDD
:1090D0000D90641C6D1EF1D13296684607700C9C91
:1090E000002C0DDD329D01236A4602A9280000F004
:1090F000F9FD002801D000F039FD641EF3D132954E
:1091000002A83821405C400700D462E6202069466E
:1091100008700198002800DC5BE6019C329D012369
:109120006A4602A9280000F0DDFD002801D000F009
:109130001DFD641EF3D132954BE61B487844683020
:10914000059000F0F2FC0E9D002D03D52000FBF7EA
:109150001FFB09E02A000021200000F0EBFE0028A0
:1091600001D0001B00E02800089000F0DEFC3498DD
:1091700000680268001D349908600020C043002187
:10918000104002AA03C218A80590782100F0AFFC95
:1091900002A83B21415C002908D00024E4434B484D
:1091A0007844FF30293016E7C00301003A21405CC3
:1091B00062286AD0682819D06A2845D06C2806D061
:1091C00071284FD0742831D07A2821D06FE034989C
:1091D00001680868091D349A116000287AD10024BA
:1091E000E4433B487844FF301738F4E6349801688C
:1091F0000868091D349A1160002805D10024E44351
:1092000033487844CA30E6E60D99018000F08DFCC1
:10921000349801680868091D349A1160002859D1F2
:109220000024E4432A487844A630D4E63498016800
:109230000868091D349A116000284BD10024E443CA
:10924000234878448A30C6E6349800680268001DD6
:1092500034990860002A13D10024E4431C48784460
:109260006E30B8E6349800680268001D34990860D2
:10927000002A05D10024E443154878445230AAE678
:109280000D98C11703C200F050FC349801680868BB
:10929000091D349A1160002805D10024E4430C48CC
:1092A00078442C3097E60D99017000F03EFC34981C
:1092B00001680868091D349A116000280AD1002449
:1092C000E44303487844083085E600BF50020100BB
:1092D000640201000D99016000F027FC34980068D9
:1092E000C21D072082433498026003CA349B1A606F
:1092F00002AA03C22022C80F04D007982D2118AA61
:1093000011540DE002A8008F284204D007982B21A9
:1093100018AA115404E0C00704D5079818A90A54E4
:10932000401C079018A8079940181390059027AD86
:1093300002A803C816AA03C2684600782021014388
:1093400068464170612909D00E98002801D5062091
:1093500003E003D1672901D114980E9002A803C835
:109360000F0006187F417E15FF17BBA20CCA9F4253
:1093700012D1964210D10903020D114300030029B6
:1093800001D1002808D003200890613C1A2C19D381
:10939000244979448E3110E002A803C80800410036
:1093A0004915994212D1000310D103200890613C65
:1093B0001A2C21D31C4979446E3103221398FBF7F0
:1093C00087FCB2E3194979446231F6E701AA02A8A1
:1093D00003C805F08BFE02AA03C2684640786128E4
:1093E00013D1059830210170811C059169460978D7
:1093F000612905D1782104E00D4979443231DCE757
:10940000582141700798801C079002A803C894A2B5
:109410000CCA02400B400DD1002A0BD100240026BB
:1094200069E100BF4C010100500101004001010051
:109430004401010068464078612800D097E00E980A
:10944000002801D5212000E0401C1390139F7F1CB1
:1094500016A803C80022002305F05DFE02A830C84C
:1094600002D28020000645400198001F01909C21F7
:1094700069440A7027A8461C002F31DD200029000E
:10948000002280235B0305F05FFE29D81C2205F033
:1094900074FE04000D0005F0A9FE1590FF1F002FBB
:1094A00009DD01F009F902000B002000290005F098
:1094B00029FF04000D00F01D0722159900290ADD7F
:1094C000521E08D4401E0B071B0F03700911F5E74D
:1094D000401E00210170521EFAD5C61D002FCDDCA2
:1094E00027A83199711A27AA551C139A0C0091428A
:1094F00000DD1400002C33D48C4205DA411C095DD8
:10950000082901DB0F2100E00021220027AB9B1876
:1095100001E0641E5B1E521E1E788E42F9D00F2998
:1095200004D1411C895C491C401C8154002A04D58B
:1095300027AD641C0198001D0190611E10D46A18AB
:109540006846007813783033DEB23A2E01DBC31858
:10955000C6331370491E521E0029F3D569460870A0
:109560000E98002800D4C5E0601E0E90C2E016A838
:1095700030C86D006D0801986C4948436C49FBF791
:1095800080FA019007200199401A002805DD0200A9
:109590002000290000F080FB0AE0424200206649DA
:1095A00000F07AFB02000B0020002900FEF7BDF955
:1095B0006A465278662A02D1019A0A3200E00622EF
:1095C0000E9B9A18142A00DD142227AB30241C703D
:1095D0005C1C02E016A803C8139A002A44DD16ABEF
:1095E00003C3139216A803C805F012FE1590054692
:1095F0000834042628000A21FBF746FA0F00280049
:109600000A21FBF741FA05003037601E0770280079
:109610000A21FBF739FA0F0028000A21FBF734FA78
:109620000500A41E30372770761EE3D10834139846
:10963000083813900028CDDD159801F02DF80200B0
:109640000B0016A803C805F05DFE00223B4B01F09D
:10965000B3FB16AA03C2C5E7FFFFFFFFFFFFFFFF33
:10966000FFFFFFFFFFFFFF7F3198201A27A94D1C46
:1096700004E0401E0199491E01916D1C2978302992
:10968000F7D020216A46127811436A465170694624
:109690004978662902D10199491C06E06946497852
:1096A000652901D1149900E000210E9A5418A042B6
:1096B00000DA441E002C1DD4844204DA285D3428CC
:1096C00001DD392000E0302021006A1E531801E03E
:1096D000641E5B1E491E1E788642F9D0392802D1CD
:1096E000685C401C6854002904D51500641C01986E
:1096F000401C0190019E1395684600786946887069
:10970000FFF7EEFA406A0078694608700E9D20B2B5
:10971000002804DC149C07487844183013906846ED
:10972000407866280CD1761C24E000BF97750000B5
:10973000A086010048FE00000000F03F84D797415A
:1097400068464078672846D130B20321C943884231
:1097500047DBA84245DA761C02A8008F1299C0B2F6
:10976000084203D120B2A84200DC050030B22D1A15
:1097700000D5002537B2002F00DDBAE00898411C63
:1097800008913021059A1154002D05DC02A8008FA4
:109790001299C0B2084206D00898411C0891694647
:1097A0000978059A11547842854200DA6E4236B241
:1097B00070420B90AD1920B2854200DA2C0024B221
:1097C0000994220013990598089BC018FBF780FAAA
:1097D000281B0C90DAE068468078612818D1702048
:1097E0001BE020B2A84206DA02A9098F129AC9B278
:1097F000114200D105006D1E00D500256846807815
:10980000672802D16520694607E04520694604E0E3
:1098100068468078412801D1502088700898411C02
:10982000089113990978059A11541398411C002D39
:1098300005DC02A8008F129AC0B2104219D0089815
:10984000421C08926A461278059B1A54002D10DDBE
:10985000641E20B2854200DA2C0022B20598089BD3
:10986000C018FBF735FA24B2089800190890281B95
:109870000B9005980899411868468078087030B2B6
:10988000002803D42B2048708F1C03E02D224A703F
:109890008F1C4642002412AD300008E00A21FBF77D
:1098A000F0F815AA03C229701598641C6D1C00B24B
:1098B0000028F3DC012C08DC684680782021014375
:1098C000652902D1302038707F1C002C09D130204E
:1098D00038707F1C07E0641E12A8005D30303870BD
:1098E0007F1C002CF7DC059808994018381A09905D
:1098F0004CE020B231B288421DDA22B213990598A9
:10990000089BC018FBF7E4F924B2089800190890E6
:10991000391B0B91002D05DC02A9098F129AC9B2DF
:10992000114206D069460978059A11540998401CDD
:1099300009900C952AE032B213990598089BC0183B
:10994000FBF7C6F90898C0190890A41B002D05DC88
:1099500002A9098F129AC9B2114205D0411C08917F
:1099600069460978059A115420B2854200DA2C0024
:1099700022B21398C1190598089BC018FBF7A8F9E3
:1099800024B2089800190890281B0B9002A83821CF
:10999000405C14210140102900D0C6E007980899C6
:1099A00040180B994018099940180C9940180F99C4
:1099B000884200DBB9E0081A0A90B6E002AA3A2011
:1099C000105C622808D068280ED06A2814D06C2851
:1099D0001DD0712810D01AE0349801680868091D5C
:1099E000349B1960C0B218E0349801680868091DFA
:1099F000349B196080B210E034980068C31D0720C2
:109A000083433498036003CB349C236006E034988E
:109A100001680868091D349B1960002102AB03C36B
:109A2000108F1299C0B208425BD002A803C8002967
:109A300001D1002855D068460078202101437829BB
:109A40004FD1079818A930220A54401C421C079293
:109A50006A4612780A5444E002AA3A20105C62284E
:109A600008D068280ED06A2814D06C281DD0712820
:109A700010D01AE0349801680868091D349B1960F9
:109A800040B218E0349801680868091D349B1960D9
:109A900000B210E034980068C31D07208343349857
:109AA000036003CB349C236006E0349801680868A7
:109AB000091D349B1960C11702AB03C3002902DAE8
:109AC00007982D2109E0108F284202D007982B21FA
:109AD00003E0C00705D50798202118AA1154401C9F
:109AE000079018A80799401805906846017802A8C1
:109AF00000F040F819E0149807903498016808685D
:109B0000091D349A11606021694408700DE01498B1
:109B10000790252060216944087068460078002875
:109B200003D007956846007848700F980799401A47
:109B30000A99401A0899401A0B99401A0999401A33
:109B40000C99401A019002A83821405C400701D5C9
:109B5000FFF75DFA2020694608700198002801DCB3
:109B6000FFF755FA019C329DFFF744FA0020C043ED
:109B700035B0F0BDF2B586B0040025696F2901D17A
:109B8000082707E00846FFF705F9782801D00A27DB
:109B900000E010273C2603CC083C04AA03C26A4616
:109BA000127E642A03D06A46127E692A09D10029EE
:109BB00007DA04A803C800220023121A8B4104A864
:109BC0000CC004A803C800290DD100280BD1206BBC
:109BD000002808D1082F3DD13820205C000739D556
:109BE0003B26302035E00294009504A830C8761E4C
:109BF0000196200029003A00002304F0D1FA303207
:109C0000D0B23A280DDA00988255200029003A0097
:109C1000002304F0C5FA04000D0007D1002C05D183
:109C20000AE06846007E8218AF32ECE70298C0680E
:109C3000009989198842DAD3029C009D082F09D126
:109C40003820205C000705D5A85D302802D0761E9C
:109C50003020A8553C20801BA061A919E160216B30
:109C6000884206DA081A2062208F1C4901402187A9
:109C700010E000290ED53821615C14220A40102A18
:109C800008D1616B6269891A226A891A081A002848
:109C900000DD206207B0F0BDF8B50026104F0400CB
:109CA0000D00009214E0C00707D532003B002000F1
:109CB000290001F081F804000D0000984010009088
:109CC0003000390032003B0001F076F806000F004A
:109CD00000980028E7D120002900F4BDEFFF000024
:109CE00000002440F8B50024002B11D007000E001E
:109CF00014001D002178B068B847B060002809D072
:109D0000F06A401CF0620020641C6D1EF2D1040059
:109D10002000F2BD0020C043F9E7F8B584B004008C
:109D20000E002069B04204D303931B690A998B4249
:109D300001D2FEF7DDFF0092811B914200D200911B
:109D40000B990A9A9F1A8F4200D90F000099411A65
:109D50000022D243D21B914201D3FEF7C9FF891BD7
:109D60000191C119009A891A0291884203D20022F6
:109D70002000FAF7FBFD039884421CD02000FAF77C
:109D8000EDFC05002000FAF7E9FC019AA919009BF7
:109D9000C9188019C019FEF7EDFF0398FAF777FD8F
:109DA0000A9945182000FAF7D9FC3A0029008019D1
:109DB000FAF78EFF89E00098B8421AD32000FAF72C
:109DC000CDFC0A9945182000FAF7C8FC3A00290092
:109DD0008019FEF7CFFF2000FAF7C0FC0500200035
:109DE000FAF7BCFC019AA919009BC9188019C0197F
:109DF00069E00A9886421AD32000FAF7AFFC050002
:109E00002000FAF7ABFC019AA919009BC918801928
:109E1000C019FEF7AFFF2000FAF7A0FC0A99451819
:109E20002000FAF79BFC3A00290080194BE00099CA
:109E3000711888421DD32000FAF790FC050020001D
:109E4000FAF78CFC019AA919009BC9188019C0194E
:109E5000FEF790FF2000FAF781FC05002000FAF7DA
:109E60007DFC3A000A99C919009BC91A6918801922
:109E700029E02000FAF772FC05002000FAF76EFCDA
:109E8000009A0A9969188019FEF774FF2000FAF702
:109E900065FC05002000FAF761FC019AA919009BF6
:109EA000C9188019C019FEF765FF2000FAF756FCA3
:109EB0000A9945182000FAF751FC00997A1AE91915
:109EC0008019009BC018FEF755FF02992000FAF791
:109ED000B8FD200005B0F0BDA446521E08D303789B
:109EE0000C78401C491CA342F7D0181B64467047ED
:109EF000002064467047704710B5040001E005F08B
:109F000078FA200005F0C0FA002805D1034800685F
:109F10000028F4D08047F4E710BD00BF3060002077
:109F2000704710B50400FEF7D9FE01002000896AD1
:109F3000884710BDC9B2521E05D30378401C8B421E
:109F4000F9D1401E70470020704770470FB581B0AF
:109F500006F096FD0A492122425001B00FBD0FB50F
:109F600081B006F08DFD06492222425001B00FBD9E
:109F700080B506F085FD0349401802BD00000000D1
:109F80003C6000203C600020F0B484B000220F232D
:109F9000029327E0AE402643009C2660634C256870
:109FA000DC4325404E68F60200D51D435F4E356008
:109FB000756825404F68BF0200D51D4375605C4D34
:109FC0006D6825404E68B60300D51D43584E756038
:109FD00035682C404D68ED0302D525001C002C434C
:109FE0003460521C0B681C00D4407BD00125954086
:109FF0002B40F6D054000326A640F74301974E6845
:10A00000B707BF0F012F03D0B607B60F022E0ED130
:10A010008668019F3740CE68A6403E43866046680A
:10A02000AE434D68EF06FF0F9740374347600D7909
:10A03000AD07AD0F032D25D0C5680326019F2F4026
:10A040008D68A5403D43C5604D682E40022E19D154
:10A05000D508AD0045192E6A039696001C27374097
:10A060006E463770039EB446029F6E463678B74000
:10A070006646BE43B4460F696E463678B7406646BC
:10A0800037432F6207680326019D3D404F683740E4
:10A09000A7402F4307604C6835042540A1D0254CCC
:10A0A0009508AD0064190094009C2468D700182519
:10A0B0003D40029FAF40BC43A027FF05B8420BD0F4
:10A0C0001D4FB8420AD01D4FB84209D01C4FB842AC
:10A0D00000D15FE705265DE700265BE7012659E72B
:10A0E000022657E704B0F0BC704700690840401EE4
:10A0F0008041C043C00F7047002A01D08161704782
:10A100008162704770B5040025000E4E306828400B
:10A1100003D035602000FDF7DFFD7068284003D0D4
:10A1200075602000FDF7F4FD70BD000000180240CE
:10A1300080180240601802400004005000080050DF
:10A14000000C00500C18024030B583B0314CFF2099
:10A150002071002161716180207061700222211DD7
:10A16000062000F043F80222A11C042000F03EF873
:10A1700002222100022000F039F80222A11D002055
:10A1800000F026F8244D64200290022001900094F3
:10A190000123022240212800F9F7D8F86420029018
:10A1A00002200190A01C00900123042240212800DD
:10A1B000F9F7CCF86420029002200190201D009055
:10A1C0000123062240212800F9F7C0F803B030BD72
:10A1D00018B583B0002464230293019200910123F7
:10A1E000020040210C48F9F7B1F80CE018B583B033
:10A1F0000024642302930192009101230200402174
:10A200000548F8F79FFF002800D10124200004B082
:10A2100010BD0000F05E0020BC5B002030B40500E3
:10A220004D400122D20715404B180418240E25D0AA
:10A230001B0E2CD0FF2C31D0FF2B34D0E41A00029F
:10A2400009021043114343084808D10D1B1A02D2DA
:10A25000641EDB181B18DB18834200D31B1A49410C
:10A26000F9D37F3423DDFF2C05DAE405480860418B
:10A27000284330BC7047FF20C005F9E728001B0EBB
:10A2800003D0FF2BF5D14902F3D0D043F1E7FF2CE7
:10A2900001D14002F9D1FF20C005E9E74002F4D125
:10A2A000FF2BF8D1F1E728004902E2D0EDE70B02DD
:10A2B00000202442DCD15B129B1CD9D9D805D7E7FA
:10A2C00080B54268521C4260027D002A05D0022AF5
:10A2D00009D005D3032A09D001BD00F02EF801BD35
:10A2E00000F048F801BD00F069F801BD00F092F8F7
:10A2F00001BD0178012903D10021017001207047BF
:10A30000002070470178022903D10021017001204B
:10A310007047002070470178032903D100210170A4
:10A3200001207047002070470178042903D10021E3
:10A330000170012070470020704710B5002916D029
:10A3400041688268914214D3002141600124047560
:10A350000470407800280CD00122D103A020C00551
:10A36000FFF7CAFE27490C702748047010BD4160F2
:10A37000017510BD80B54268002916D0C1688A42B7
:10A380001BD3002141600221017501704078002833
:10A3900013D001228903A020C005FFF7ADFE0120E4
:10A3A000184A10701949087001BD81688A4204D3A7
:10A3B0000021416001750421017001BD80B5426832
:10A3C000002916D001698A421BD300214160032174
:10A3D000017501704078002813D00122D103A0201C
:10A3E000C005FFF789FE0120064A10700849087071
:10A3F00001BD81688A4204D30021416001750421B6
:10A40000017001BDA8600020A9600020AA600020A2
:10A41000AB600020002902D00021416070474168F4
:10A420008268914204D300214160017504210170CA
:10A43000704770470269002A06D000E01A0053698D
:10A44000002BFBD1516100E00161C86070470069D9
:10A45000002806D0002904D04069002801D0491EF8
:10A46000FAD17047002904D04069002801D0491E64
:10A47000FAD1704710B5040001212068FFF7F2FF00
:10A48000002807D001212068FFF7ECFF0100200021
:10A4900000F012F810BD10B5040000212068FFF78D
:10A4A000D6FF002807D000212068FFF7D0FF010069
:10A4B000200000F001F810BD38B5040021601E4DE9
:10A4C000280003F0A6FA280003F08EFA280003F013
:10A4D00099FA00201949087020680168896888473E
:10A4E0002100174801F00CFC31BD80B51548FFF77D
:10A4F00000FF002804D014480068FFF7CCFF01BD1E
:10A500001248FFF7F6FE002803D00F480068FFF757
:10A51000B1FF01BD0000000038B50400064D6168C0
:10A52000280000F021F8A168002900D109A1280025
:10A5300000F05CF831BD000024590020A560002027
:10A540005C5A0020F80A0020DC5F0020100B00207D
:10A5500070470000202020202020202020202020C4
:10A5600020202020000000000CB470B504000E0074
:10A5700003F0C3F901220021200003F04EFA250068
:10A580009C3504A82860024631002000083006F0FF
:10A5900079FA154E20000830FAF7FAF8112807D298
:10A5A0000020307021000831200003F056FA16E038
:10A5B0003078002802D1E880012030702000083077
:10A5C000E988405C002800D1E880E888411CE980E7
:10A5D0001022210008310918200003F028FA0398FE
:10A5E00070BC03B000470000A56000200CB438B573
:10A5F00004009C3004AA026025008835280006F07B
:10A6000041FA200003F079F902220021200003F032
:10A6100004FA2900200003F020FA01B0029830BCAF
:10A6200003B00047F8B504000E00150007999C30F0
:10A6300008AA026027008837380006F023FA2000B5
:10A6400003F05BF902223100200003F0E6F9390043
:10A65000200003F002FA02222900200003F0DDF9B5
:10A6600068460078002802D0012804D006E02000C7
:10A6700003F0BAF902E0200003F0AFF906980028D1
:10A6800002D0012804D0F1BD200003F0BBF9F1BDD8
:10A69000200003F0B0F9F1BD010042221201D21EE8
:10A6A000004207D002D4521E0018FCD5C10A400552
:10A6B00012058918704700000100EED54042F446AB
:10A6C000FFF7EBFF0122D20711436047F8B50CB446
:10A6D0008CB00CAA30CA79A20CCA22402B4002D1FD
:10A6E000002A00D151E302AA03C202A803C8002233
:10A6F000704B06F0E1F900D147E302A803C86E4BA6
:10A7000006F0DAF90AD10CA803C80800410049157F
:10A71000D243914202D1000300D136E302A803C81C
:10A720006A4603C2684603C8001849414815C9175C
:10A730000022D243904200D1EEE16A460CCA5FA6E5
:10A74000C0CE16401F4002D1002E00D1E4E12B0004
:10A7500022195B415A150023DB439A4200D1DBE109
:10A76000200029000B0002185B4104D1002A02D10D
:10A770000CA803C818E0B54E5A0DB61A352E06DBE4
:10A78000002280231B060B4004A80CC00EE0202EE4
:10A7900003DD203EF140B14000E001D1002003E0A4
:10A7A000002E01DDF040B04004AA03C2684603C891
:10A7B000C80F1CD0002D06DA002080210906001BDE
:10A7C000A94104000D0004A803C8002906DA0022EC
:10A7D00080231B06121A8B41100019008D4201D1F3
:10A7E000844204D0FFF7B2FB34A003C8CFE26A462C
:10A7F00002A803C804F07AFC04000D00C80F40D082
:10A800006D006D0804A803C802AA03C202A80CC800
:10A810009018494101D1002817D0C84E480D361A6A
:10A82000352E05DB80210906194000220B000CE0C3
:10A83000202E03DD203EF340B34000E001D1002292
:10A8400003E0002E01DDF240B24002A803C8002957
:10A8500005DA002680273F06361A8F4101E0060000
:10A860000F00002B06DA002080210906801A99418A
:10A8700002000B009F4203D1964201D1002000E06C
:10A8800001200590009801281CD120002900B2A2C7
:10A890000CCA04F040FC15D200200190054902AA20
:10A8A00003C201222000290004F067FC04000D000F
:10A8B00025E000BF0000F03F0000F0BFFFFFFFFFFA
:10A8C000FFFFFF7F0020A64922002B0000F074FA52
:10A8D0000022A04B04F0B3FC04F088FC2038019067
:10A8E000FFF7EAFE00229F4B00F066FA0022994B28
:10A8F00004F0A5FC02AA03C20198400101902000C7
:10A90000290002AA0CCA04F0FDFC06000F0002A8F0
:10A9100003C822002B0004F092FC02000B00300060
:10A920003900FDF702F806AA03C206A803C806AA62
:10A930000CCA00F041FA06000F002000290002AA0C
:10A940000CCA04F0DFFC08AA03C27EA003C83200D0
:10A950003B0000F031FA7DA20CCA04F070FC32001A
:10A960003B0000F029FAC6A20CCA04F068FC3200D1
:10A970003B0000F021FAC4A20CCA04F060FC3200D3
:10A980003B0000F019FAC2A20CCA04F058FC3200D5
:10A990003B0000F011FAC0A20CCA04F050FC3200D7
:10A9A0003B0000F009FABEA20CCA04F048FC3200D9
:10A9B0003B0000F001FA08AA0CCA04F0A3FC040052
:10A9C0000D000020AB4902AA0CCA04F09BFC012236
:10A9D00004F0D3FB22002B0004F031FC06AA0CCAC1
:10A9E00000F0EAF902000B0055487844FF3053307C
:10A9F0000199461808A803C804F021FC06AA03C25E
:10AA00000098FFF759FE0CCE083E04F018FC040035
:10AA10000D0006A803C892A20CCA00F0CDF92200CE
:10AA20002B0004F00CFC0CAA0CCA00F0C5F90022A3
:10AA30008D4B04F070FB65D301228C4B04F084FB3A
:10AA40005DD9CA0F04D00022894B02E03304000014
:10AA5000404B04F0F4FB04F0C9FB07000097002210
:10AA6000844B039204930CA803C822002B0000F02F
:10AA7000A3F904000D003800FFF71EFE02000B00D2
:10AA80002000290004F03EFC7BA20CCA00F094F9DF
:10AA90000190029106A80CC80CA803C800F08CF91C
:10AAA00004000D003000083003C8320010320CCA18
:10AAB00004F0C5FB02000B000CA803C800F07CF9F1
:10AAC0006DA20CCA00F078F922002B0004F0B7FB4D
:10AAD000019A029B04F0B3FB039A049B05F0FEFF6E
:10AAE000ADA20CCA02400B4001D1002A0AD04B0093
:10AAF0005B150024E443A34206D10A0304D10020DD
:10AB0000AC4901E000200021059A002A00D13EE175
:10AB10008022120651403AE16A460CCAA0A6C0CE75
:10AB2000B94221D1B0421FD11B03100D03431203C0
:10AB3000002B01D1002A17D002A827E0340400001E
:10AB400088DA0000F7DE29BFD8F8C23FF4B3FECCA4
:10AB50001A99C33F0000E03FCD3B7F669EA0E63FD1
:10AB6000000050400000903F29002019494148153D
:10AB7000C917B9420CD1B0420AD12B03260D334379
:10AB80002203002B01D1002A02D00CA803C8FEE04A
:10AB90000126B84200D1A8E0200029000B000218CD
:10ABA0005B4104D1002A02D10CA803C817E07E4FF4
:10ABB0005A0DBA1A352A05DB0B0000208021090640
:10ABC00019400CE0202A03DD203AD140914000E0FA
:10ABD00001D1002003E0002A01DDD040904004AA0A
:10ABE00003C220002900002907DA002280231B0667
:10ABF000121A8B410AA80CC001E00AAA03C204A8D9
:10AC000003C808AA03C208A803C8002907DA00225B
:10AC100080231B06121A8B4106A80CC001E006AA6D
:10AC200003C20AA803C806AA0CCA994201D19042DD
:10AC300000D0002608A803C80B0002185B4104D10D
:10AC4000002A02D104A803C83BE0584F5A0DBA1A93
:10AC5000352A29DB0B00002080210906194030E04D
:10AC6000FE822B654715F73F0000E0C00000E04082
:10AC70000000E0BF0000F03FEF39FAFE422EE63F51
:10AC800062CB68D96F46C73FC6C912DAC471CC3FE0
:10AC90004AE98A942449D23FF75F97999999D93F15
:10ACA000BC5555555555E53F202A03DD203AD14086
:10ACB000914000E001D1002003E0002A01DDD040F6
:10ACC0009040002E11D006AA0CCA002906DA0026F0
:10ACD00080273F06361A8F41300039008B4203D15E
:10ACE000824201D1002600E0012602A803C8080024
:10ACF0000022D24341004915914208D1000306D1F8
:10AD0000684603C8C80F16D1EC0F3CD034E00CA83D
:10AD100003C8080041004915914215D1000313D121
:10AD20006A4602A803C804F0E1F9EC0F009818D1B4
:10AD3000002814DC19E0EC0F03D1002E20D10020F4
:10AD400021E0002E11D006E0002E11D10020EC0FE2
:10AD500014D1002810D000208021090617E000201F
:10AD600011E0002801DC00200DE0002000210EE0B1
:10AD7000684603C8C80FEAE7002108E0002802D0AF
:10AD800000200B4903E00B4901E0002001490FB00E
:10AD9000F0BD00BF0000F03FFFFFFFFFFFFFFF7FA0
:10ADA000FFFFFFFFFFFFFFFF33040000340400003C
:10ADB0000000F0FF0000F07FF0B50E005E400125BE
:10ADC000ED072E40B446AE0ADF184C18F44208D204
:10ADD000F7420ED2640D01D07F0D12D100206146E2
:10ADE000F0BD05D1F74201D87F0D05D10020C14348
:10ADF000F0BDFBD1640DF9D00020C14349054908DD
:10AE00008FE0E419C902DB0229432B43DB0A460D1C
:10AE1000C00231438E4630B487B295B27D432E0CCA
:10AE2000ADB2140C7C43A419260C240425439CB217
:10AE30007C43A419190C7943270CC919A4B20F0437
:10AE40003C43090C000C97B247432E0CBE19354306
:10AE5000ADB2170C4743360CBF19A6B2BF193E045A
:10AE60003543240C3E0C36199FB24743BF19BCB280
:10AE70003E0C89191F0C47437F183E043443390C9C
:10AE8000704680B297B247432E0CBE193543ADB21F
:10AE9000170C4743360CBF19A6B2BF193E04354301
:10AEA000240C3E0C36199FB24743BF19BCB23E0C6E
:10AEB00089191F0C47437F183E043443390C7746E9
:10AEC0003F0C90B278432E0C80190604ADB22E438D
:10AED000050CA0B22D18120C7A435019020C80B246
:10AEE000240CA4189AB27A43121914042043120CA9
:10AEF00089181B0C7B43C91830BCEF0A394203D1B7
:10AF0000B61940414941641E6F12BF0DE41B0BDBB3
:10AF1000FF19BC4211DA240500274208AE417841EE
:10AF2000614166463143F0BD641C05D1401C61415E
:10AF3000CF0201D34908F4E750E75DE7F8B5060012
:10AF4000002400F016F80500300000F01CF807009F
:10AF5000300000F041F802002800390003F0EEF95B
:10AF600005D91000290003F0E9F900D801242000D8
:10AF7000F2BD18B583B02D4C0220019002A80090BC
:10AF80000123002208E018B583B0284C022001906C
:10AF900002A800900123032290212000F8F736FB3D
:10AFA000002812D12000F8F760FC2028FAD102A96D
:10AFB000087800024978084300B2FCF791FC0100D0
:10AFC000EE20800500F044FE04E00120184948709E
:10AFD000C320000604B010BD18B583B0134C022086
:10AFE000019002A8009001230222D5E710B50400C9
:10AFF0008720C00500F02CFEFCF7F8FC00040016CA
:10B00000C2B20321200000F015F810BD10B50400F5
:10B010008720C00500F01CFEFCF7E8FC00040016C9
:10B02000C2B20221200000F005F810BD685B0020CC
:10B03000585F002076B582B001250124134E02200E
:10B04000019003A8009001230A0090213000F8F736
:10B0500087FA002814D13000F8F707FC2028FAD12D
:10B0600096235B001A00A0213000F8F72FFB03287D
:10B07000F6D03000F8F7F9FB2028FAD1002401E0DF
:10B0800003484570200004B070BD0000685B0020DC
:10B09000585F0020C9B202788A4203D0401C002ABF
:10B0A000F9D100207047704731B48B0707D00B7877
:10B0B0000370002B20D0401C491C8B07F7D1164C85
:10B0C000E501830722D104C9131B93432B4205D109
:10B0D00004C004C9131B93432B42F9D0FF231A4227
:10B0E000027009D0120A1A42427005D0120A1A429E
:10B0F000827001D0120AC27031BC70470270120A0D
:10B100004270120A8270120AC270001D04C9131B19
:10B1100093432B42F2D0E1E70101010138B5010070
:10B120004A0012160023DB439A4246D04A000ED052
:10B130009520120E801A182804DB080080210906C9
:10B14000084004E0002801DDC14081400800010002
:10B150000A0053000CD096241D0E641B182C03DB30
:10B1600080242406224003E0002C01DDE240A240BE
:10B170000C0002D580252D062C1B002A02D5802527
:10B180002D06AA1A944218D0002B0ED096201A0E23
:10B19000801A182804DB080080210906084004E012
:10B1A000002801DDC14081400800C10F01D00349E2
:10B1B00001E0FE21890503F031F832BD000080BFB7
:10B1C00000180ED2010E7F390BD449421F3105D42D
:10B1D000C0010122D2071043C84070470020401E22
:10B1E0007047002070477047F8B584B06C48FFF78F
:10B1F00080F8002804D06B480068FFF73BF98FE027
:10B200006948FFF788F8002800D189E0674C0022E0
:10B2100090492000FCF7E1F900228F492000FCF75B
:10B22000DCF900248D4804608D4E34608D48046044
:10B230008D4804608D4804608D4804608D4804602A
:10B24000039404208C4908808C4D0027FF4302970B
:10B25000019003A8009002232A22A0218848F7F732
:10B2600071FF002804D12C70052000F043FE01E09E
:10B2700001202870306803900426824806800297D7
:10B28000019603A8009002232E22A0217C48F7F704
:10B2900059FF002804D12C70052000F02BFE01E09E
:10B2A000012028706F480068039088480680029744
:10B2B000019603A8009002233222A0217048F7F7DC
:10B2C00041FF002804D12C70052000F013FE01E09E
:10B2D00001202870644801687D4800F087FD6348BC
:10B2E00001687C4800F0C2FD614801687A4805F0B9
:10B2F000B5FD60480168794805F0D0FD68465549BC
:10B300000422F9F7E5FC0099754805F0E7FD684669
:10B3100051490422F9F7DCFC0099C34805F0FEFD11
:10B3200005B0F0BD38B56F4C41682000FFF71CF93F
:10B330004A48B0E0F8B584B004254F48058000279E
:10B34000FF430297019503A8009002232A22A0211F
:10B350004B48F7F7FBFF401E8041C043C00F474EEC
:10B3600030703E4803990160002917D5002404601D
:10B370000394414805800297019503A80090022399
:10B380002A22A0213E48F7F7DDFE002804D13470C0
:10B39000052000F0AFFD01E00120307005B0F0BDE8
:10B3A000F80A0020DC5F0020280B0020485D002008
:10B3B000F8B584B09D48FEF79CFF002804D09C4857
:10B3C0000068FFF757F842E09A48FEF7A4FF00280C
:10B3D0003DD0994C00221F492000FCF7FEF80022C6
:10B3E0001D492000FCF7F9F800241D4804601E4F99
:10B3F0003C601F4E346003940420224908801F4D96
:10B400000020C04302900420019003A80090022372
:10B410002E22A0211A48F7F795FE002804D12C709F
:10B42000052000F067FD01E00120287039682848F8
:10B4300000F0DCFC3168284805F010FD684605493D
:10B440000422F9F745FC0099254805F047FD05B0B1
:10B45000F0BD0000C45F0020C85F00209C5F00209A
:10B46000A05F0020A45F0020AC5F0020B05F002040
:10B47000B45F0020B85F002058600020585F0020B3
:10B48000685B00205A60002038B5164C41682000E7
:10B49000FFF76AF896480068FCF722FA050095481D
:10B4A0000088FCF70DFA01002800FEF7B7FEFCF754
:10B4B00023FA02000B009048904909780B25694354
:10B4C00041182000FFF792F831BD00005C600020B9
:10B4D0005E600020606000206260002064600020E8
:10B4E0006A60002024590020F8B584B00420844903
:10B4F0000880844F0026F6430296019003A800902E
:10B5000002232E22A0213800F7F720FF401E8041A1
:10B51000C043C00F7C4D2870039875490860042013
:10B520007A4908800296019003A8009002233A22EB
:10B53000A0213800F7F70AFF401E8041C043C00F2A
:10B5400028700398724908600420724908800296A6
:10B55000019003A8009002234222A0213800F7F7AF
:10B56000F5FE401E8041C043C00F287003986A4911
:10B5700008600420D44908800296019003A8009036
:10B5800002235222A0213800F7F7E0FE401E80413E
:10B59000C043C00F2870614803A90422F9F798FB43
:10B5A00053480068002807D459480068002803D48D
:10B5B00059480068002835D5002258491E48FCF734
:10B5C0000CF800244A480460514804605248046062
:10B5D000039404204A4908800296019003A8009031
:10B5E00002232E22A0213800F7F7ACFD002804D159
:10B5F0002C70052000F07EFC01E0012028704448FA
:10B600000168424800F0F2FB43480168414805F0F8
:10B6100025FC684641490422F9F75AFB0099AA48DB
:10B6200005F05CFC05B0F0BD6C600020F80A00205D
:10B63000DC5F0020280B0020485D0020F8B584B0B6
:10B640008748FEF756FE002804D0A0480068FEF7A1
:10B6500011FF42E09E48FEF75EFE00283DD0A14C5F
:10B6600000222E492000FBF7B8FF00229E4920004F
:10B67000FBF7B3FF00249D4804609D4F3C609D4E46
:10B680003460039404209C4908801F4D0020C0436F
:10B6900002900420019003A8009002233222A021EE
:10B6A0001848F7F74FFD002804D12C70052000F052
:10B6B00021FC01E0012028703968AB4800F0D6FB7E
:10B6C0003168AA4805F0EAFB684687490422F9F781
:10B6D000FFFA0099C94805F021FC05B0F0BD38B566
:10B6E000A34C41682000FEF73FFF8048D3E60000EE
:10B6F000A05F002094600020149E01089C60002040
:10B700005A600020685B0020585F00205E600020C7
:10B71000AC5F002062600020B45F0020C45F0020A6
:10B72000F8B584B0042074490880924F0026F6438F
:10B730000296019003A8009002233222A021380033
:10B74000F7F704FE401E8041C043C00FA14D287092
:10B750000398664908600420834908800296019096
:10B7600003A8009002233E22A0213800F7F7EEFD47
:10B77000401E8041C043C00F287003985C49086098
:10B7800004207A4908800296019003A800900223C1
:10B790004622A0213800F7F7D9FD401E8041C04362
:10B7A000C00F28700398534908600420934908800B
:10B7B0000296019003A8009002235622A02138008F
:10B7C000F7F7C4FD401E8041C043C00F28704648B3
:10B7D00003A90422F9F77CFA44480068002807D43A
:10B7E00043480068002803D442480068002835D543
:10B7F00000223D493B48FBF7F0FE00243B48046033
:10B800003B4804603B480460039404203A490880A4
:10B810000296019003A8009002233222A021380052
:10B82000F7F790FC002804D12C70052000F062FB93
:10B8300001E0012028702E4801684B4800F016FBFB
:10B840002C480168494805F029FB6846264904222E
:10B85000F9F73EFA0099694805F060FB05B0F0BDC4
:10B86000F80A002038B584B07F48FEF742FD002872
:10B8700004D016480068FEF7FDFD22E01448FEF7EC
:10B880004AFD00281DD0002492480460039404203F
:10B89000914908804F4D0020C04302900420019040
:10B8A00003A8009002233622A0213248F7F74AFC71
:10B8B000002804D12C70052000F01CFB01E00120C1
:10B8C000287005B030BD00006A600020DC5F0020F9
:10B8D000280B002038B5264C41682000FEF744FEB6
:10B8E0007C48D8E5485D0020C85F0020A45F0020A8
:10B8F000B05F0020B85F00205C600020F8B584B025
:10B900000425754805800027FF430297019503A889
:10B91000009002233622A0211648F7F717FD401E9B
:10B920008041C043C00F2B4E30706A4803990160BC
:10B93000002917D500240460039467480580029706
:10B94000019503A8009002233622A0210948F7F7A9
:10B95000F9FB002804D13470052000F0CBFA01E097
:10B960000120307005B0F0BD6060002064600020F0
:10B9700024590020685B00207CB504003A48FEF79B
:10B98000B8FC002800D06AE05448FEF7C4FC002848
:10B990001ED001202076524C002221005148FBF796
:10B9A0001CFE514E514D28683060002028606846CA
:10B9B00021000422F9F78CF900994D4805F08EFA20
:10B9C00029684C4800F012FA31684B4805F046FAF5
:10B9D00073BD0000585F002049E0000070B584B0DE
:10B9E000464C017E002901D1416800E04FA12000B2
:10B9F000FEF7BAFD3A4D3D484CE000006C60002077
:10BA000000BF70477CB504001748FEF772FC0028A1
:10BA100000D024E03148FEF77EFC00281ED0012033
:10BA20002076374C002221002E48FBF7D6FD354EFC
:10BA3000354D2868306000202860684621000422C7
:10BA4000F9F746F90099314805F068FA2968304855
:10BA500000F00CFA31682F4805F020FA73BD2E482B
:10BA60000068FEF707FD73BDF80A002000BF010063
:10BA7000087E00220A76704770B584B01F4C017EA4
:10BA8000002901D1416800E028A12000FEF76CFDEB
:10BA90001B4D1D480068FBF723FF06001F48008868
:10BAA000FBF70EFF01003000FEF7B8FBFBF724FFA9
:10BAB00002900391E87800906B78AA7818481949A9
:10BAC00009781925694341182000FEF78FFD04B05D
:10BAD00070BD0000A85F002086600020100B0020D1
:10BAE000C45F0020485D0020B45F0020AC5F0020F0
:10BAF0006A6000205E6000206260002024590020FF
:10BB0000C85F0020B85F0020B05F00206C6000209C
:10BB10006060002064600020DC5F002094600020F2
:10BB20007C8501089C60002000BF704720202020F9
:10BB300049CDCAC0D1C0D649DF20C7C0CA49CDD778
:10BB4000C5CDC0202000000070B5040001D1012047
:10BB500070BD20681449016014490160616841604A
:10BB6000A1688160FDF744F8072506002068C168D8
:10BB700029400AD0FDF73CF8801B3228F6D3206814
:10BB8000C0682840F2D0032070BDE16802698A4293
:10BB900001D0016101E006490160002070BD044947
:10BBA0000068016000207047CCCC000055550000B3
:10BBB000AAAA000010B4C30018221A40FF2494401F
:10BBC000E3438907090E9140020004D41A48920801
:10BBD0009200801806E0194A0007000F0838800814
:10BBE00080001018026813401943016010BC7047B0
:10BBF00080B5FFF7DFFF01BD010005D40121C006BC
:10BC0000C00E81400E4801607047010009D4012137
:10BC1000C006C00E81400B480160BFF34F8FBFF3D9
:10BC20006F8F7047BFF34F8F074808490860BFF315
:10BC30004F8F00BFFDE7000000E400E01CED00E0D6
:10BC400000E100E080E100E00400FA050CED00E016
:10BC500030B405004D400122D20715404B1804189E
:10BC6000240E2ED01B0E32D0FF2C34D0FF2B3AD016
:10BC7000E4180002090210431143000A090A94461D
:10BC8000C2B24A43000AC3B24B43000A4843110AF6
:10BC90005B181A43D2B2190A091801D44918641E54
:10BCA000080A7F3C23DBFE2C08DAE4050906114371
:10BCB000634699416041284330BC7047FF20C0056E
:10BCC000F9E728001B0EFF2BF6D1D043F4E728003C
:10BCD000FF2CF1D1F9E74002F7D1FF2B01D1490246
:10BCE000F3D1E005E7E7D8054902E4D0EDE74302E8
:10BCF0000020641CDFD15B129B1CDCD9D805DAE77D
:10BD0000BAB5EFF3108772B6174D04000EE029683C
:10BD1000012088402168014321606968814369608E
:10BD2000A868002802D12800F6F78AFF207A41424D
:10BD3000C9B2E029EBD0202810D00098A17A890060
:10BD400061180068C860A07A401CA072207A401C6C
:10BD50002072A07A202801D10020A072201DF8F7BF
:10BD60005BFC87F31088B3BDD40A002012B583B002
:10BD7000042101800B4C0020C0430290019103A8D4
:10BD8000009002232A22A0210748F7F7DBF90028B8
:10BD900004D12070052000F0ADF801E001202070F2
:10BDA00004B010BD585F0020685B002012B583B05E
:10BDB000042101800B4C0020C0430290019103A894
:10BDC000009002232E22A0210748F7F7BBF9002894
:10BDD00004D12070052000F08DF801E001202070D2
:10BDE00004B010BD585F0020685B002012B583B01E
:10BDF000042101800B4C0020C0430290019103A854
:10BE0000009002233A22A0210748F7F79BF9002867
:10BE100004D12070052000F06DF801E001202070B1
:10BE200004B010BD585F0020685B002012B583B0DD
:10BE3000042101800B4C0020C0430290019103A813
:10BE4000009002233222A0210748F7F77BF900284F
:10BE500004D12070052000F04DF801E00120207091
:10BE600004B010BD585F0020685B0020F2B586B0BA
:10BE700007000420388000250395049505950421CA
:10BE800003A805F06BF8002806D004210398F8F702
:10BE900081FB0498001D04903A8806A90398F8F7DE
:10BEA00017FF0024114E04E03570052000F022F841
:10BEB000641C3888844214DA0020C04302900120B8
:10BEC0000190039800190090022322003E3292B2A2
:10BED000A0210748F7F736F90028E5D00120307097
:10BEE000E6E703A805F04CF807B0F0BD585F002066
:10BEF000685B002038B50400FCF77AFE05000020DE
:10BF0000C043844202D0044800782418FCF770FE35
:10BF1000401BA042FAD331BDE80A0020F0B585B03D
:10BF20000600346920000C21F8F7ABFD8100411AAE
:10BF30008900611801D50C31401E00286BD572694B
:10BF400080231B061B1A9A426BDB72691018009043
:10BF500005F03CF871680491B16803913168029171
:10BF6000334FB425ED000099FF226E325143401843
:10BF7000F1684118009103981821F8F782FD0099A3
:10BF80000918009104982900F8F77BFD0099091819
:10BF9000009102983900F8F774FD009908182549B6
:10BFA0004018C1173A46002302F0C2F800900191F0
:10BFB00003981821F8F765FDE120000141430C00CA
:10BFC00004982900F8F75DFD0801401A8000241844
:10BFD00002983900F8F755FD6418E51700980199A3
:10BFE00024184D41306A009022002B00300005F0EB
:10BFF0003DF8306A002805DD200029000EA430CC71
:10C0000024184D4105F0F6F8C117241A8D4120007F
:10C01000290005B0F0BD98DD094A121A73699A42E9
:10C0200093DA01A003C8F4E7FFFFFFFFFFFFFFFF64
:10C0300080510100209CFFFFF0F1FFFFFFFFFFFF99
:10C04000FFFFFF7F7CB5040000260025009500233C
:10C050000022302105F0E6F86420F6F729FE00956D
:10C06000002303223021200005F0DCF8200005F039
:10C0700048F9002835D1A14800680088C0B20628D8
:10C080002FD1200005F0B8F8200000F02CF800288F
:10C0900027D0200005F0B0F8A08C010A22681170AA
:10C0A000216848700220009023680222302120007D
:10C0B00005F0B8F8200005F024F9002811D120007F
:10C0C00005F09AF8200000F04AF8002809D0200076
:10C0D00005F092F8200000F072F8002801D02676D2
:10C0E0000125280076BD7CB50400002000900023C7
:10C0F00001223021200005F095F8200005F001F91B
:10C1000000282AD121001C317C4A04E06D005B5BD1
:10C110000B70401C491C13685568ED1A6E10751E93
:10C12000A84204D20500B542F0D3FCF7E1FDE07F60
:10C13000641CE17F641E0906090C0843000A608341
:10C14000E07F641CE17F641E0906090C0843618BD3
:10C15000000208436083012076BD002076BD1CB537
:10C1600004000120009066A307223021200005F082
:10C1700059F8200005F0C5F8002811D12100383108
:10C180005E4A04E044001B5B0B70401C491C1368B2
:10C190005468E41A6410641EA042F3D3012016BD53
:10C1A000002016BD1CB50400080AE3681870E0689A
:10C1B0004170100AE1688870E068C2702CE058B5E0
:10C1C000002100230400273401229A402678002E03
:10C1D00002D191430A0000E00A435B1C01269E4005
:10C1E0006178002902D11100B14301E0310011430F
:10C1F0005B1CA41C102BE7DB8AB289B2FFF7D2FFCD
:10C2000052BD1CB504000020E1680870E168487068
:10C21000E1688870E168C870E3682069C01A80B27C
:10C22000009004223021200004F0FCFF200005F0E3
:10C2300068F8401E8041C00F16BD13B504000120F0
:10C24000009001AB05223021200004F0EBFFEDE768
:10C2500038B5040000200090002303223021200084
:10C2600004F0E0FF200005F04CF8050041D120006B
:10C2700004F0C2FF214800680088C0B201062CD536
:10C28000F0220240802A0AD0902A16D0A02A21D07B
:10C29000B02A1FD0C02A1AD0F02A1BD029E00007EC
:10C2A000000F20182721405C618B48431549086026
:10C2B000002020760120144919E0207E002819D1A1
:10C2C0000120207601212000FFF7B7FF12E00020B7
:10C2D00020760EE0002020760CE0401E012804D9D4
:10C2E000C01E02D03C3804D004E00020074908708A
:10C2F00000E000BF280032BD00000000B45E002056
:10C30000000000001C600020CD600020CC600020F8
:10C310001CB5040000204E21605400900023002230
:10C320002178200004F07EFF6420F6F7C1FC002095
:10C330000090002302222178200004F073FF2000E7
:10C3400004F0DFFF00280BD18B4800680188090644
:10C3500006D1408880214900884201D1012016BDC4
:10C36000002016BD30B583B00400002501A805707B
:10C3700003214170102181700221C17001210171DE
:10C380000520009001AB01222178200004F04AFF33
:10C39000200004F031FF200004F0B3FF002819D181
:10C3A000A64801680988C9B2012913D1A11C04E07B
:10C3B0006B00D25A0A706D1C491C026843689B1AB4
:10C3C0005C10631E9D4203D2A542F1D3FCF790FCA2
:10C3D000012000E0002003B030BD38B504000800A3
:10C3E000150001214F22A1542100503104F0A0FF7B
:10C3F00021005431280004F09BFF05200090230009
:10C400004F3301222178200004F00CFF31BD38B5F4
:10C410008AB0040001A82421F8F7BEF81E2000907D
:10C4200001AB07222178200004F0FCFE200004F07C
:10C43000E3FE200004F065FF00281CD17F4801685E
:10C440000988C9B2092916D1002122000A3204E064
:10C4500064001B5B1370491C521C03684468E41A97
:10C4600065106C1EA14204D20C00AC42F0D3FCF764
:10C470003FFC012000E000200BB030BD80B5012161
:10C480000091ABA303E080B5012100916CA30422CD
:10C49000017804F0C7FE01BD0000000018B583B0AC
:10C4A00004000A00B2A003C801AB03C301A8002125
:10C4B0004AE038B504000320009062A303222178EB
:10C4C000200004F0AFFE200004F01BFF002817D16D
:10C4D000294D28680088000612D10120009095A3FC
:10C4E00003222178200004F09DFE200004F009FFC3
:10C4F000002805D128680088000601D1012032BD3E
:10C50000002032BD1CB504000120009089A3032245
:10C510002178200004F086FE200004F0F2FE0028BE
:10C5200006D1854800680088000601D1012016BDAB
:10C53000002016BD18B583B004000A008EA003C801
:10C5400001AB03C301A805210170110A417082707B
:10C550007A49C170FF2101710520009001AB0322CF
:10C560002178200004F05EFE200004F0CAFE401E88
:10C570008041C00F04B010BDB45E0020F8B584B097
:10C5800004000025FFF7C4FE002854D02000FFF768
:10C59000E9FE00284FD02000FFF739FF00284AD0DD
:10C5A000002266492000FFF718FF0520009000BF19
:10C5B00025A307222178200004F034FE01200090FA
:10C5C0005BA304222178200004F02CFEE5792800EA
:10C5D000FEF762F802000B0000205949FEF776F8DA
:10C5E00002AA03C26842FEF767F802000B000020AF
:10C5F0005349FEF76BF806000F002000503004F09E
:10C60000A1FE0090A079FEF747F802AA0CCAFEF737
:10C61000D3FB04000D000098FEF73EF822002B002B
:10C62000FEF7CAFB32003B00FEF7C6FB02F0F0FD4E
:10C63000444908600125280005B0F0BDB45E002023
:10C640000000000002FFFF000400000020000000C6
:10C650007CB50400002000900023022221782000F5
:10C6600004F0E0FD200004F0C7FD200004F049FEC6
:10C6700005005AD1304801680A88D2B20B2A53D833
:10C6800001A39B5C9F4400BFA4A4A454540C36484F
:10C690004E5CA48E488802028888104381B22A4AE0
:10C6A00011600121294B19700822294B1A70294A5F
:10C6B0001170294908802000FFF7FBFE36E00120B9
:10C6C000264908700020264908700920204904E006
:10C6D0000120244926E00120234908702000FFF7AB
:10C6E00011FF23E04268511A49101FD00021220097
:10C6F0002C3204E064001B5B1370491C521C03685D
:10C700004468E41A6610741EA1420FD20C00B442B1
:10C71000F0D3FCF7EDFA48886070012012490870E8
:10C7200000201249087001E000BF00BF280076BD5C
:10C730000100000004000000B45E0020FFFF0000C4
:10C7400000002440F45F0020EC5F0020CD6000205A
:10C75000DE600020D360002098600020CE600020C2
:10C76000B2600020B9600020CF600020CB600020C4
:10C7700000000000000000000000000000000000B9
:10C7800010B50024042100BF07A004F0D0FEFA2158
:10C790009D48F7F757FF002803D0FA20F6F788FAEC
:10C7A0000124200010BD0000020001010000000073
:10C7B00010B50024042100BF05A004F0B8FEFA2142
:10C7C0009148F7F73FFF002800D00124200010BD5A
:10C7D000020001FE0000000038B50024042100BF63
:10C7E00015A004F0A4FEFA218748F7F72BFF0028D4
:10C7F0001FD0944C944D2988200004F0F8FE2A881C
:10C8000092480188091DC9B2A34803684068C01A4C
:10C81000814202D22069002801D1FCF769FA6069DF
:10C82000102801D3206800E020005918F8F750FACA
:10C830000124200032BD0000020001F600000000CB
:10C8400038B50024042100BF16A004F070FEFA21C0
:10C850006D48F7F7F7FE002821D07A4C7A4D2988E9
:10C860002000183004F0C3FE2A8878480188091D8A
:10C87000C9B2894803684068C01A814202D2A06ADE
:10C88000002801D1FCF734FAE06A102801D3A0692E
:10C8900001E0200018305918F8F71AFA0124200096
:10C8A00032BD0000020001F50000000038B5002490
:10C8B000042100BF16A004F03AFEFA215248F7F70F
:10C8C000C1FE002821D05F4C5F4D29882000303008
:10C8D00004F08DFE2A885D480188091DC9B2AE4862
:10C8E00003684068C01A814202D2206C002801D13E
:10C8F000FCF7FEF9606C102801D3206B01E02000EA
:10C9000030305918F8F7E4F90124200032BD000056
:10C91000020001F40000000038B5002400250421C5
:10C920003AA004F004FEFA213748F7F78BFE0028FE
:10C9300067D045480088002802D1424884645FE0FF
:10C9400002280DD241480088001DC0B252490A6831
:10C950004968891A88420ED2105CB64908704FE0C7
:10C9600015D83A480188091DCAB24B4B18685B6854
:10C970001B1A9A4201D3FCF7BBF9AE4C825C2270C1
:10C98000C9B2491C9942F6D2405C607038E0042874
:10C9900018D22E480188091DCCB23F4A106852684F
:10C9A000121A9442E7D2A34B045D1C70C9B24C1C0E
:10C9B0009442E0D2045D5C70891C9142DBD2405C01
:10C9C00098701DE01DD121480188091DCCB2324A62
:10C9D00010685268121A9442CDD2964B045D1C70B6
:10C9E000C9B24C1C9442C6D2045D5C708C1C94424B
:10C9F000C1D2045D9C70C91C9142BCD2405CD8700D
:10CA00000125280032BD0000385F0020020001F23D
:10CA10000000000038B50400002504210CA004F03B
:10CA200086FDFA21AF48F7F70DFE002807D05A48D7
:10CA30000168497AA1740068807AE07401252800B1
:10CA400032BD000000570020E25D0020E45D0020C0
:10CA5000020001E6000000007CB5002402256B46C0
:10CA60001D705D7001259D70E726DE70867C0E438B
:10CA70000674C17C114341741E71407C58710621BB
:10CA8000684604F054FDFA219648F7F7DBFD0028CC
:10CA900000D00124200076BDE85D002010B5427C66
:10CAA000017CFFF7D9FF040089E63EB5002402218E
:10CAB00068460170417001258570E721C17084804E
:10CAC000062104F034FDFA218648F7F7BBFD002863
:10CAD00000D00124200003B030BD0000F0B583B0C9
:10CAE000002602216A461170012757709770B821FD
:10CAF000D17010240500B735029069460C710521EC
:10CB0000684604F014FDFA217648F7F79BFD0028EB
:10CB100004D1641E0A3D012CEFDA3AE0661E681E5D
:10CB200006701D4801680A31087828701A480068A4
:10CB30000B300078687018480068007BA8701648B1
:10CB400000680D300078E87013480068807B287119
:10CB5000114800680F3000786871E8784B2806D1DA
:10CB6000A81CF8F794F8FA218900484302E0A81CB1
:10CB7000F8F78DF86D1CE8806D1E28782E2806D0F9
:10CB80000298008A0121B1400143029801820126E6
:10CB9000BFE7300003B0F0BDE85D002070B50400D1
:10CBA0000025042124A004F0C2FCFA214D48F7F727
:10CBB00049FD00283BD0AB480088001DC0B2AA4AFE
:10CBC00011685268521A904201D3FCF791F826007E
:10CBD000C036A64A128809183000F8F779F82500FF
:10CBE000CB352078002807D10B2231002800F8F738
:10CBF0006FF8012525701AE00B2229003000FDF79F
:10CC00006BF9002812D02000C1300178002902D130
:10CC10004078207105E08800401840002018C08B43
:10CC2000A0830B2231002800F8F752F801252800D4
:10CC300070BD000048570020020001E50000000020
:10CC400070B5060000240025042100BF13A004F0E5
:10CC50006EFCFA212348F7F7F5FC00281BD0824828
:10CC60000068417A002907D0491E07D0491E07D025
:10CC7000491E062909D90DE0F4600BE0807A08E02E
:10CC8000807A81000818400003E0807AFA21890048
:10CC90004843F0600125280070BD0000020001F942
:10CCA0000000000010B50024042100BF7EA004F0A5
:10CCB0003EFCFA210B48F7F7C5FC00280FD06A4864
:10CCC00001686B4A4068401A0C2803D3487A1070F8
:10CCD000887A02E0087A1070487A507001242000A7
:10CCE00010BD0000385F002038B50400A07F0C287C
:10CCF00000D998E001A1095C49008F44060E161D79
:10CD0000242B323940496E507E002000FFF738FD59
:10CD1000002800D187E001205DE02000FFF748FDFA
:10CD2000002800D17FE0022055E02000FFF754FDED
:10CD3000002878D003204EE02000FFF781FD002876
:10CD400071D0042047E02000FFF7B0FD00286AD032
:10CD5000052040E02000FFF7DFFD002863D006201B
:10CD600039E02000FFF7BAFE00285CD0072032E04F
:10CD70002000FFF74FFE002855D008202BE0627CF2
:10CD8000217C2000FFF768FE00284CD0092022E01B
:10CD90002000FFF755FF002845D00B201BE02000A6
:10CDA000FFF780FF00283ED031480078801E012820
:10CDB0000AD9001F08D00C3806D00F38012803D933
:10CDC000103801D0CE3805D11220694608702948A4
:10CDD000F7F796FD0A20A07725E02000FFF75EFE1A
:10CDE000002820D00C20A077EFF3108072B62249E3
:10CDF000096980F31088A16015E0200000F018F8A0
:10CE00001E4D2878002803D02000FFF74EFE06E0D4
:10CE10001B4D2878002806D02000FFF73FFE002891
:10CE200001D0002028701748FEF7B9FE31BD000080
:10CE300038B504000020EFF3108172B60E4D2A6958
:10CE400081F31088A168511AFA2909D32000FFF74D
:10CE5000A5FEEFF3108172B62A6981F31088A260F3
:10CE600032BD0000E45D0020E85D0020E25D0020AE
:10CE700090600020745D0020D40A0020DA60002059
:10CE8000DB600020A05E002038B50400002525707E
:10CE900065700B21C030F7F77FFB0B212000CB30F2
:10CEA000F7F778FBA57731BD020001E8000000002C
:10CEB00038B586B01421002201A8F7F75BFB0020EB
:10CEC000694608603A4C3B4820600025A5607F20F9
:10CED000E060FF2020616561A561E5618020C005FB
:10CEE000206265622000FAF73FFA002801D0FAF7C5
:10CEF000D1FC2068C068C00628D401A805808570D0
:10CF000002958020400204900595012201A920008D
:10CF1000FAF781FA002801D0FAF7BCFC0120694633
:10CF200001220A704A7088702420C8702000FAF725
:10CF300004FB002801D0FAF7ADFC042200212000F8
:10CF400004F096FB002801D0FAF7A4FC07B030BD2E
:10CF500010B588B004001C21002201A8F7F70AFBD5
:10CF600020681449884221D1802080020190400A23
:10CF7000079001A801F0D8FF002801D0FAF78AFC39
:10CF80000D48016A802212020A430262010D026802
:10CF90000A430260006801400091009800220021CD
:10CFA0000220FEF725FE0220FEF726FE08B010BD87
:10CFB000485D0020002800403C10024010B50024CD
:10CFC00007480168820D0A430260032004F0CCFB8D
:10CFD000002801D0012401E004F016FC200010BD5F
:10CFE00000200240F8B586B0142100226846F7F709
:10CFF000C1FA04214E4802680A43026002681140E7
:10D0000005910599202102680A43026002681140D7
:10D0100005910599012401682143016001682140BF
:10D02000059105990226016831430160016831408C
:10D0300005910599082102680A43026000680140D1
:10D04000059105983B4F00223900A020C005FDF74F
:10D0500053F8002238493948FDF74EF800220D21D7
:10D060003748FDF749F8832080010090002501959D
:10D07000029469463348FCF787FF502000900195E1
:10D08000029469460006FCF77FFF00970194029422
:10D0900003956946A020C005FCF776FF2A4800905A
:10D0A00001940294039569462448FCF76DFFD02053
:10D0B000C00100900195029469462048FCF764FF86
:10D0C00020030090C42080030190029469461B480D
:10D0D000FCF75AFF0D2000900194029403956946D5
:10D0E0001748FCF751FF00968420800301900295B9
:10D0F00069461348FCF748FFF02000900194029520
:10D10000039569460D48FCF73FFF002200210520EA
:10D11000FEF76EFD0520FEF76FFD002200210720BF
:10D12000FEF766FD0720FEF767FD07B0F0BD00BF04
:10D130003410024080810000FC8400000004005094
:10D14000000C0050000800500C84000080B5074817
:10D1500007490160052141600649C1608160FEF711
:10D16000F3FC002801D0FAF795FB01BDA05E00207A
:10D1700000300040FF0F0000F8B596B020210022DB
:10D1800007A8F7F7F7F9182100226846F7F7F2F930
:10D190001C2100220FA8F7F7EDF901240F940025B8
:10D1A00010950FA801F0C0FE002801D0FAF772FB1D
:10D1B0008B48A103C2680A43C260C268114006914D
:10D1C0000699016821430160006820400690069896
:10D1D000600200900226019602950395049405943E
:10D1E000A027FF056946380004F026FBA002009046
:10D1F000019602950395049405946946380004F05D
:10D200001BFBAA4801680902090A0160E006A84957
:10D210000860079596208001089009950A950B955E
:10D220000C200C900D950E95A24D07A9280004F036
:10D2300055FBEFF31080012181F31088A968C90024
:10D24000C908A96080F31088EFF31080012181F3F1
:10D250001088A968BC4A0A40AA6080F31088286830
:10D26000BA49014029606868B94901406960A86805
:10D270002A218843A860286804432C60E86980025A
:10D28000FCD5E8694102C90FF8D017B0F0BD000025
:10D29000F8B596B02021002207A8F7F76BF91821FE
:10D2A00000226846F7F766F91C2100220FA8F7F75D
:10D2B00061F902260F96002411940FA801F034FEA4
:10D2C000002801D0FAF7E6FA4548310482680A439B
:10D2D0008260826811400691069901250168294300
:10D2E000016000682840069006980420009001968E
:10D2F0000294039404950595A027FF05694638001C
:10D3000004F09AFA08200090019602940394049580
:10D3100005956946380004F08FFA8E480168FF22AF
:10D3200091430160280762490860079496208001B4
:10D330000890280309900A940B940C200C900D94EB
:10D340000E94854C07A9200004F0C8FAEFF3108072
:10D35000012181F31088A168C900C908A16080F388
:10D360001088EFF31080012181F31088A168764ABC
:10D370000A40A26080F3108820687449014021604F
:10D380006068734901406160A0682A218843A060F9
:10D39000206805432560E0698002FCD5E069410210
:10D3A000C90FF8D017B0F0BD80B56C486C4901606A
:10D3B00096218901416000218160C16001610C22D8
:10D3C00042618161C1610162416281620023002288
:10D3D00004F000FB002801D0FAF75CFA01BD000060
:10D3E00034100240F0B58FB02021002207A8F7F7D3
:10D3F000C1F8182100226846F7F7BCF85948802187
:10D40000090382680A438260826811400691069986
:10D4100001240168214301600068204006900698BD
:10D420000094022601960025029503950494042792
:10D4300005976946A020C00504F0FEF90096019604
:10D4400002950395049405976946A020C00504F051
:10D45000F3F940480168444A0A40026060071449F1
:10D460000860079596208001089009950A950B950C
:10D470000C200C900D950E953C4D07A9280004F04A
:10D480002DFA6868324901406960A8682A218843FA
:10D49000A860286804432C60E8698002FCD5E8692C
:10D4A0004102C90FF8D00FB0F0BD000018E400E051
:10D4B00000E100E000380140F8B586B00400142116
:10D4C00000226846F7F756F820682549884238D187
:10D4D00024488021C90282680A4382608268114020
:10D4E00005910599012401682143016001682140EB
:10D4F00005910599022501682943016000682840CB
:10D50000059005982020009001950294002703972C
:10D51000042604966946A020C005FCF735FD0320CB
:10D520000090019502940397049669461048FCF711
:10D530002BFD002200211D20FEF75AFB1D20FEF7C7
:10D540005BFB07B0F0BD0000FFFFFFF1FFFFFFDF57
:10D55000FFB7FFFF1CE400E000440040C859002072
:10D560000048004034100240FF00FFFF004C004024
:10D570000004005030B583B0002069460860486060
:10D5800088601A4C1A4820603F2060600025A56022
:10D590001848E060A561200004F062FA002801D07C
:10D5A000FAF778F9009502956946200004F0B8FB77
:10D5B000002801D0FAF76EF903B030BD00680C49BD
:10D5C000884200D0704780B510200B490A6802439A
:10D5D0000A6009680840009000980022002111208C
:10D5E000FEF706FB1120FEF707FB01BDFC5C0020E7
:10D5F00000100040FEFF00003C10024030B585B036
:10D600000D0014216846F6F7C7FFF02000900120B6
:10D610000190029000200390CE4C69462000FCF758
:10D62000B3FCEA0980212000FCF766FD6806C20F02
:10D6300040212000FCF760FDA806C20F2021200039
:10D64000FCF75AFDE806C20F10212000FCF754FD3C
:10D65000012208212000FCF74FFD00BF00BF00BFE2
:10D6600000BF00BF00BF00BF00BF00BF00BF00BFC2
:10D6700000BF002208212000FCF73EFD05B030BDB0
:10D6800078B585B0002414216846F6F785FFF020B0
:10D6900000900194012002900394AE4D6946280049
:10D6A000FCF772FCC04E012208213000FCF724FD7B
:10D6B000012208212800FCF71FFD00BF00BF00BFAA
:10D6C00000BF00BF00BF00BF00BF00BF00BF00BF62
:10D6D00000BF80212800FCF708FD002800D080242E
:10D6E00040212800FCF701FD002802D02000402442
:10D6F000044320212800FCF7F8FC002802D0200079
:10D700002024044310212800FCF7EFFC002802D05D
:10D71000200010240443002208212800FCF7ECFC20
:10D72000002208213000FCF7E7FC200006B070BDA5
:10D7300038B50400002204219B48FCF7DDFC9B4D1A
:10D740002000FFF79DFF28702000FFF799FF297840
:10D7500000090843287032BD70B520217F24802540
:10D76000060071603000FFF7E3FF2840707000BFD3
:10D7700000BF00BF00BF00BF00BF00BF00BF00BFB1
:10D7800000BF00BF00BF00BF00BF00BF00BF00BFA1
:10D7900000BF00BF00BF00BF00BF00BF00BF300020
:10D7A000FFF7C6FF2040F07000BF00BF00BF00BF02
:10D7B00000BF00BF00BF00BF00BF00BF00BF00BF71
:10D7C00000BF00BF00BF00BF00BF00BF00BF00BF61
:10D7D00000BF00BF00BF00BF7168491E70780028FD
:10D7E00002D0002902D0BCE7002901D1FF207070CF
:10D7F000716070BDF8B507000C001600FFF7ACFFB4
:10D80000694D002E01D0012200E0002204212800F1
:10D81000FCF772FC00BF00BF00BF00BF00BF00BF2D
:10D8200000BF00BF00BF00BF00BF00BFF02121400C
:10D830003800FFF7E3FE2101C9B23800FFF7DEFE32
:10D84000002204212800FCF757FCF1BD10B50400AC
:10D85000FA204000FEF74EFB200000F001F810BD5A
:10D8600038B50400002208213A48FCF745FC4E4D2B
:10D87000002204212800FCF73FFC00220821280098
:10D88000FCF73AFC00212000FFF7B8FE0021200041
:10D89000FFF7B4FE00212000FFF7B0FE00212000BA
:10D8A000FFF7ACFE00212000FFF7A8FE202120009A
:10D8B000FFF7A4FE20212000FFF7A0FEA0212000FA
:10D8C000FFF79CFE00222A212000FFF793FF002291
:10D8D00006212000FFF78EFF002217212000FFF70E
:10D8E00089FF3349200000F067F800220221200060
:10D8F000FFF780FF0022012121E038B5040000225B
:10D9000008211448FCF7F8FB274D002204212800C9
:10D91000FCF7F2FB002208212800FCF7EDFBA02118
:10D920002000FFF76BFE002217212000FFF762FFA7
:10D9300000222A212000FFF75DFF0022062120009F
:10D94000FFF758FF0C20A07000220C212000FFF7E9
:10D9500051FF31BD000400500800862801D100208D
:10D960007047AF2801D101207047AA2801D10220B9
:10D970007047A62801D103207047B02801D10420A8
:10D980007047BB2801D105207047A42801D106208B
:10D990007047872801D107207047C02803DB05495D
:10D9A0000818C03800787047000C00509A600020BA
:10D9B0008C970108CC97010870B506000C00002276
:10D9C0004021FFF717FF4025012221783000FFF7A3
:10D9D00011FF641C6D1EF7D170BD80B582780121E6
:10D9E00011438170002249E080B58278FE21114008
:10D9F0008170002242E080B582780221114381705B
:10DA000000223BE080B58278FD2111408170002228
:10DA100034E080B50022012130E080B50B00022AFD
:10DA200000D14033002280211943C9B226E01300FF
:10DA300000D1704770B506000C0015002178002950
:10DA40000AD03000FFF788FF012201003000FFF705
:10DA5000D1FE641C6D1EF1D170BD38B505000C00FF
:10DA600008E02800FFF778FF012201002800FFF7F7
:10DA7000C1FE641C21780029F3D131BDFFF7BAFE45
:10DA800001BD704710B50F4C21680F4A0A40024390
:10DA90002260610D884212D10C48006841000818CC
:10DAA00040000B49F6F7F0FF401C210D00E0401E3E
:10DAB00062690A4003D00028F9D1032010BD00207C
:10DAC00010BD000000700040FFF9FFFFF40A0020C5
:10DAD00040420F0002480168820D0A43026070470D
:10DAE00000700040F0B583B0050000D1DCE1AD4C22
:10DAF0002878C0071AD5A16838200840E1681028A6
:10DB00000BD18807800F032809D06868802149025B
:10DB1000884236D12068014344E00828F5D12068C6
:10DB2000800303D56868002800D1BDE1287880070C
:10DB300000D47EE0A16838200840E16810284FD169
:10DB40008907890F02294DD0270DE8680028206831
:10DB500000D19AE0B7490140286908432060206855
:10DB6000A10D01432160FBF743F80600206838400F
:10DB700000D082E0FBF73CF8801B0328F6D303209B
:10DB800071E1A022D2029042206805D18A000243AE
:10DB900022602068014305E0A74901402160206818
:10DBA000A649014021608027BF02686800280BD089
:10DBB000FBF71EF8060020683840B7D1FBF718F8CD
:10DBC000801B6528F7D3DAE7FBF712F80600206818
:10DBD0003840ABD0FBF70CF8801B6528F7D3CEE7B5
:10DBE0000028B1D12168490503D5E968002900D191
:10DBF0005AE16168AD4A0A406969090211436160EE
:10DC000000280FD120688B49014028690843206013
:10DC1000A748012122689204520F9140F6F734FF81
:10DC2000A4490860A448006803F09EFD002800D0C5
:10DC30003AE1287800070BD5A0683821014018295F
:10DC400032D1206E800703D5A869002800D12BE1CE
:10DC500004272868384000D1ADE000200290A06879
:10DC600038210140202942D1E06D800700D4A2E094
:10DC7000A868002800D09EE016E160688B4901404A
:10DC80006869000208436060D3E78C490140216065
:10DC9000FAF7AEFF060020683840CAD0FAF7A8FFAE
:10DCA000801B0328F7D36AE70227A8690028206EA3
:10DCB0000ED0012101432166FAF79AFF0600206E7B
:10DCC0003840C5D1FAF794FF801B0328F7D356E7F5
:10DCD000012188432066FAF78BFF0600206E38404A
:10DCE000B6D0FAF785FF801B0328F7D347E7B806BD
:10DCF000E16B014008D1E16B0143E163E16B084056
:10DD000000900098012002906D480068C00517D46B
:10DD10006B480090800D01900098006801990143C4
:10DD200000980160FAF764FF060000980068019906
:10DD3000014005D1FAF75CFF801B0328F5D31EE7ED
:10DD4000A868012804D00528E06D06D10743E765DF
:10DD5000E06D01210143E16505E001218843E065B3
:10DD6000E06DB843E0650227A86800280CD0FAF7F8
:10DD70003FFF0600E06D384016D1FAF739FF801BEF
:10DD8000A3498842F6D3FAE6FAF732FF0600E06DBF
:10DD9000384009D0FAF72CFF801B9D498842F6D302
:10DDA000EDE600BF001002400298002803D0E06BAF
:10DDB00098490140E163E869002853D0A1683822FE
:10DDC0000A40102A51D08027BF04934902282068B6
:10DDD00036D101402160FAF70BFF06002068384079
:10DDE00005D0FAF705FF801B0328F7D3C7E6E068E4
:10DDF0008A490140286A0843696A0143A86A000207
:10DE00000843E96A0143286B0843E0602068790809
:10DE100001432160E068F9000143E160FAF7E8FEA0
:10DE20000500206838401DD1FAF7E2FE401B0328A8
:10DE3000F7D3A4E6FFC7FFFFFFFFFEFFFFFFFBFFD7
:10DE400001402160FAF7D4FE05002068384005D073
:10DE5000FAF7CEFE401B0328F7D390E6E068974917
:10DE60000140E160002003B0F0BD01281CD0E06853
:10DE70008107890F2A6A914216D1702101406A6A8E
:10DE8000914211D1FE21C9010140AA6A12029142B8
:10DE90000AD1F82189030140EA6A914204D1400F76
:10DEA0004007296B8842DDD00120DCE7FF80FFFFBF
:10DEB0000024F400F40A0020F00A0020FFFEFFFF17
:10DEC00000700040F8B5070064D000917C480068FD
:10DED0004007400F884218D2794E306807218843A6
:10DEE000009901433160FAF783FE009C0500306819
:10DEF0004007400FA04207D0FAF77AFE401B444982
:10DF00008842F4D30320F2BD009439687A4E02208F
:10DF100001420CD0490704D5B168E022D2010A437E
:10DF2000B260B168734A0A40B9681143B160397888
:10DF3000C90731D57968012918D13068800329D5FE
:10DF4000B068072290430143B160FAF751FE3825CB
:10DF50000400B06828407968C90088421CD0FAF7EC
:10DF600047FE001B2A498842F3D3CBE7022902D19E
:10DF70003068800103E0002903D130684005DFD418
:10DF800008E0032903D1326E1040D9D102E0F26DCE
:10DF90001040D5D10120F2BD0098494909684907D0
:10DFA000490F884218D246480068072188430099E3
:10DFB000014343480160FAF71BFE009C05004048FE
:10DFC00000684007400FA04206D0FAF711FE401B40
:10DFD0000F498842F3D395E73878400705D5B068F4
:10DFE00046490140F8680843B06000F019F8444918
:10DFF000B2681205120F9200895CC906C90EC840AA
:10E00000404908604048006803F0AEFBF2BD0000E4
:10E0100089130000FFFFFFEFFFFFFFFE8C80C11F91
:10E0200030B5354C3820A168014006D12268384807
:10E0300001219204520F91401FE0A168014008297C
:10E0400001D1344830BDA1680140102918D1E068E1
:10E05000E1684906490F491C7F258007800F032886
:10E0600001D12C4800E02A48F6F70EFDE168090AC4
:10E070000D406843E168490F491CF6F705FD30BDC6
:10E08000A1680140202902D18020000230BDA16892
:10E090000840182802D1FA20C00130BD002030BD50
:10E0A0001A480168174800681B4A4904490F89004B
:10E0B000515CC906C90EC84070470000FCFFFEEF66
:10E0C0000020024030B407220260104B1C6814404C
:10E0D00044601C68F0252D01254085601B681403F1
:10E0E0001C40C4600D48006802400A6030BC7047A4
:10E0F00000000000FFF0FFFF00100240FF8FFFFF55
:10E100004C980108F40A0020F00A00200810024090
:10E110000024F40000127A00A49E010800200240AE
:10E12000024841680278891841607047E80A002077
:10E1300030B4434351435D18010C0C00130C5C4395
:10E140002D1980B2434392B251430024C91864414F
:10E1500024040B04090C09195043C018694130BC50
:10E16000704730B4DC0F03D05B42524200D25B1EDA
:10E170000D106C4013D0F446002502D349424042B2
:10E18000A94100F00DF8E40703D35B425242AB41D2
:10E19000244202D549424042A94130BC604730BCCC
:10E1A00012422DD0994231D970B500251B4209D0B9
:10E1B0000C00002112E01100F6F766FC0A000021B5
:10E1C000002370BD0942F6D000240126491864419D
:10E1D000944200D3A41A7641F8D33100012601E01D
:10E1E000764109D2001864416D41A41A9D41F7D2CD
:10E1F000A4185D41B619F5D3300022002B0070BD84
:10E200001B42CFD108B503F0C5FD08BD01D1904236
:10E21000CAD202000B000021002070470122D20761
:10E2200003004B402ED4431A01D2C01AC91830B48F
:10E230004B180418240E1B0E22D0FF2C20D0E31AFA
:10E24000182B1DDC09021143C40D641E000210438B
:10E2500094461925ED1A0A00AA40D940451801D361
:10E260006D08A41CE405D209280A2D062A43654638
:10E27000AA41604103181B0EFF2B01D3C00DC0053E
:10E2800030BC7047514006E05140CCE70122D20734
:10E2900003004B40F8D4431A03D2C01AC9185040A7
:10E2A000514030B44B18090211430418240E1B0EC0
:10E2B00040D0FF2C3AD025009D410BD31ED8C50D70
:10E2C0004002401A0BD3ED050100400AC9059141F7
:10E2D0006841D5E7C50D40024918401AD0D0012148
:10E2E0004008491C0018FCD58C4204D36D1A000A62
:10E2F000ED054019C4E7E8051040C1E7182DBFDC63
:10E30000AC1C0D00E140E5414D40012D4941C40DDB
:10E3100000021043451A01D46D199543641EE405AB
:10E32000280A2D069541604130BC7047FF2BA7D1CC
:10E33000D843A5E72442A3D10020A1E70CB40122D1
:10E3400012060318DA4207D84B18DA4204D8020042
:10E350000A43921802D281420CBC7047FCD088421A
:10E360000CBC70474160382141707047F3B583B0F1
:10E370000500032102A8F6F70FF901AC7020207008
:10E380006846007C6070002767800020C0430090D2
:10E39000042301AA687841006868F4F733FD401E41
:10E3A0008041C043C00F8E4EF0700520F4F780FC12
:10E3B000712020700020C0430090012301AA6878DA
:10E3C00041006868F4F71EFD00280BD10020C0430F
:10E3D0000090032302AA687841006868F4F7ECFD16
:10E3E000002801D001201AE0F770702020706846E4
:10E3F000007CB0210143617002A84178A17080784F
:10E40000E0700020C0430090042301AA6878410016
:10E410006868F4F7F7FC401E8041C043C00FF070FD
:10E4200005B0F0BD30B583B00400712069460872B4
:10E430000025ED430095012302AA60784100606841
:10E44000F4F7E0FC002801D001200BE00095012347
:10E4500001AA607841006068F4F7AEFD401E80417B
:10E46000C043C00F5E49C8706846007903B030BD34
:10E4700070B55B4E182504000EE01B212000FFF74D
:10E4800075FF1C212000FFF771FF1E212000FFF700
:10E490006DFF0A20F4F70CFC2000FFF7C3FF2840B3
:10E4A000182802D0F0780028E7D070BDE0B501A9A7
:10E4B000AC220A7033224A7000228A700021C943BC
:10E4C0000091032301AA417849004068F4F79AFCBF
:10E4D000401E8041C043C00F4149C87003B000BD19
:10E4E000F8B584B00500FFF7E1FF80273C4C00261B
:10E4F000F6430096012301AA687841006868F4F7A2
:10E500005BFD002805D1E070684600793842F0D103
:10E5100001E00120E0702F000096072302AA78781E
:10E5200041007868F4F748FD002802D00120E0702F
:10E5300020E00025E570062202A9380000F05AF814
:10E5400002A98A79904213D1C8784A7812038B784D
:10E550001B01134302091A43BA600007000FC87079
:10E5600000040A791202024348791043F86000E07F
:10E5700001253D7005B0F0BD10B50400FFF7B0FFF8
:10E58000A068FCF789F80022164BFCF715FC002266
:10E59000154BFCF711FC03F0FEFB10BD10B5040099
:10E5A000FFF79EFFE068FCF777F800220D4BFCF7C1
:10E5B00003FC00220D4BFCF7FFFB00220C4B00F08C
:10E5C0003EFE03F0E8FB10BD0100002009780129A0
:10E5D00003D00349C978012900D101207047000008
:10E5E000585F00200000B03E000059400000694024
:10E5F000000049C070B4FF20130011D031238024E3
:10E600000D784540E8B208254600204202D030008F
:10E61000584000E030006D1EF6D1491C521EEFD16B
:10E62000C0B270BC7047704710B50C4C00206060E1
:10E63000A0600B4820602000183003F0DDFB1020A4
:10E6400070216054074A08492000F4F7E2FA0749AC
:10E6500088208000201803F0DFFD10BD9405002005
:10E66000F8A001082C600020E59E0108049C010828
:10E67000F8B5F14CF14D290020000830FBF7DAFE27
:10E68000F820400029182800FBF7D4FE9420400011
:10E69000261831002800FBF7CDFEE94F3900300085
:10E6A000FBF7C8FEBA20400021183000FBF7C2FE7D
:10E6B000AC20400021183000FBF7BCFECA2040000F
:10E6C00021183000FBF7B6FED8204000211830009A
:10E6D000FBF7B0FEE620400021183000FBF7AAFE51
:10E6E000F420400021183000FBF7A4FE81208000B8
:10E6F00021183000FBF79EFE882080002118300092
:10E70000FBF798FE8F20800021183000FBF792FE67
:10E710009620800021183000FBF78CFE9D208000A1
:10E7200021183000FBF786FEA3208000211830005E
:10E73000FBF780FEA920800021183000FBF77AFE4D
:10E74000AF20800021183000FBF774FEB520800058
:10E7500021183000FBF76EFEBF208000211830002A
:10E76000FBF768FEC620800021183000FBF762FE30
:10E770003100C62080002018FBF75CFE3900300015
:10E78000FBF758FE210020312800FBF753FE8220C2
:10E7900080002F18390020002030FBF74BFECC20E2
:10E7A0008000211820002030FBF744FED320800099
:10E7B000211820002030FBF73DFEE82080002118C2
:10E7C00020002030FBF736FEDA20800021182000E0
:10E7D0002030FBF72FFEE1208000211820002030A0
:10E7E000FBF728FE88208000291820002030FBF746
:10E7F00021FEEF2080002618310020002030FBF79A
:10E8000019FE210020313000FBF714FE39002000F2
:10E810002030FBF70FFE210038312800FBF70AFEFD
:10E820008F2080002F18390020003830FBF702FEBF
:10E8300095208000291820003830FBF7FBFD9B2035
:10E840008000291820003830FBF7F4FDA12080005B
:10E85000291820003830FBF7EDFDF5208000211845
:10E8600020003830FBF7E6FDFC2080002118200056
:10E870003830FBF7DFFDC148261831002000383062
:10E88000FBF7D8FD210038313000FBF7D3FD39000C
:10E8900020003830FBF7CEFD210050312800FBF777
:10E8A000C9FDA72080002F18390020005030FBF749
:10E8B000C1FDB348211820005030FBF7BBFDB14823
:10E8C0002618310020005030FBF7B4FD21005031F4
:10E8D0003000FBF7AFFD390020005030FBF7AAFDF8
:10E8E000210068312800FBF7A5FDAD2080002F181E
:10E8F000390020006830FBF79DFDB3208000291807
:10E9000020006830FBF796FDBA208000291820000F
:10E910006830FBF78FFD9C482618310020006830D6
:10E92000FBF788FD210068313000FBF783FD3900DB
:10E9300020006830FBF77EFD26008036310028007D
:10E94000FBF778FD914F39003000FBF773FDC820CD
:10E95000800029183000FBF76DFDD62080002918B3
:10E960003000FBF767FD8A4821183000FBF762FD95
:10E97000310087482018FBF75DFD39003000FBF7B8
:10E9800059FD2600983631002800FBF753FD814FD2
:10E9900039003000FBF74EFD9420C00021183000F4
:10E9A000FBF748FDDD20800029183000FBF742FD11
:10E9B000E320800029183000FBF73CFDE9208000AF
:10E9C00029183000FBF736FDEF20800029183000B1
:10E9D000FBF730FD704821183000FBF72BFD6F4826
:10E9E00021183000FBF726FDF520800029183000A3
:10E9F000FBF720FDBE4821183000FBF71BFD31005E
:10EA0000BB482018FBF716FD39003000FBF712FD5C
:10EA10002600B03631002800FBF70CFDFB208000FB
:10EA200029183000FBF706FDB24829183000FBF723
:10EA300001FDB14806E000BF000000209405002061
:10EA400040010020271839003000FBF7F3FC3100AB
:10EA50003800FBF7EFFC31003000FBF7EBFC260041
:10EA6000C83631002800FBF7E5FCA448291830001F
:10EA7000FBF7E0FCA24829183000FBF7DBFCA148BB
:10EA8000271839003000FBF7D5FC31003800FBF7C0
:10EA9000D1FC31003000FBF7CDFC2600E036310020
:10EAA0002800FBF7C7FC984F39003000FBF7C2FC89
:10EAB000964829183000FBF7BDFC9548291830000E
:10EAC000FBF7B8FC934829183000FBF7B3FC9248D9
:10EAD00021183000FBF7AEFC31008F482018FBF7FF
:10EAE000A9FC39003000FBF7A5FC2600F836310000
:10EAF0002800FBF79FFC894F39003000FBF79AFC98
:10EB0000874829183000FBF795FC86482918300003
:10EB1000FBF790FC844829183000FBF78BFC8348F6
:10EB200021183000FBF786FC310080482018FBF7E5
:10EB300081FC39003000FBF77DFC8820400026185E
:10EB400031002800FBF776FC29003000FBF772FC4F
:10EB5000F820400029182800FBF76CFC00F020F892
:10EB6000734D2C60206801688968884728680068B0
:10EB7000009069466F48FDF7C3F8F1BD0C04000032
:10EB8000240400003C040000540400009808002005
:10EB90006C04000084040020CC040000E4040000A5
:10EBA000F8B5654CF8204000201803F0AFFDFB20BD
:10EBB0008000201803F08BFE4E48201804F018F84F
:10EBC000E3208000201804F0B1FAEF208000201824
:10EBD00004F0A8FCAD208000201805F03BF8B3201D
:10EBE0008000201805F0F2F8BA208000201805F007
:10EBF000C9F9C1208000201805F06CFAC8208000F7
:10EC0000201805F003FBCF208000201805F07EFBC4
:10EC1000D6208000201805F0D1FBDD2080002018D0
:10EC200004F0EAF9F5208000201804F0E3FEA720A4
:10EC30008000201805F065FC8F2080002018FCF76C
:10EC400079FB952080002018FCF74EFC9B2080006B
:10EC50002018FCF765FDA12080002018FCF74EFE6F
:10EC60003648201805F052FD354D280005F070FE9D
:10EC70002748201805F0BEFF2648201806F0A6F801
:10EC80003048201806F0F8F82548201806F0F0F96A
:10EC900024482718380006F0E9FA234826183000DF
:10ECA00006F0E8FB280005F053FE1948201805F08F
:10ECB000A1FF380006F0DAFA300006F0DBFB822014
:10ECC0008000201803F0B8F888208000201803F096
:10ECD000FFFAE9208000201804F01AFB07482018EA
:10ECE00006F047FC0648201806F082FDF1BD000042
:10ECF000FC04000004040000140500001C040000D3
:10ED0000340400002C050000E00900206404000029
:10ED10007C0400009404000044050000400A002028
:10ED2000C4040000DC040000F40400005C050000E2
:10ED3000DC5F00205C5A0020940500204C04000099
:10ED4000F8090020AC040000BAB50400EFF3108706
:10ED500072B6207A00280CD02000083006F0B2FDF0
:10ED6000009908602000F5F757FC87F31088012010
:10ED7000B6BD1B4D1B482968890040588280296810
:10ED8000012088406168014361606968814369606E
:10ED9000A868002806D028680121814062680A42DC
:10EDA0000AD003E02800F3F74BFFF4E78A436260E0
:10EDB00087F310880020B6BD217A0029DFD000211A
:10EDC000084A8000105881802000083006F07AFD43
:10EDD000009908602000F5F71FFC87F31088C6E74C
:10EDE000D40A0020B00A0020BAB50400EFF310875F
:10EDF00072B6207A00280CD02000083006F075FD8D
:10EE0000009908702000F5F707FC87F310880120AF
:10EE1000B6BD1B4D1B48296889004058828029686F
:10EE200001208840616801436160696881436960CD
:10EE3000A868002806D028680121814062680A423B
:10EE40000AD003E02800F3F7FBFEF4E78A43626090
:10EE500087F310880020B6BD217A0029DFD0002179
:10EE6000084A8000105881802000083006F03DFDDF
:10EE7000009908702000F5F7CFFB87F31088C6E7EC
:10EE8000D40A0020B00A002070B402004032537847
:10EE9000202B1DD14023C35C012B19D001231370FB
:10EEA00024245470046825689D43256004682568FF
:10EEB0001B4E2E40266004682568294321600068A7
:10EEC00001680B430360202050700020107000E0A8
:10EED000022070BC704770B4020040325378202B7F
:10EEE0001BD14023C35C012B17D0012313702424B2
:10EEF0005470046825689D43256004682568094EA0
:10EF00002E40090231432160006801680B43036011
:10EF1000202050700020107000E0022070BC70476C
:10EF2000FFEFFFFFFFF0FFFFFEB50400002769467B
:10EF30000F704D4D2068800352D580204005296B0D
:10EF4000014007D1296B01432963296B08400190D7
:10EF50000198012745480068A90D01434348016015
:10EF6000F9F746FE060041480068C00505D4F9F7E8
:10EF70003FFE801B0328F6D322E0296DC0208000CD
:10EF800008400FD0A16988420CD0296D384808404C
:10EF9000296D802252020A432A65296D354A0A40AA
:10EFA0002A652865C0070FD5F9F722FE0600286DEF
:10EFB000800709D4F9F71CFE801B2F498842F6D33D
:10EFC00003206946087005E0286D29490140A069C1
:10EFD00008432865002F03D0286B28490140296386
:10EFE0002078C00705D5A86C0321884361680143D8
:10EFF000A9642078800705D5A86C0C218843A168F6
:10F000000143A9642078800605D5A86C1C490140FD
:10F01000E0680843A8648020C001216801400DD049
:10F02000A96C8900890862690A43AA6461690204BB
:10F03000914203D1296882000A432A6021680905A8
:10F040000DD5A96C0F4A0A4021691143A9642169B1
:10F05000814204D128688021490201432960684621
:10F06000007803B0F0BD00000C10024000700040BA
:10F07000FFFCFFFFFFFFFEFF89130000FFFFFFEF14
:10F08000FFCFFFFFFF3FFFFF80B500BF00BF024A79
:10F0900011001820ABBEFBE72600020080B501F08E
:10F0A000FFF901BD80B5002801D100BF07A00649C6
:10F0B0000B68002B03D022220021984701E0F9F7CA
:10F0C00017FE222002BD000034600020636F6E73C3
:10F0D000747261696E742068616E646C65723A2046
:10F0E000626164206D6573736167650010B51446D5
:10F0F00000F002F8226010BD4A0053155B1C08D0D6
:10F10000520D06D003231B02FE3AD21A1305C91A68
:10F1100070470022704730B4012464054D00EC4272
:10F120000BD85D00EC4208D80C001C43640004437B
:10F13000144304D2994200D1904230BC7047FCD0B5
:10F140008B42FAD18242F8E730B4012464054D00C5
:10F15000EC420BD85D00EC4208D80C001C43640064
:10F160000443144304D28B4200D1824230BC704726
:10F17000FCD09942FAD19042F8E7124217D400230A
:10F18000DB435B0D9C464B005B0D06D0634504D012
:10F190009B18634502D21205891870476246090D13
:10F1A00011430905002000B5FAF7D9FE00BD52420F
:10F1B0004B005B0DF1D05B1C5B05EED25B0D934108
:10F1C00002D91205891A70470BD10B031B13C90F03
:10F1D000C907821C002043411343E4D9120511439F
:10F1E000E1E7C90FC9070020DDE77047F4464A1878
:10F1F00005D200F00FF801D580174008604700F0F5
:10F2000009F80121C907884200D908004042604737
:10F210004A1812D2400DC90208430121C907084308
:10F22000520D40210901521A521C06D452421F327B
:10F2300001D4D0407047C017704700207047F0B429
:10F240000125ED070F005F404FD48B4200D1824271
:10F2500005D98446100062468C4619006346DF18C3
:10F260004C18640D7F0D3AD0661C760537D0E61B2E
:10F27000352E34DCDB022B43DB0A0C0DC90229439B
:10F28000C912202E0DDB1700203E06D01F00F741CB
:10F29000F3405F400026012A7741C01871410DD22A
:10F2A00017E01700F741F2405740F3415A40B3408E
:10F2B000F3405A400026801859410AD3A21C520537
:10F2C0000FD0C207012F724117004008CB07184327
:10F2D0004908641C24054208AF4170416141F0BCFB
:10F2E0007047641C21050020F9E76B4010E06B407B
:10F2F000ABE7F742F3D1E943F1E72442EFD1002035
:10F300000021ECE7F0B40125ED070F005F40EED4DB
:10F310000C00871A9C4105D2C01BA141D219634140
:10F3200069406B40AE0ADF184C18F442E1D2640D1C
:10F330007F0DE2D0E61B362ED1DCDB022B43DB0A4D
:10F34000A4460C0DC9022943C90A012E28DC04D1A8
:10F35000D6075208DF073A435B08EF0A764290412E
:10F36000994114D039423BD1B61940414941761CEC
:10F37000394204D1761C001849413942FAD0B943C8
:10F380006746B74208D9A41B24052143A7E70042DA
:10F39000EAD13642E8D1A2E7E40AE10700209EE77D
:10F3A000202E0BDD203E1F00F340F7415F40012A75
:10F3B000002257417E42984191410BE01700F741EE
:10F3C000F2405740F3415A40B340F3405A407E4226
:10F3D000904199410A0303D2641EB6194041494144
:10F3E0000027641E24054208AE4178416141F0BC0B
:10F3F000704780B5F9F77CFC01BD7047E0225200F0
:10F4000080180268914203D280680028F9D17047C1
:10F410004368D2189142F7D2704718480168002912
:10F420000ED1802149028160090941600021C94350
:10F43000C160016104214161114A116011490160FB
:10F440000120704730B407230C0008341C4201D15E
:10F45000002304E008240D000835641B2340C9186C
:10F46000D21A8161C260012313434B602823091D16
:10F470008B5002490969C16130BC7047105E0020A1
:10F48000085900206859883CF0B587B0040000BFD7
:10F4900000BFF52C00D332E20B2C02D210200090DA
:10F4A00003E00B340720844300940098C108B4485B
:10F4B0000068C840820747D0012282438818019023
:10F4C000AF4E300028300199C90040180090846880
:10F4D0000198C700606807218843B84201D0F9F756
:10F4E00007FCA5680098844201D1F9F701FCAC4201
:10F4F00001D1F9F7FDFB606807218843B84201D0CC
:10F50000F9F7F6FB0098A84206D130680121019A6C
:10F510009140884330600CE03069854207D3E86849
:10F52000A04204D1009885600098E86001E0F9F7F6
:10F53000DFFB032038436060201DC01901680122F1
:10F540000A43026000F09EFF8D4A9268009B9A4237
:10F5500000D3EEE30126002800D1ADE001228A406D
:10F560005200884051421143014048420840401E29
:10F57000010B10221140C840420908231A40D04014
:10F58000830804242340D840440802252C40E0404E
:10F59000450835408918C91809194919E84008185B
:10F5A0000390774D280028300399C9004718B868A0
:10F5B00001900398C0000290019840680721884399
:10F5C0000299884201D0F9F793FB01988468B84208
:10F5D00001D1F9F78DFB0198A04201D1F9F788FB21
:10F5E00001984068072188430299884201D0F9F7C1
:10F5F0007FFBA74206D12968039A012090408143EE
:10F6000029600BE02869844206D3E06801998842AA
:10F6100002D1BC60E76001E0F9F76AFB029800994B
:10F62000401A02900098032101430198416002981A
:10F6300030430199091D009A88500198009940189B
:10F640000590029805990850A8680490C4081F2CDA
:10F6500001D9F9F74DFB0498002826D0686900907D
:10F66000039428002830E10047183C000498102833
:10F6700001D2F9F73DFB286803990200CA403240E5
:10F6800003D18E4006432E6007E0B868296988429E
:10F6900001D3040001E0F9F72BFB0098B860009853
:10F6A000E060009884600098C7600298A8600598A0
:10F6B0006861019C00F0E6FE31484168002900D1F4
:10F6C0005CE348420840401E010B10221140C84034
:10F6D000420908231A400192D040820804231A40AC
:10F6E000D040430802242340D84044083440934D7E
:10F6F000019FC9198918C9180919E0400818800024
:10F7000029580C00486807229043009A851A104631
:10F71000072307E011004A689A43121AAA4201D24D
:10F7200015000C000A69002AF4D149690029F2D1B8
:10F73000009013480069844200D2DDE0606898437D
:10F7400000996918884201D0F9F7D2FA0098201878
:10F750000590844200D3CFE0A0690190E768A742FA
:10F7600010D0A06806490969884229D3C168A1421E
:10F7700026D1B968A14223D1C760B86022E000BF9A
:10F780004C570020200014300768002F07D12000BC
:10F7900010300768002F15D001E008000768390015
:10F7A00014310A68002AF8D1390010310A68002A99
:10F7B000F3D1A2490969884202D30021016001E026
:10F7C000F9F796FA0198002840D0E2695B48910069
:10F7D0004118086884420AD1002F27D1974B5F68EF
:10F7E0000120904087435F60002008602EE0019870
:10F7F00092490969884216D30069A042019810D144
:10F800000761002F22D08D48006987421CD30199DF
:10F81000B961216900290DD0814209D339618F6115
:10F8200008E04761EDE7F9F763FAEAE70F60EAE716
:10F83000F9F75EFA6069002808D0804909698842B2
:10F8400002D37861876101E0F9F752FA0320102DA5
:10F85000009908D2691808436060201D40180168AB
:10F860000E43066043E00843606001202843211DE9
:10F87000009A885005984551704880680490C708E0
:10F880001F2F01D9F9F734FA049800282BD06B48C0
:10F890004069029003976A48F900401801900746B2
:10F8A0000498102801D2F9F723FA64490868039AEA
:10F8B0000300D340334003D1964006430E6008E076
:10F8C000019880680969884201D3070001E0F9F7CF
:10F8D0000FFA0298019988600298F8600298876090
:10F8E00001980299C86055488560059941610834BE
:10F8F00000D11EE200F0C9FDF9F7FAF919E23F2044
:10F90000C043844203D30020C043009011E20B3473
:10F91000072084430094494840680390002800D1A0
:10F9200007E200240098414201910098000A27D084
:10F9300080214902884203D31F2021E07C58002007
:10F94000FF21C9434118090C082211408840BC4AD4
:10F950008218120C04231A4090403A4BC3181B0C17
:10F9600002252B400E25691A891AC91A9840C00B26
:10F9700008184100009AC01DC240D007C00F0818E7
:10F980000290314802998900405800282BD00299F2
:10F990001F29009B04D01921029A5208891A8B4012
:10F9A00000250099019A00E05B0046680727BE43E6
:10F9B000761A964207D346691030DF0FBF00C05950
:10F9C000002E07D003E00400320006D0F3E78642A1
:10F9D00000D035000028E7D12800009101920028CE
:10F9E00042D1002C46D10120029988404100484272
:10F9F00008430399014000D19BE148420840401E62
:10FA0000010B10221140C840420908231A40D0407F
:10FA1000830804252B40D84045080226354002952E
:10FA2000E8408507ED0F084E8918C918029A891811
:10FA30004919E84008188000305815E04C5700205C
:10FA40007457002000C0FFFF7C5800201800436856
:10FA5000AB435B1A934201D21A0004000369002BE6
:10FA6000F4D1009101924069002803D00099019AD5
:10FA70000725ECE7002C00D15BE1B94E0198B16895
:10FA8000009A891A884200D353E13069844200D237
:10FA900032E7019880180390606807218843039932
:10FAA000884201D0F9F724F900982518AC4200D318
:10FAB00022E7A0690290E768A7420CD0A0683169EC
:10FAC000884225D3C168A14222D1B968A1421FD181
:10FAD000C760B8601EE0200014300768002F07D10F
:10FAE000200010300768002F14D001E008000768DC
:10FAF000390014310A68002AF8D1390010310A6837
:10FB0000002AF3D13169884202D30021016001E06B
:10FB1000F9F7EEF8029800283ED0E06998214900F4
:10FB20007118820089180A68944209D1002F24D1E3
:10FB30007268012383409A437260002008602BE0C2
:10FB400002983169884215D30069A04202980FD10A
:10FB50000761002F20D0306987421BD30299B96119
:10FB6000216900290DD0814209D339618F6108E0F4
:10FB70004761EEE7F9F7BCF8EBE70F60EBE7F9F761
:10FB8000B7F86069002807D03169884202D37861EC
:10FB9000876101E0F9F7ACF801210320019A102AEE
:10FBA00009D2039A10436060201D039A80180268EE
:10FBB00011430160BAE0009A104360600198084365
:10FBC000221D009BD050019828500198C0081F2882
:10FBD00022D832002832C300D718019732681300A8
:10FBE000C3400B4003D181401143316007E0B86846
:10FBF0003169884201D3019001E0F9F779F8BD60DD
:10FC00000198C560019821000831009A88502000B1
:10FC10000C300099475089E00198000A01D1002278
:10FC20002AE00A04904201D31F2225E0FF22D2439A
:10FC30008218120C08231A4003929040004A01E0F7
:10FC400000F0FFFF8218120C04231A4090407E4BF4
:10FC5000C3181B0C02273B4002930E23039FDB1BA0
:10FC60009A1A029BD21A9840C00B10184200019BAE
:10FC7000C01DC3400B40D21898204000301893009C
:10FC8000C0180290EA61002023001433009FD8516D
:10FC900023001033009FD85170680300D3400B40FD
:10FCA00006D19140014371600298056002981EE000
:10FCB000029800681F2A019901D1019A05E01923D1
:10FCC00052089A1A9140F8E7180043680727BB4387
:10FCD000934216D003001033CF0FBF00DF19490045
:10FCE0003B68002BF0D131698F421DD33D60A86184
:10FCF00020000C30009945502000083000994550F4
:10FD000014E08168326990420ED391420CD3CD60E9
:10FD1000856022000832009BD15021000C31009AEE
:10FD200088500020A86101E0F8F7E2FF083400D015
:10FD3000ABE30B4CA568009885421FD3291A626972
:10FD40000127032010290DD3009BD318A1600F4376
:10FD5000161D009D775159500099084350600AE0E4
:10FD60004C5700200023A36028435060101D401909
:10FD700001680F4307606361140083E3334CE0685C
:10FD80000099814200D26FE3314D2868002801D1EB
:10FD9000FFF743FBA968009840182F30491E88439D
:10FDA0000099814200D36FE3D82149006118896826
:10FDB000002909D0D8225200A2581018824200D33C
:10FDC00062E3814200D25FE305F0A2FD002800D18A
:10FDD0005AE3016801910021C943884200D153E3ED
:10FDE000D82149006158019A89181A4A126891422B
:10FDF00000D30A00D8235B00E3185A60D8225200CF
:10FE0000A150A169002927D12169002901D0884288
:10FE100000D220611861019959610021D9612A68D5
:10FE200062620022D2432262220028329260D260B3
:10FE30001300083353611361891C10321F29F5D94F
:10FE4000019A283A010025E000C0FFFF4C5700202E
:10FE5000105E002000590020E021490062180600D1
:10FE600000E09268002A19D0106851684018864254
:10FE7000F7D1107B000711D4A169136899420DD303
:10FE800055685B19994209D2019828185060E068BA
:10FE9000019A82182000FFF7D5FAE1E22069864234
:10FEA00000D22661E020400020180199711800E07E
:10FEB0008068002800D1D5E102688A42F8D1017B30
:10FEC000090700D5CEE1114606604268019BD218B1
:10FED0004260072032000832024201D1039606E058
:10FEE000082233000833D21A0240B21803920A00E3
:10FEF0000832024205D008220B000833D21A104003
:10FF0000091801910398009940180490054601983A
:10FF10000399411A009A891A0291009903220A430F
:10FF200003994A60854201D3F8F7E2FE0126019861
:10FF30004068304001D1F8F7DBFE0298102801D26A
:10FF4000F8F7D6FE0198A169884207D1E0680299C6
:10FF50004018E060A56106436E6081E161698842F6
:10FF600008D1A068029940186561A06006436E60E0
:10FF7000285075E140688107890F012900D0CCE045
:10FF8000072188430690C0081F2844D80199896832
:10FF900000910199CF6805900198B84201D1F8F716
:10FFA000A7FE01980099884201D1F8F7A1FE0198B7
:10FFB0004068072188430599C900884201D0F8F7B5
:10FFC00097FE200028300599C90040180099814209
:10FFD00008D02269914200D295E0C968019A914205
:10FFE00000D090E000998F4206D12168059A012047
:10FFF00090408143216088E0874207D02069874292
:020000040801F1
:1000000000D280E0B868019988427CD10098C7602E
:100010000098B86079E00198806900900198C768FD
:1000200087420DD080682169884225D3C168019A32
:10003000914221D1B96891421ED1C760B8601DE0DC
:1000400014300768002F07D1019810300768002F7F
:1000500014D001E008000768390014310A68002A4A
:10006000F8D1390010310A68002AF3D12169884299
:1000700002D30021016001E0F8F73AFE0098002861
:1000800043D00198C1699820400020188A00821846
:1000900001981368984209D1002F26D16368012086
:1000A000884083436360002010602EE0009821693F
:1000B000884217D3006901998842009810D10761DE
:1000C000002F22D0206987421DD30099B961019980
:1000D000096900290DD0814209D339618F6108E097
:1000E0004761EDE7F8F704FEEAE71760EAE7F8F79B
:1000F000FFFD01984069002807D02169884202D39A
:100100007861876101E0F8F7F3FD019806994018DE
:100110000190029806994018029001984068B043F7
:10012000019948600298304368600298285002980C
:10013000C0081F2826D80190200028300199C90046
:100140004018009007460298102801D2F8F7D0FD19
:10015000206801990200CA40324003D18E40064314
:10016000266008E0009880682169884201D3070072
:1001700001E0F8F7BDFD00988560FD60AF60009874
:10018000E8606DE00298000A01D1002323E0310409
:10019000884201D31F231EE0FF21C9434118090CE7
:1001A000082211408840BB4A8218120C04231A40CE
:1001B0009040B94BC3181B0C02273B400E27791AFD
:1001C000891AC91A9840C00B08184100029AC01D2C
:1001D000C24032408B1898204000201899004018E7
:1001E000EB6100226A612A6161680F00DF403740DD
:1001F00004D19E400E43666005601DE000681F2B21
:10020000029901D1029B05E019265B08F31A994077
:10021000F8E7300046680727BE439E4211D006002B
:100220001036CF0FBF00F71949003E68002EF0D1FD
:1002300021698F4212D33D60A861ED600498A860E7
:100240000EE081682369984208D3994206D3CD60B5
:10025000049B8360A960E860AA6101E0F8F748FDAB
:10026000039C0FE1204685692900FFF7C7F8016864
:100270004068081803902738410701D1002003E0A7
:100280000821081A4007400F039908182F38290041
:100290001031884201D2029500E002900298183095
:1002A000059000200490019A283A31002000FFF7C1
:1002B000C9F802980830400701D0F8F719FD1B2053
:1002C0000299486002980830E02149006118102224
:1002D000F4F7E4FC71480661019941610026C661AA
:1002E000029908318161039A07230598049900E077
:1002F000001D4360491C070008379742F8D30129C5
:1003000001DCF8F7F5FC0298A84200D1A8E0411BF7
:10031000281D4018026801239A4302600120084307
:1003200068606950C8081F2826D80290200028302D
:10033000029AD200801801900646102901D2F8F7DF
:10034000D7FC20680121029A0300D3400B4003D15F
:1003500091400143216008E001988068216988424A
:1003600001D3060001E0F8F7C3FC01988560F56051
:10037000AE600198E86073E0080A1A4629D01304B9
:10038000984201D31F2024E0FF23DB43C3181B0C3A
:1003900008273B40039398403E4BC3181B0C04278F
:1003A0003B40029398403C4BC3181B0C02273B4038
:1003B00001930E23039FDB1B029FDB1B019FDB1BB3
:1003C000B840C00B18184300C01D0F00C7401740AD
:1003D000D81998235B00E3188700DB190193E861C3
:1003E0006E612E6163681F00C740174007D18240CD
:1003F0001A436260019805600198A8611FE0019AA4
:1004000012681F2801D1080006E0192340081B1AB2
:100410000800984000E01A0053680727BB438B424E
:1004200010D013001033C70FBF00DF1940003B6826
:10043000002BF0D12069874210D33D60AA61ED60A6
:10044000AD600DE0906821698A4207D3884205D3E8
:10045000C5609560A860EA60AE6101E0F8F748FC0D
:10046000E068009981420FD2401AE060A169009AC9
:100470008A18A261012303435360009803220243B8
:100480004A600C00083400E0002400BF00BF2000D8
:1004900007B0F0BD00F0FFFF00C0FFFFFC580020D8
:1004A000002800D17047F8B584B00838050000BFB7
:1004B00000BF474C2069854200D2D9E26868032119
:1004C00003220240012A00D1D2E2C708FF00EA1944
:1004D00000920126304242D12A68084000D1C3E28E
:1004E000BF1850422D182069854200D2C0E26069D1
:1004F000854200D108E1D008202800D37EE0A96819
:100500000291E968019103900198854201D1F8F7C1
:10051000EFFB0298854201D1F8F7EAFB68680721F2
:1005200088430399C900884201D0F8F7E1FB200015
:1005300028300399C90040180299814205D02269E8
:10054000914258D3C968A94255D10199029A914262
:1005500042D12168039A0120904081432160009894
:10056000854200D384E24068304200D180E28107B6
:1005700000D5CBE10099A269914200D0D4E0E068B7
:10058000C019A561E06006436E6061698D4202D1C9
:1005900000216161A160E169814200D364E20D48FC
:1005A0000068002801D1FEF738FFA169002900D1B9
:1005B0005AE2E068292802D32000FEF71FFFE06915
:1005C000E168884200D34FE20020C043E0614BE283
:1005D0004C570020105E0020814206D00846216959
:1005E000884208D38068A84205D10198D06002985B
:1005F00001998860B3E7F8F77BFBB0E7A869029040
:10060000E868A84210D0A9680190206981422CD3E3
:10061000C868A84229D101988068A84225D10198CC
:10062000C8600198816022E02900143108680190B7
:10063000002805D12900103108680190002816D043
:10064000019801E011000868020014321368002BC1
:10065000F8D1020010321368002BF3D10190206909
:10066000814202D30020086001E0F8F741FB0298C4
:10067000002800D173E7E9699820400020188A001B
:100680008218106885420AD1019800282BD163682E
:100690000120884083436360002010605FE7029878
:1006A000216988421CD30069A8420198029915D19A
:1006B00008610198002800D151E720690199814221
:1006C00099D30299019A9161296900290FD0814239
:1006D0000BD3019801610198886108E04861E8E75F
:1006E000F8F706FBE5E71060E7E7F8F701FB686954
:1006F000002800D133E72169884200D27BE70199C5
:100700004861019981612AE7009840680140032906
:1007100000D024E7A76000984068B0430099486083
:100720003E436E60EF519FE16269914207D1A0683C
:10073000C0196561A06006436E60285094E10721EE
:1007400088433F18C00820284AD20099896802913E
:100750000099C9680191039000980199884201D1DC
:10076000F8F7C6FA00980299884201D1F8F7C0FA62
:1007700000984068072188430399C900884201D046
:10078000F8F7B6FA200028300399C90040180299FA
:10079000814208D02269914200D2ACE0C968009A37
:1007A000914200D0A7E00199029A914206D12168B6
:1007B000039A01209040814321609EE0814209D04C
:1007C00008462169884200D295E0806800998842F5
:1007D00000D090E00198D0600298019988608CE088
:1007E0000098806902900098C0680099884200993A
:1007F00011D089680190206981422CD3C868009A81
:10080000904228D101988068904224D10198C86014
:100810000198816021E0143108680190002805D119
:100820000099103108680190002816D0019801E065
:1008300011000868020014321368002BF8D102007E
:1008400010321368002BF3D101902069814202D34A
:100850000020086001E0F8F74BFA029800284CD01D
:100860000098C1699820400020188A0082180098DA
:10087000136898420AD1019800282CD1636801209E
:100880008840834363600020106036E0029821694D
:1008900088421DD30069009988420198029915D1B8
:1008A00008610198002828D020690199814222D34B
:1008B0000299019A91610099096900290FD081423A
:1008C0000BD3019801610198886108E04861E8E76D
:1008D000F8F70EFAE5E71060E6E7F8F709FA00988E
:1008E0004069002809D02169884204D301994861F0
:1008F0000199816101E0F8F7FBF901203843686054
:10090000EF516069854208D1A760ADE0B04300991E
:100910004860012038436860EF51F808202827D24A
:100920000290200028300299C900401800900190E0
:10093000102F01D2F8F7DCF9206802990200CA40B2
:10094000324003D18E400643266008E0009880685C
:100950002169884201D3019001E0F8F7C9F90098B4
:1009600085600198C5600198A8600098E8607BE008
:10097000380A27D03104884201D31F2022E0FF210A
:10098000C9434118090C08221140019188403A4995
:100990004118090C04221140009188403749411840
:1009A000090C022211400E22019BD21A009BD21A7E
:1009B000521A8840C00B10184100C01D3A00C240B6
:1009C0003240881898214900611882008918E8612E
:1009D00000226A612A6162681300C340334004D177
:1009E0008640164366600D601DE009681F2801D12E
:1009F000380006E019224008121A3800904000E042
:100A000011004A6807239A43BA4210D00A001032F4
:100A1000C30F9B00D31840001A68002AF0D1206948
:100A2000834211D31D60A961ED60AD600EE088685E
:100A30002269914208D3904206D3C5608D60A860B8
:100A4000E9600020A86101E0F8F752F9206A401E31
:100A500009D12062E4204000205800E0806800288E
:100A6000FCD10020C043206200BF00BF05B0F0BD34
:100A7000F8F73EF9F8E7000000F0FFFF00C0FFFFC5
:100A80000020704716B582B0040001940020009049
:100A900003AB0A0001A9074878441830F8F77EF93B
:100AA0000021019A1170002801D40198001B04B0A4
:100AB00010BD00BFB73AFFFF90420ED1A4460C0014
:100AC0001C430128644107D0994205D14C006415AC
:100AD000641C644000D30C0364467047F8B50FB43F
:100AE00084B004A80CC8901849414815C9176C4631
:100AF00003C4684603C80021C943884221D0084680
:100B000041081040194001D100281AD006A803C896
:100B10000D0004186D416C150025ED43AC4210D05A
:100B20002C46650804400D4001D1002C09D0190065
:100B3000002900DB8DE0002480252D06A41A8D41BC
:100B400089E0684603C8C3A6C0CEB9420BD1B04203
:100B500009D11D03100D05431403002D01D1002CF4
:100B600001D004A840E006A803C86C4603C46C4644
:100B700030CC24196D416C15ED17BD420BD1B44238
:100B800009D16C4630CC2D03260D35432403002DAE
:100B900029D1002C27D13C466508294010D10028D6
:100BA0000ED104A803C8080041004915224691420D
:100BB00019D1000317D1F9F7C9F9104629461BE1ED
:100BC00006A803C80E0071004915B9420ED13003C2
:100BD0000CD104A803C808004100491522469142DF
:100BE00001D10003E7D006A803C805E12B401AD1C4
:100BF000002A18D10E9A06A803C8FEF7BEFA06000E
:100C00000F0034403D4001D1002C07D07900491538
:100C10000022D243914203D1380301D1F9F79FF961
:100C200030003900E8E004A803C808004100491575
:100C3000A14208D1000306D104A803C806AA0CCA21
:100C4000FAF7BAF8D8E00020802109060E403100FA
:100C5000D2E014000D0000206A49002904DA802740
:100C60003F06061A8F4139008D4206DA06A803C8EE
:100C70000B0080200006034018E06349002904DAD5
:100C800080273F06061A8F413900A94211DC01DB9B
:100C9000A0420ED2F9F763F95C494A00520806A84F
:100CA00003C80B00802000060340134300201900F6
:100CB000A2E004A803C856A20CCAFAF77DF8634B59
:100CC0001A000C0080231B061C4014430022230042
:100CD000FEF7B5FAFEF78AFA0090F9F7EDFC04008A
:100CE0000D004DA003C822002B00FAF765F804AAF6
:100CF0000CCAFEF7A4FA06000F0049A003C82200A0
:100D00002B00FAF759F832003B00FEF798FA04007E
:100D10000D00690049080022434BFEF7FCF902D29E
:100D200006A803C84EE022002B002900FAF744F879
:100D300006000F003DA003C832003B00FAF73CF864
:100D40003CA20CCAFEF77BFA32003B00FAF734F8FB
:100D500002AA03C239A003C832003B00FAF72CF8FC
:100D600038A20CCAFEF76BFA32003B00FAF724F8FF
:100D70000022364BFEF763FA22002B00FAF71CF82C
:100D800004000D0002A803C822002B00FEF757FA4A
:100D900000222F4BFEF753FA06000F0002A803C8EB
:100DA00022002B00FEF7AEFA0022294BFEF747FA8D
:100DB00002000B0030003900F6F7B7FD06AA0CCA96
:100DC000F9F7FAFF009A0E9BD218FEF7D6F9040045
:100DD0000D000AA003C82040294001D1002807D0F7
:100DE000690049150022D243914203D1280301D161
:100DF000F9F7B5F82000290009B0F0BDFFFFFFFFAB
:100E0000FFFFFF7F00C89CC000C89C400000F07F2F
:100E1000FE822B654715F73F000000F8422EE6BF23
:100E2000F2E4D5BCE7E84BBE0000903C112E5781A0
:100E3000A03F503F5843128C8F71BC3F4BE8A541F7
:100E4000B752013F0BBDF3DAE8708C3F0000E03F82
:100E50000000F03FFFFFFFFFFFFFFFFF12B583B071
:100E6000042101800B4C0020C0430290019103A893
:100E7000009002234222A0210748F2F763F90028DC
:100E800004D120700520FBF735F801E00120207027
:100E900004B010BD585F0020685B002012B583B01D
:100EA000042101800B4C0020C0430290019103A853
:100EB000009002234622A0210748F2F743F90028B8
:100EC00004D120700520FBF715F801E00120207007
:100ED00004B010BD585F0020685B002012B583B0DD
:100EE000042101800B4C0020C0430290019103A813
:100EF000009002235222A0210748F2F723F900288C
:100F000004D120700520FAF7F5FF01E001202070E0
:100F100004B010BD585F0020685B002012B583B09C
:100F2000042101800B4C0020C0430290019103A8D2
:100F3000009002235622A0210748F2F703F9002867
:100F400004D120700520FAF7D5FF01E001202070C0
:100F500004B010BD585F0020685B002038B5050064
:100F60000C00002028606860A860002C07D02000DA
:100F7000F8F7C2FF286068600019A860012032BD40
:100F800010B504002168002908D0A068421A20008A
:100F900004F0D4FC002020606060A06010BD7047A9
:100FA00010B581070ED12449441820006421F3F7BD
:100FB00068FD002908D12000C8214900F3F761FD30
:100FC000002901D023A010BD1CA010BDF8B50D0054
:100FD000002804D4461E96214900741802E0060039
:100FE0003400643C810711D113494718380064214B
:100FF000F3F747FD002906D13800C8214900F3F76F
:1010000040FD002902D100BF0CA700E011A770101D
:10101000800F80198110009130006421F3F731FDB9
:1010200000990E1A2000C8214900F3F72AFD301854
:101030006900795E4018F2BD6C07000000001F00D7
:101040003C005B0079009800B600D500F400120166
:1010500031014F0100001F003B005A00780097004B
:10106000B500D400F300110130014E01F8B586B08F
:101070000600100019005A4A002312184B41002E96
:1010800000D1584E0C98306214001D00E120000180
:1010900000218018594104AA03C2009601E004A867
:1010A00030C820002900504A0023FDF75AF80600F6
:1010B000200029004C4A0023FDF753F802A80CC079
:1010C00002A803C8002908DA761E02A803C8464A07
:1010D000002312184B4102A80CC0701C0721F3F723
:1010E000D0FC002900D5C91D009881613000FF2186
:1010F0006E31F3F7C6FC3D4971180191040000E020
:10110000641EFF256E3500212000FFF75FFF2100E0
:1011100069434718BE42F3DB7819B04215DA0198EB
:10112000B84201D1A00701D0641CEAE73048251875
:1011300028006421F3F7A5FC002906D12800C82166
:101140004900F3F79EFC0029EED12000F41B009922
:1011500048610099CC61FFF723FF0C21020018328F
:10116000491E921E0023D35E9C42F9DB009A116156
:101170004900405E201A401C0099C860E124240107
:1011800002A803C822000023FCF7EBFF0099886047
:1011900002A803C822000023FCF7E3FF14001D008F
:1011A000200029003C220023FCF7DBFF0099486067
:1011B000200029003C220023FCF7D3FF00980260A6
:1011C0000098006A002807D5009804F0BCFB00993D
:1011D0000862002800DD62E7009807B0F0BD00BF9C
:1011E000807EAA83A05D00208051010092FEFFFF57
:1011F0006C0700000020704780B5802149004448FA
:1012000004F0A4FBEFF31080012181F31088414921
:101210000A68802313430B6080F310880A20F1F7DB
:1012200047FD01BDFEB51F00089E00256B461D70E1
:101230000A430192384801684160354C2580658039
:10124000A5802421A01DF3F7A5F9042033490870D7
:101250000198802149000143300020D089B220004C
:1012600004F074FB3A00330001991678891920883C
:1012700024280FD0A01DA7887F00C653A088401C3B
:101280002688761C268086B2242E01D0A08001E01C
:101290000020FBE7521C5B1EE7D1019103E089B2FD
:1012A000200004F053FB0199C9B2200004F04EFB6A
:1012B0001B490D70EFF3108372B61A4A106983F35D
:1012C0001088194B1860EFF31080012484F3108804
:1012D000104C256880262E43266080F310886846CF
:1012E0000078EFF3108472B6156984F310881C68D7
:1012F0002C1BFA2C03D20C78012CF2D1012003B064
:10130000F0BD0020094908700448007870470000CB
:10131000105C002000440040B45E0020B25E00205B
:10132000B05E0020D40A0020705F0020B15E002073
:1013300084460870000A4870000A8870000AC87065
:1013400060467047C3788278417800781B021A4360
:1013500009021204084310437047704780B5934850
:101360000021C16101624162914A92491C30F1F74A
:1013700050FC01BD38B5EFF3108072B68E4CA168F9
:10138000491CA16080F310888C4DE9692020014040
:1013900004D02968084001D000F07CF8296880203A
:1013A000014004D0E969084001D000F03AF829680A
:1013B00040200140002905D0E969014002D028629F
:1013C00000F05AF8A868C0070AD5E869400707D5B1
:1013D000802000057A490860BFF34F8FBFF36F8FFD
:1013E000EFF3108072B6A168491EA16002D080F3AD
:1013F000108831BD6268514211400A011143714A9F
:101400008B0119430B04591A890E515CE160226863
:10141000914203D0802149056B4A116080F3108806
:1014200031BD624841784218D2780378002B07D04A
:101430005B1E0370491CCBB2102B00D10021417000
:101440005E498A620078002815D1EFF310800122EE
:1014500082F310880A6880239A430A6080F3108818
:10146000EFF31080012282F310880A6840231343AF
:101470000B6080F310887047EFF31080012181F337
:1014800010884E490A6840239A430A6080F3108806
:10149000704700007CB54D48006869460870434CB1
:1014A00020001C3004F068FAE569206A461B208B96
:1014B000411C8E4202D129184978E182E18A421802
:1014C000521D964232D1091DC9B2281800F084F885
:1014D0002075A919491E0978884227D1EFF3108099
:1014E00072B635494A683A4B1C68D5432540002DF1
:1014F00005D04D6825434D6022401A6001E001226D
:101500001A7180F31088EFF3108072B64A68314B7D
:101510001C68D543254005D04D6825434D602240C9
:101520001A6001E00121197180F3108873BDF1B5D3
:101530000D001E4CE069206200262680A670102156
:10154000E01CF3F727F8280017D00098290022782C
:10155000102A0FD00278E31CA778DA55A278521C23
:1015600023785B1C2370D3B2102B01D0A27001E052
:101570000022FBE7401C491EE9D12900009800F039
:101580002BF820750100200004F018FA681C208355
:10159000EFF31080012181F3108808490A68802345
:1015A00013430B6080F31088F1BD0000CC5D002078
:1015B0002C6000208DAB0108D40A002000380140C7
:1015C00080E100E00C98010804ED00E024380140BF
:1015D000385F0020405F002000220B0004D0037819
:1015E000D218401C491EFAD15042C0B2704770B5A3
:1015F00004002069884209D36069102801D320685B
:1016000000E0200021610022425470BD0D1A00212B
:10161000C943091A8D4201D3F7F76AFB002D25D083
:101620004619002231002000F3F7A0F900281DD050
:1016300020696169012D07D1102901D3216800E0DB
:10164000210000220A5408E0102901D3226800E09A
:10165000220029001018F2F79DFF6069102801D3BD
:10166000206800E0200026610021815570BD704790
:10167000F7B504002820205C012801D1022057E0A2
:10168000012528202554022029216054CA202168E0
:10169000486253202168486220688169304A0A40C4
:1016A000826120680427C16D3943C1652B480068F9
:1016B000400619D4F7F79CFA2A49009106002068E1
:1016C000C068384010D1F7F793FA801B0099884220
:1016D000F5D3FF20216848620320292160540020AF
:1016E00028216054032023E0029801992268516167
:1016F00021688A6907239A438A6121688A691043AD
:1017000088610C480168EA040A4302602068816924
:10171000AA030A43826120688169AA020A4382619E
:10172000FF20216848622920255400202821605488
:1017300003B0F0BD8018024010B5040020680421F9
:10174000026D0A4005D0C26D1143C1652000F6F755
:1017500099FA01202921605410BD00000C28004096
:10176000FFFBFFFFE903000070B586B00600802094
:10177000C0021F490A6802430A60096808400090D5
:10178000009801A902A8FCF79DFC0598002802D149
:10179000FCF786FC02E0FCF783FC4000154D16497F
:1017A00029601649E9601649F3F76EF9401E686032
:1017B00000202861A860A861280000F051F9040009
:1017C00012D1280000F05BF904000DD11620FAF7C1
:1017D00013FA042E07D2002231001620FAF708FA75
:1017E0000848066000E00124200006B070BD00003B
:1017F00040100240B05C002000480140E7030000B8
:1018000040420F00F00A002081B00A4801214268DE
:101810000A434260426811400091009980214905C5
:1018200002680A430260006801400091009801B01C
:10183000704700BF3C100240F8B400222EE02D0A91
:101840002F006F436F436F43456A3E01F61BB5435C
:10185000009E77432F43476219E0022E2ED0C668C0
:1018600026400F695F433743C7604E68022E0ED192
:101870004E690096FF2DE2D81E006E436E43056A46
:101880003701BF1BBD43009F7E432E4306620568A0
:101890002C404D686B4323430360521C0B681C00B3
:1018A000D44018D0012595401D40F6D02B006B4345
:1018B0005C00E618F4434E68012ECED186682640BF
:1018C0008F685F43374387604668AE43CF686F4396
:1018D00037434760C3E70020F2BC7047F0B583B0E0
:1018E000040001200125226810405DD10E0020680F
:1018F00033490140B06808433169014370690843C6
:10190000F1690143216060682E490140F068084395
:101910006060A0682C490140B0690843A060244879
:10192000844201D1032003E02248844203D10C20E9
:1019300004F075F809E02048844202D01F48844230
:101940002BD1684604F050F80298002825D077681B
:10195000002F22D0002531680C291ED21B4A09060F
:10196000890D5158F3F790F87908F26980231B022A
:101970009A420CD1400040183900F3F785F880B244
:10198000134901400007400F0143E16005E04018A2
:101990003900F3F779F880B2E060E06A0F218843FC
:1019A000316889B20843E062280003B0F0BD00004E
:1019B000003801400044004000480040004C004016
:1019C000F369FFEFFFCFFFFFFFFCFFFFD49B010890
:1019D000F0FF0000F2B5040017001D00002C01D13B
:1019E0000120F2BD260084367068002803D13070D3
:1019F0002000FBF761FD242070602068016801224F
:101A000091430160A06A002802D0200004F04CF944
:101A1000200004F08BF801281DD0009821688A6806
:101A20008023DB0113438B6021688A680A4B1340D3
:101A30001843886020680168084A0A407905114304
:101A40002A040A4302602068016801220A430260F6
:101A5000200004F09DF9F2BDFF7FFFFFFFFF00FCB7
:101A600010B5040001D1012010BD3D20205C0028EC
:101A700004D13C2160542000FBF7A0FD26E03D216D
:101A8000415C012901D00120704702213D2281548F
:101A900002680121D3680B43D36002681C4B9A4251
:101AA00005D01C4B9A4202D01B4B9A4208D1936836
:101AB0001A4A1A40062A07D00B049A4204D0026838
:101AC00012681143006801600020704702203D2128
:101AD0006054211D206800F0D1F801204821605495
:101AE0003E2160543F2160544021605441216054A4
:101AF0004221605443216054442160544521605484
:101B000046216054472160543D216054002010BD9F
:101B1000002C01400004004000400140070001008B
:101B2000F8B504002068C76805690226354215D05B
:101B3000374213D00221C943016101212177806915
:101B4000800703D0200004F011FA05E0200004F023
:101B50000EFA200004F00CFA00202077680717D551
:101B6000780715D520680421C9430161267780696B
:101B7000C0218900014003D0200004F0F7F905E0FE
:101B8000200004F0F4F9200004F0F2F9002020779E
:101B90000826354216D0374214D020680821C943A0
:101BA000016104212177C069800703D0200004F07F
:101BB000DDF905E0200004F0DAF9200004F0D8F99E
:101BC000002020771020054217D0384015D020681B
:101BD0001021C94301612677C069C02189000140F5
:101BE00003D0200004F0C2F905E0200004F0BFF9A2
:101BF000200004F0BDF900202077E807C00FFA07A5
:101C0000D20F104206D00120C04321680861200095
:101C1000F5F726FE82208001284007D0380605D53A
:101C2000144821680861200004F0A3F9E80507D5ED
:101C3000380605D5104821680861200004F09AF99B
:101C40004020054208D0384006D04020C0432168DB
:101C50000861200004F08FF92020054008D03840AA
:101C600006D02020C04321680861200004F084F9D8
:101C7000F1BD00007FDFFFFFFFFEFFFF10B4026831
:101C8000204B984202D0204CA04206D17024A2439F
:101C900014004A68224398420ED01B4CA0420BD03D
:101CA0001A4CA04208D01A4CA04205D0194CA042B0
:101CB00002D01A4CA04203D1174C1440CA682243E8
:101CC0008024A2434C69144304608A68C2620A6893
:101CD0008262984208D00E4A904205D00D4A904246
:101CE00002D00E4A904201D109690163012141618C
:101CF0000269114003D0016901229143016110BCC6
:101D000070470000002C014000040040002000400B
:101D10000040014000440140FFFCFFFF004801403B
:101D2000F0B43C22825C012A01D1022028E0012289
:101D30003C23C25402233D24035503685E689C681B
:101D4000104DAB4203D1104F37404E683E437027D1
:101D5000BE430F6837435F600368AB4205D00B4D4D
:101D6000AB4202D00A4DAB4204D18025AC43896816
:101D7000214399603D21425400213C22815400209E
:101D8000F0BC7047002C0140FFFF0FFF0004004033
:101D9000004001407047012252054B18DA4201D938
:101DA000581570475B0D0722D2019B1A10D9FF2BE3
:101DB0001DD2DB050122D2070A4013430903020D9D
:101DC0001143490AC200524100D9491CC818704742
:101DD0000AD1800A0A0302435212921C04D9D30783
:101DE0000B40D00518437047C80FC0077047C80F95
:101DF0000002FF30C00570471CB5040000A8801C1D
:101E00000021018000A8811C801C821C00AB5B1C8F
:101E1000200004F0B2F801A800210160021D6B4609
:101E2000010020000C3004F0A8F80248562160524E
:101E3000200016BD1027000038B584B0754C012075
:101E400020800020C04302900120019003A8009050
:101E50000223B822A0217048F1F778FA401E804191
:101E6000C043C00F6D4908706D4D6846007B2870F7
:101E700001280AD000280AD0002028700021200064
:101E800004F086F82878012801D1062000E0082017
:101E90006449087005B030BD1CB504006248F8F70D
:101EA00028FA002820D05F4C00202056062802D0B7
:101EB000082802D004E0012000E000205849087002
:101EC00057480178534804F063F80020205606284C
:101ED00002D0082802D013BD984900E098499948DB
:101EE0000068F8F7E9FA13BD9748F8F702FA0028F6
:101EF0000DD04C4800214156062901D1082100E0AF
:101F00000621017000946946AE48F9F7F9FE13BD49
:101F10001CB59B4C41682000F8F726FB05A00190FA
:101F20000120009001233F48027806212000F8F7A5
:101F300079FB13BDD22FCD0080B53B48F8F7D9F916
:101F4000002803D07F480068F8F794FA01BD00002C
:101F500010B58B4C41682000F8F706FBB0480179BA
:101F6000002907D14079002802D000BF04A102E077
:101F700008A100E0AB492000F8F738FB10BD0000D5
:101F8000C220D0CEC1CED7CECCD320D1D2C0CD4965
:101F90000000000020CDC520C2C8C7CDC0D7C5CD28
:101FA000C8C9202000000000704780B5C5E70000C8
:101FB00038B50500724C69682000F8F7D5FA9848E2
:101FC0000179002920D10A22C43004F01EF82883A8
:101FD0001820285E632801D114A116E0082801D238
:101FE00017A112E001000839082901D219A10CE05B
:101FF00001001039082901D21BA106E01838082871
:1020000006D200BF1DA100E086492000F8F7EEFAD5
:1020100031BD000080600020685B0020585F002018
:10202000A0600020C3600020F80A0020D1C8C3CD02
:10203000C0CB20C249C4D1D3D2CD49C900000000D1
:1020400020202020CFCEC3C0CDC8C92020202020F2
:10205000000000002020C7C0C4CEC249CBDCCDC8E0
:10206000C9202020000000002020202020C4CEC154
:10207000D0C8C920202020200000000020202020DF
:10208000C249C4CC49CDCDC8C920202000000000E1
:10209000704780B551E7000030B58BB004001121C6
:1020A00006A8F2F779FA364D207E002804D10120E7
:1020B00020762800FBF7ADFC2022102106A8F2F7BD
:1020C0006DFA61682800F8F74FFA55480179002940
:1020D00002D000BF9EA12CE04178002928D0010049
:1020E000DC316846F2F726FB0598102801D3009AE8
:1020F00000E06A4606AC00BF93A10D20049BC01A05
:1021000040082018F2F768FAC0B2102806D2202240
:1021100041420C312018001DF2F72CFA06A92800C4
:10212000F8F764FA002201216846F2F7D6F903E0D5
:102130008CA12800F8F75AFA0BB030BD300300200C
:1021400020000020DC5F0020280B00200021017609
:10215000704700B585B07248F8F7CBF800280CD06E
:102160007049684603F05CFF6F4869461122F2F738
:10217000AFFD6E480068F8F77DF905B000BD0000BE
:102180002459002038B50500694C287E002804D168
:10219000012028762000FBF73CFC69682000F8F756
:1021A000E3F91F480179002902D000BF68A105E0CA
:1021B000010094314869102800D309682000F8F71D
:1021C00015FA31BD5C5A002000210176704780B5B8
:1021D000B3E6000038B50500554C287E002804D130
:1021E000012028762000FBF714FC69682000F8F72E
:1021F000BBF90B480179002908D1902141581029D9
:1022000001D3C16F03E001007C3100E050A1200048
:10221000F8F7ECF931BD70474160464901607047FD
:102220002855002050230108FEB504003C48F8F76B
:1022300060F800280ED03C4983B068461122F2F7BE
:1022400047FD0EBC374803F00FFF38480068F8F729
:1022500011F928E03848F8F74CF800280CD0207E17
:10226000401CC1B23A2900DB302020762E49334A87
:102270000023D256885411E03148F8F73AF8002884
:1022800011D0302020762D4D2E78761C77B226483E
:10229000F2F77EFA874200D101262E70009469463B
:1022A0002848F9F72DFD03B0F0BD1CB5204C41685E
:1022B0002000F8F759F91C480190012000900123F3
:1022C0001E48027800212000F8F7ACF913BD000089
:1022D00030B585B030210176012018490870114DC4
:1022E0002900684603F09CFE0F4C2000694611222D
:1022F000F2F7EEFC2000F2F74BFA10280ED000BFE8
:102300001DA12000F8F7D0FE210083B068461122FD
:10231000F2F7DEFC0EBC280003F0A6FE05B030BDCF
:10232000F80A002084600020785E0020DC5F002036
:102330002459002010A40108280B0020C3600020AD
:10234000100B00205C5A0020257320E3F0ED000004
:10235000CDC5CCC0AA20D149CC20CAC0D0D2C8217A
:102360000000000020CDC520C2C8C7CDC0D7C5CD54
:10237000C8C92020000000002B3338303030303006
:102380003030303030202020000000007047000046
:1023900038B504008E4D61682800F8F7E5F8A168AB
:1023A000002900D18B492800F8F720F98A480068F5
:1023B000052866D3A04CA14DA878012805D103209B
:1023C00069460870200003F073FE2878012804D1C4
:1023D00069460870200003F06BFE6878012805D17B
:1023E000022069460870200003F062FEE8780128A8
:1023F00005D1042069460870200003F059FE2879B1
:10240000012805D1052069460870200003F050FE20
:102410006879012805D1062069460870200003F07C
:1024200047FEA879012805D10720694608702000D9
:1024300003F03EFE2878012811D0A87801280ED09C
:10244000687801280BD0E878012808D0287901287D
:1024500005D06879012802D0A87901280AD1EFF3C4
:10246000108072B6A549096980F31088A4480160FC
:10247000A44900E0A4490868BB4A11600168896862
:10248000884731BD70477047F8B50600504F00BF10
:1024900052A13800F8F768F8EFF3108172B6974848
:1024A000026981F3108896490B68D21AFA23DB007F
:1024B0009A4273D3EFF3108272B6006982F31088E8
:1024C000086000BFEFF3108072B65B4C217A80F396
:1024D000108800294ED1594DA878012802D02878BB
:1024E00001286DD1200003F019FEA878012806D13B
:1024F000032069464870491C200003F0D9FD287864
:10250000012805D169464870491C200003F0D0FD20
:102510006878012806D1022069464870491C2000CD
:1025200003F0C6FDE878012806D10420694648700A
:10253000491C200003F0BCFD2879012806D10520A4
:1025400069464870491C200003F0B2FD68790128F3
:1025500006D1062069464870491C200003F0A8FDFA
:10256000A879012806D1072069464870491C200037
:1025700003F09EFD00226946200003F0DDFDB069F6
:1025800069460978491E062907D801A2525C97447A
:1025900006141A1E222A260029A0B061B16938004B
:1025A000F8F724F8F1BD00BF2AA0F6E72EA0F4E763
:1025B00032A0F2E736A0F0E73AA0EEE73EA0ECE763
:1025C0005148694908600068016889688847E5E7FB
:1025D000245900209C2801080C600020202020CDD8
:1025E000C520CFD0C0D6DEAA2020202000000000C9
:1025F0001CB50400002269460F4803F09DFDA06948
:1026000069460978491E062913D801A2525C9744ED
:10261000060A0E12161E1A0009A00AE00DA008E014
:1026200011A006E015A004E019A002E01DA000E042
:1026300021A0A06113BD0000F45D0020585F0020C0
:102640002020202020454550524F4D202020202082
:1026500000000000202020D2C5D0CCCED1D2C0D2E4
:10266000202020200000000020D0CEC7D8C8D02EC7
:1026700020CFCED0D249C22000000000C4C0D2D7A3
:10268000C8CA20C2CECBCEC3CED1D24900000000F2
:10269000CAD3CFDED0CECFD0C8C94D2E204D4442B4
:1026A00000000000C8CDD2C5D0D4C5C9D120636315
:1026B00054616C6B00000000CFD0C8D1D2D049C9A2
:1026C00020504159504153530000000080B56748E5
:1026D000F7F70FFE002805D0234800684168F7F798
:1026E000EBFE01BD4CE038B50400614D6148026865
:1026F00061682800F7F738FF64E00000D40A002082
:1027000018600020A80A0020A00A0020F8B584B0B4
:10271000584D594F380003F05FFD286057498842F3
:102720001BD300242C60039404203880544E0020D6
:10273000C04302900420019003A8009002230022CD
:10274000A0215048F0F7FEFC002804D13470052089
:10275000F9F7D0FB01E001203070380003F03CFDB8
:10276000286005B0F0BD0000DC5F002080B53F4868
:10277000F7F7BFFD002803D003204349087014E099
:102780004248F7F7B6FD002803D041480068F7F744
:1027900071FE01BD38B50FE0704780B53348F7F7DB
:1027A000A8FD002800D000E0EAE739480068F7F704
:1027B00072FE01BD38B500BF04002D4D61682800D0
:1027C000F7F7D2FEA168002901D100BF33A128008C
:1027D000F7F70CFF31BD704780B52448F7F789FD46
:1027E000002800D0E1E7CBE738B5E5E7704780B5D2
:1027F0001E48F7F77EFD002800D0D6E7C0E738B5C1
:10280000DAE7704780B51948F7F773FD002800D064
:10281000CBE7B5E738B5CFE7704780B51348F7F792
:1028200068FD002800D0C0E7AAE738B5C4E77047C4
:1028300080B50E48F7F75DFD002800D0B5E79FE7AB
:1028400038B5B9E7704780B50848F7F752FD00285A
:1028500000D0AAE794E738B5AEE7704780B50348E3
:10286000F7F747FD002800D09FE789E7F80A002026
:1028700024590020745F00204060002000E1F5052D
:10288000585F0020685B0020CA600020100B002009
:10289000DC5F002038B58FE7704700002020202043
:1028A00020202020202020202020202000000000A8
:1028B00080B56348F7F71DFD002804D0B5480068CF
:1028C000F7F7E9FD01BDB4489EE038B5A8E0F8B5DA
:1028D00084B001255B4805800020C043029001952B
:1028E00003A800900223D822A0215748F0F72EFD1C
:1028F000401E8041C043C00F544F3870544E68464C
:10290000007B307001281ED000281ED000243470B7
:10291000684604734B4805800020C043029001952F
:1029200003A800900223D822A0214748F0F70AFC10
:10293000002804D13C700520F9F7DCFA00E03D7076
:102940003078012801D1062000E00820A349087052
:1029500005B0F0BD1CB504003948F7F7CAFC0028E3
:1029600020D09E4C00202056062802D0082802D0F5
:1029700004E0012000E00020354908703448017867
:10298000304803F047FC00202056062802D00828D3
:1029900002D013BD924900E092497E480068F7F7E3
:1029A0008BFD13BD9048F7F7A4FC00280DD08B4891
:1029B00000214156062901D1082100E006210170BD
:1029C00000946946B148F9F79BF913BD1CB5874CD3
:1029D00041682000F7F7C8FDAD480178002905D10E
:1029E00001210170BBA12000F7F700FEBEA00190FD
:1029F0000120009001237948027806212000F7F792
:102A000011FE13BD80B50E48F7F773FC002803D004
:102A100060480068F7F72EFD01BD000038B500BF23
:102A20000400724D61682800F7F79EFDA168002937
:102A300001D100BFA7A12800F7F7D8FD31BD0000E4
:102A4000F80A002088600020685B0020585F0020A2
:102A5000A16000207047704770B584B006008D48B3
:102A6000F7F747FC002832D08B4E68463178017367
:102A700001248A4804808A4D0020C04302900194BA
:102A800003A8009002230522A0218648F0F75AFBF4
:102A9000002804D128700520F9F72CFA00E02C70EA
:102AA000814C00203056F4F71BFF01002000F8F79E
:102AB0009DFA00203056401EF4F712FF010020005E
:102AC000F8F7A4FA33480068F7F7D4FC0BE046485F
:102AD000F7F70FFC0028704C734D26D12E48F7F7FE
:102AE00008FC00284ED104B070BD002003E0205641
:102AF0003228FADA401C2070FA20F0F7D9F80020CA
:102B00002056F4F7EDFE01002800F8F76FFA0020D8
:102B10002056401EF4F7E4FE01002800F8F776FA8C
:102B2000009669465948F9F7EBF8802109015F489A
:102B3000F7F7DBFA0028DAD0009669465348F9F730
:102B4000DFF8D0E7322003E020560028FAD0401EFC
:102B50002070FA20F0F7ACF800202056F4F7C0FE01
:102B600001002800F8F742FA00202056401EF4F732
:102B7000B7FE01002800F8F749FA00966946434875
:102B8000F9F7BEF84021A020C005F7F7AEFA0028FB
:102B9000DAD0D1E7DC5F0020100B002010B584B044
:102BA000124C41682000F7F7DFFC3F48F8F7C6F900
:102BB000002801D043A000E044A003903648002143
:102BC000405602903AA00190012000900123072274
:102BD0002000F7F727FD04B010BD0000C3600020FF
:102BE00098090020B0000020280B00202459002064
:102BF000F8B584B00124294804802A4F0020C0433E
:102C00000290019403A8009002230522A02138001D
:102C1000F0F79CFB401E8041C043C00F204E307037
:102C20001D4D6846007B287000202856332819D394
:102C30000A20287069460873184804800020C043A1
:102C40000290019403A8009002230522A0213800DD
:102C5000F0F778FA002804D130700520F9F74AF926
:102C600000E03470104C00202856F4F739FE0100C3
:102C70002000F8F7BBF900202856401EF4F730FE7C
:102C800001002000F8F7C2F905B0F0BD5C5A002041
:102C9000A5600020F80A00209D600020446000200C
:102CA000585F0020685B00209B60002000040050FB
:102CB00074B0BB203D2025322E3264B043202573F2
:102CC00000000000C2CACB2E20000000C2C8CCCA3F
:102CD0002E00000020202020202020202020202046
:102CE0002020202000000000D22FCD0038B50500A4
:102CF0006748F7F7FEFA002824D0A1480021415682
:102D0000062904D0092904D00E2905D031BD092196
:102D100000E00E21017031BDA0480021405600287E
:102D200001D1072000E0C0B228769D4C2068CA215E
:102D30004162532141620022290018312000F4F73A
:102D4000FCFB1FE19748F7F7D4FA002821D08C4804
:102D500000214056062804D009280AD00E2810D099
:102D60003BE0A87E401CC1B2202900DB0120A876F0
:102D700033E0687E401CC1B20D2900DB012068767B
:102D80002BE0E87E401CC1B2642900DB1520E87608
:102D900023E09848F7F7ADFA002823D078480021BF
:102DA0004056062804D0092809D00E280ED014E079
:102DB000A87E401E010600D11F20A8760DE0687E87
:102DC000401E010600D10C20687606E0E87E401E19
:102DD000C1B2152900DA1520E87600956946A448A5
:102DE000F8F78EFF31BD000038B586B004006846A4
:102DF000210018310422F1F76BFF00999D48F3F789
:102E0000FDFF9D4D61682800F7F7AEFBE07EFA21DB
:102E1000C90040180590607E0490A07E039000BF1A
:102E20000AA05E49002289564A00511840180290B3
:102E30000CA001900120009001235148027800214C
:102E40002800F7F7EFFB07B030BD0000CDE400CF5E
:102E5000ED00C2F200D1F000D7F200CFF200D1E1D4
:102E600000000000202573202025322E32642D25FD
:102E7000322E32642D25342E3464200080B5062194
:102E80003F4A11701830A8490422F1F721FF01BD13
:102E9000F80A002038B505009C48F7F72AFA002800
:102EA0001BD0374800214156052904D0082904D0F9
:102EB0000B2905D031BD082100E00B21017031BD87
:102EC000374C2068CA214162532141620022290007
:102ED00018312000F4F79FFA54E03248F7F709FA66
:102EE000002821D0264800214056052804D0082873
:102EF0000AD00B2810D03DE0287E401CC1B2182912
:102F000000DB0020287635E0687E401CC1B23C29F9
:102F100000DB002068762DE0A87E401CC1B23C2971
:102F200000DB0020A87625E03248F7F7E2F9002818
:102F300025D0134800214056052804D008280AD07F
:102F40000B2810D016E0287E002802D0401E2876DC
:102F500010E01720FBE7687E002802D0401E68764C
:102F600008E03B20FBE7A87E002801D0401E00E0DF
:102F70003B20A876009569463D48F8F7C1FE31BD73
:102F8000C3600020002801D0F4F784FCFF202168F2
:102F9000486296480068F7F76DFA31BDC9600020B5
:102FA000485D0020280B002030B585B00500324C6C
:102FB00069682000F7F7D8FAA87E0490687E03902D
:102FC000287E02908A4801900120009001238948C0
:102FD000027800212000F7F725FB05B030BD80B551
:102FE0000521844A11701830C0491422F1F756FEA9
:102FF00001BD0000100B0020F8B584B004257E4808
:1030000005800027FF430297019503A80090022343
:10301000DB22A0217948F0F799F9401E8041C04396
:10302000C00F774E30707748039901700178FF29FF
:1030300001D03D2916DB0124047003946E480580FD
:103040000297019503A800900223DB22A0216B4880
:10305000F0F778F8002804D130700520F8F74AFF1F
:1030600000E0347006206349087005B0F0BD000030
:103070005C5A002094050020245900201CB504004F
:103080002248F7F736F9002805D05E4801785A48FB
:1030900003F0E0F825E19B48F7F72BF9002815D15C
:1030A0009948F7F726F9002828D113BD012004E03C
:1030B000544908783C28F9DA401C0870FA20EFF7E8
:1030C000F7FD00946946B748F8F71AFE8021090118
:1030D0008E48F7F70AF80028EAD0B5E23C2104E070
:1030E000484801780029F9D0491E0170FA20EFF70D
:1030F000DFFD00946946AB48F8F702FE4021A020AE
:10310000C005F6F7F2FF0028EAD0E6E7F80A00204B
:1031100030B583B00500A44C69682000F7F724FAA5
:1031200038480078A2E20000D85F002038B588B0A7
:103130000820304908709D4D142028800020C0438D
:1031400002901420019003A8009002235A22A0218B
:103150002A48F0F7FBF8401E8041C043C00F2849C1
:103160000870934C200003A91422F1F797FD2078F2
:1031700040B200280DD4617849B2002909D4A27860
:1031800052B2002A05D4182803DA3C2901DA3C2A75
:103190000DDB20001421F1F7FFF9210083B0684610
:1031A0001422F1F77BFD0EBC280003F073F82078A1
:1031B00040B200280BDD00202070210083B068465B
:1031C0001422F1F76BFD0EBC280003F063F82078A1
:1031D000E1210901484361780A01511A8900401828
:1031E000A17840187349086009B030BDDC5F002049
:1031F00008350108C36000208A600020685B002059
:10320000585F0020A26000201CB504006A48F7F750
:1032100070F8002822D0694800214156082902D0C0
:103220000B2903D013BD0B21017013BD6049087831
:10323000E122120150434A7813019A1A9200801831
:103240008A7880185B4A106083B068461422F1F7D0
:1032500025FD0EBC554803F01DF842E02948F7F75C
:1032600048F8002819D0554800214056082802D0B7
:103270000B2809D02FE04E484178491CCAB20A2ACF
:1032800000DB0021417026E049488178491CCAB220
:103290003C2A00DB002181701DE01B48F7F729F86C
:1032A00000281DD0454800214056082802D00B2890
:1032B00009D010E03E484178002902D0491E4170F3
:1032C00009E00921FBE73A488178002901D0491E2D
:1032D00000E03B218170009469463248F8F710FD08
:1032E00013BDAD480068F7F7C5F813BD8C5E00202C
:1032F00018B585B02C4C41682000F7F735F92C48FB
:10330000EEE00000280B0020100B0020000400500D
:1033100038B588B0052029490870A04D14202880B0
:103320000020C04302901420019003A800900223C3
:103330006E22A0219A48F0F709F8401E8041C04350
:10334000C00F98490870984C200003A91422F1F787
:10335000A5FC207840B2182807D2607840B23C28FB
:1033600003D2A07840B23C280DD320001421F1F7FD
:1033700013F9210083B068461422F1F78FFC0EBCCC
:10338000280002F0ABFF2078E12109014843617871
:103390000A01511A89004018A1784018BA490860FA
:1033A00009B030BD5C5A0020245900206E60002016
:1033B000285E002000600020F80A0020C360002082
:1033C0001CB504009F48F6F794FF002826D0A148BA
:1033D00000214156052904D0082904D00B2905D025
:1033E00013BD082100E00B21017013BD6E49087860
:1033F000E122120150434A7813019A1A9200801870
:103400008A788018A04A106083B068461422F1F7C9
:1034100045FC0EBC614802F061FF62E79D48F6F78B
:1034200068FF002824D08B4800214056052804D08E
:1034300008280BD00B2812D043E05B480178491CC8
:10344000CAB2182A00DB002101703AE056484178E0
:10345000491CCAB23C2A00DB0021417031E05248CD
:103460008178491CCAB23C2A00DB0021817028E027
:103470008948F6F73EFF002828D0764800214056BC
:10348000052804D008280BD00B2812D019E0464894
:103490000178002902D0491E017012E01721FBE7D4
:1034A00041484178002902D0491E417009E03B2182
:1034B000FBE73D488178002901D0491E00E03B210F
:1034C0008170009469469748F8F71AFC13BD000014
:1034D00018B585B0944C41682000F7F745F832489C
:1034E00081780491417803910078029006A00190C0
:1034F0000120009001235748027800212000F7F7AF
:1035000091F806B010BD00002020202025322E3278
:10351000643A25322E32642E25322E326420202049
:1035200020000000F8B584B00425804805800027FD
:10353000FF430297019503A8009002232622A021B1
:103540001748EFF703FF401E8041C043C00F154EE0
:103550003070774803990160764A914217D300246E
:1035600004600394714805800297019503A80090B8
:1035700002232622A0210A48EFF7E4FD002804D107
:1035800034700520F8F7B6FC01E0012030700A2005
:103590003049087005B0F0BDDC5F0020706000208D
:1035A000685B0020585F00203C5E00201CB50400D2
:1035B0002448F6F79EFE002805D05D4801685B4868
:1035C00002F0D4FE8DE63348F6F793FE002817D1BB
:1035D0003148F6F78EFE00282BD113BD002006E0FF
:1035E00053490868FA2292009042F7DA401C0860BA
:1035F000FA20EFF75DFB009469464A48F8F780FB34
:10360000802109018448F6F770FD0028E8D01BE00E
:10361000FA21890004E0464801680029F8D0491ED3
:103620000160FA20EFF744FB009469463D48F8F743
:1036300067FB4021A020C005F6F757FD0028EAD01F
:10364000E5E70000F80A0020009469463548F8F7DD
:1036500057FB13BDC360002030B583B00500324C6A
:1036600069682000F6F780FF314800680290A8687A
:103670000190012000900123894802780021200058
:10368000F6F7D0FF03B030BDFC5F00200620844970
:1036900008707047280B0020100B00201CB5040098
:1036A0008048F6F726FE00280CD07F4800687C4949
:1036B00000228956062901D17C4900E07C49F6F7B1
:1036C000FBFE13BD7B48F6F714FE00280DD07448AE
:1036D00000214156062901D1082100E00621017090
:1036E000009469460F48F8F70BFB13BD1CB50E4C50
:1036F00041682000F6F738FF05A0019001200090F6
:1037000001236748027806212000F6F78BFF13BDDE
:10371000D22FCD0000200021904A03C201209F49F2
:10372000087070475C5A0020245900205660002021
:10373000985F0020E903000038B584B005005948BF
:10374000F6F7D7FD00282ED00024944804702800F6
:1037500000F02CF9814803C8002901D100281DD0B0
:10376000039004208E49088003988E4908608E4D8E
:103770000020C04302900420019003A8009002237F
:103780004A22A0219748EFF7DDFC002804D12C70D5
:103790000520F8F7AFFB01E00120287042480068DF
:1037A000F6F768FE35E04348F6F7A3FD002803D09E
:1037B0008D480078002808D18C48F6F79AFD00283B
:1037C0000AD089480078002806D000208649087071
:1037D0000021624A03C21CE08548F6F78AFD0028F2
:1037E00017D0A3480178002909D1A24909780029F6
:1037F0000FD101210170280000F0B2F809E000218A
:103800000170280000F0D2F800956946C848F8F722
:1038100077FA05B030BD00000004005080B595492E
:103820000978714A12780B00134319D14168C148D5
:10383000F6F79AFE904841788D4A1278002A06D110
:103840008E4A1278012A02D0FD220A4001E00222AB
:103850000A4342700122411C0320F6F7C7FC16E020
:10386000002A01D014A102E0002910D017A1B1480C
:10387000F6F77AFE80484178FD220A404270012224
:10388000411C0320F6F7B2FC002079490870334848
:103890000CC800BF12A1A748F6F7A8FE01BD0000A2
:1038A000C3600020F80A0020DC5F0020E404002050
:1038B00068090020280B002020CFCECCC8CBCAC07E
:1038C00020CDC0CBC8C2D32000000000CF49C4C364
:1038D000CED2CEC2CAC020C2CEC4C82000000000D2
:1038E000202020204E203D2025342E346C642020C2
:1038F000202000005E490978002900D1704780B57A
:1039000039490978002902D000F050F801BDEFF3E1
:10391000108072B688490A79012A00D0002280F30B
:103920001088002A18D0EFF3108072B600220A71B6
:1039300080F31088EFF3108172B67D482022037A5D
:10394000D21A81F31088120606D07C4909680968EA
:1039500000916946F8F7D4F901BD0000605F0020CE
:1039600080B5022076490A68024002D14A680240C6
:1039700001D0086048600520F8F73EF9EFF31080A9
:1039800072B67049096980F310886F48016001229E
:1039900091026E48F6F7B0FB01BD0000B460002054
:1039A00066600020BC5F0020585F002080B50020CA
:1039B0002F490870664803C8664A03C20022802166
:1039C000C9006248F6F798FB02205D490A68024088
:1039D00002D14A68024001D0086048600520F8F72B
:1039E0000BF901BD685B0020AE600020100B0020C9
:1039F000A00B0020F8B584B0042457480480574F2A
:103A00000026F6430296019403A8009002234A225E
:103A1000A0213800EFF79AFC401E8041C043C00F40
:103A20004F4D28704F4803990160491E4E4A9142FC
:103A300018D3E121490001600391474804800296B0
:103A4000019403A8009002234A22A0213800EFF736
:103A500079FB002804D128700520F8F74BFA01E023
:103A6000012028700B204149087005B0F0BD00000E
:103A7000B1600020B5600020F05E0020A76000204B
:103A800038B504003A48F6F734FC002806D035482B
:103A90000168314802F08AFCFFF77BFA3548F6F7F7
:103AA00028FC0028224D11D13348F6F722FC0028CB
:103AB00027D131BD2B480168491C01607D20EFF7FB
:103AC000F7F8009469462800F8F71AF980210901EF
:103AD0001E48F6F70AFB0028ECD00094694628003F
:103AE000F8F70EF931BD1F480168002901D0491EC1
:103AF00001607D20EFF7DCF8009469462846F8F76E
:103B0000FFF84021A020C005F6F7EFFA0028EAD020
:103B1000009469462846E3E730B583B00500054CBC
:103B200069682000F6F720FD0E48006800B29DE5A8
:103B30005C5A002024590020205F0020DC5F002018
:103B40000C180240D40A0020146000200004005029
:103B5000605F0020685F002066600020685B0020D6
:103B6000585F0020BC5F00200F270000C3600020CA
:103B7000F80A0020280B0020100B0020F8B584B0B4
:103B800004008848F6F7B5FB002820D08648007866
:103B900069460873012485480480854D0020C04390
:103BA0000290019403A8009002230422A0218148DE
:103BB000EFF7C8FA002804D128700520F8F79AF921
:103BC00000E02C707C480068F6F754FC26E07B4847
:103BD000F6F78FFB002821D079480178491C4AB2BA
:103BE000032A00DB0021704A1378764D2E884FB2ED
:103BF000002F03D0022F07D003D307E000230126B4
:103C000004E001230A2601E00223642613702E80BB
:103C1000009401706946C948F8F772F805B0F0BD24
:103C200018B583B08D4C41682000F6F79DFC5E48C6
:103C30000078029005A00190012000900123082245
:103C400008212000F6F7EEFC04B010BD25312E311E
:103C500064000000F8B584B00124544804800027B3
:103C6000FF430297019403A8009002230422A0219D
:103C70005048EFF76BFB401E8041C043C00F4C4ED5
:103C80003070494D6846007B287000281BD0012801
:103C900019D0022817D002202870694608734348BB
:103CA00004800297019403A8009002230422A0211B
:103CB0004048EFF747FA002804D130700520F8F7A4
:103CC00019F900E034703E48002141563D4A1388FE
:103CD0002D78002D03D0022D07D003D307E000215B
:103CE000012304E001210A2301E002216423017081
:103CF000138005B0F0BDF8B504002A48F6F7F9FACC
:103D000000281DD0994802F00EFD06000F002D4836
:103D100004882000F6F7C0FC32003B00F7F74CF8AF
:103D2000FBF776FA002800D12000914908600100D5
:103D3000904802F0FFFC20480068F6F79BFBF1BDBD
:103D40001E48F6F7D6FA00280DD0207E401CC1B2DE
:103D50003A2900DB302020768449874A0023D25656
:103D60008854009418E08548F6F7C3FA002817D065
:103D70003020207680480178491C814B00255B5714
:103D80004AB29A4200D10021784A4BB2D25C2E2A24
:103D900000D1491C0094017069466848F7F7B0FFEC
:103DA000F1BD0000F80A00209C6000204260002065
:103DB000585F0020685B0020DC5F0020280B00209B
:103DC000C2600020946000201CB5BAE070B584B0D9
:103DD0003021017600206849087007206849087082
:103DE000644E042030800020C043029004200190E3
:103DF00003A8009002230622A0219048EFF7A6FA1C
:103E0000401E8041C043C00F8D490870584D039833
:103E100028608C4C401E8C49884204D3218829603C
:103E2000300002F087FC2868F3F75AFD050020886F
:103E3000F3F746FD01002800F6F7F0F9F3F75CFD13
:103E400002000B008BA081490978CC00611A41184F
:103E50004648F0F7C1FB04B070BD000024590020B3
:103E600038B584B004007A48F6F743FA002833D016
:103E70003E4802F058FC04000D0072480088F6F736
:103E80000BFC22002B00F6F797FFFBF7C1F9002887
:103E900000D10120039004216E4A11806E49086010
:103EA000674C0020C04302900420019003A80090BA
:103EB00002230A22A0216148EFF744F9002804D127
:103EC00020700520F8F716F801E001202070634803
:103ED0000068F6F7CFFA2FE06148F6F70AFA0028F3
:103EE0000DD0207E401CC1B23A2900DB3020207664
:103EF0001E49214A0023D2568854009418E01F48D6
:103F0000F6F7F7F9002817D0302020761A48017804
:103F1000491C1B4B00255B574AB29A4200D1002135
:103F2000124A4BB2D25C2E2A00D1491C0094017077
:103F300069460248F7F7E4FE05B030BD5C5A002040
:103F40001CB5484C41682000F6F70EFB074801906D
:103F5000012000900123444800214256521DD2B254
:103F600005212000F6F75EFB13BD0000E85A002093
:103F7000785F002046600020C3600020100B002006
:103F8000C4600020F8B584B03021017600253648A1
:103F9000057007203549087004242E48048000204D
:103FA000C0430290019403A8009002230A22A0219A
:103FB0002248EFF7CBF9401E8041C043C00F204F8D
:103FC0003870254E03983060401E1F49884219D32F
:103FD0003220306003901F4804800020C0430290CC
:103FE000019403A8009002230A22A0211348EFF7AE
:103FF000A9F8002804D13D700520F7F77BFF01E008
:10400000012038703068F3F76BFC04000D4800881D
:10401000F3F756FC01002000F6F700F9F3F76CFC0B
:1040200002000B0013A009490978CC00611A41185D
:104030000F48F0F7D1FA05B0F0BD0000685B002032
:10404000585F0020946000203F420F009C600020D9
:10405000F80A0020486000207C5F0020DC5F002020
:10406000280B002024590020C3600020C4600020D9
:10407000E85A00202530372E3066002530372E31A3
:1040800066002530372E326600000000F8B50400C7
:104090008348F6F72EF9002819D0954802F043FB23
:1040A00006000F007F4804882000F6F7F5FA32007A
:1040B0003B00F6F781FEFBF7ABF8002800D12000AB
:1040C0007949086001008B4802F054FB52E056E049
:1040D0001CB586E070B584B0302101760020864999
:1040E0000870072085490870824E04203080002027
:1040F000C04302900420019003A8009002230E22E6
:10410000A0217F48EFF722F9401E8041C043C00F35
:104110007C490870644D03982860624C401EBE497B
:10412000884204D321882960300002F023FB9BE001
:10413000F8B504005A48F6F7DCF8002819D06C48A6
:1041400002F0F1FA06000F00564804882000F6F746
:10415000A3FA32003B00F6F72FFEFBF759F80028D0
:1041600000D12000804908600100AC4802F022FB29
:1041700000E004E0AA480068F6F77CF9F1BD8C483D
:10418000F6F7B7F800280DD0207E401CC1B23A29BE
:1041900000DB302020765649574A0023D2568854F7
:1041A000009418E08348F6F7A4F8002817D03020D0
:1041B000207651480178491C504B00255B574AB284
:1041C0009A4200D100214A4A4BB2D25C2E2A00D139
:1041D000491C0094017069469248F7F791FDF1BDC2
:1041E0001CB5914C41682000F6F7BEF9404801909B
:1041F0000120009001238D4800214256521DD2B269
:1042000005212000F6F70EFA13BD000070B584B04A
:10421000302101760020384908700720374908709E
:104220007E4E042030800020C04302900420019084
:1042300003A8009002231222A0213148EFF786F84C
:10424000401E8041C043C00F2E490870464D039860
:104250002860144C401E7049884204D3218829608C
:10426000300002F0A7FA00BF2868F3F739FB050019
:104270002088F3F725FB01002800F5F7CFFFF3F7BF
:104280003BFB02000B0000BF74A069490978CC0019
:10429000611A41186748F0F79FF904B070BD00003B
:1042A000F80A002094600020805F0020F8B5040028
:1042B0006148F6F71EF8002819D00D4802F033FACD
:1042C00006000F005D4804882000F6F7E5F932008B
:1042D0003B00F6F771FDFAF79BFF002800D12000A4
:1042E000574908600100574802F084FA42E746E760
:1042F000E85A00204A600020C3600020C46000200B
:10430000685B0020585F00201CB56AE770B584B078
:104310003021017600204549087007204A4908707D
:10432000484E042030800020C043029004200190B9
:1043300003A8009002231622A0214448EFF706F8B4
:10434000401E8041C043C00F414908703C4D039856
:1043500028603A4C401E3049884204D321882960A5
:10436000300002F047FA7FE7845F0020F8B50400D0
:104370003148F5F7BEFF002819D02E4802F0D3F9D6
:1043800006000F002D4804882000F6F785F932005A
:104390003B00F6F711FDFAF73BFF002800D12000A3
:1043A0002C49086001002C4802F044FAE2E6E6E6F7
:1043B000280B0020100B00201CB512E770B584B04C
:1043C0003021017600201949087007201E49087025
:1043D000214E042030800020C04302900420019030
:1043E00003A8009002231A22A0211848EEF7AEFF7E
:1043F000401E8041C043C00F15490870154D0398F9
:1044000028600E4C401E0449884204D3218829604C
:10441000300002F00FFA27E73F420F004C60002007
:10442000DC5F00205C5A002024590020C36000207B
:104430009C600020E85A0020F80A002094600020C8
:104440008C5F002050600020C4600020685B00206A
:10445000585F0020885F00204E6000202530372EF6
:104460003066002530372E3166002530372E326613
:104470000000000010B584B08B48F5F73AFF002823
:1044800004D08A480068F5F7F5FF22E08848F5F780
:1044900042FF00281DD000208649086003900420B8
:1044A00085490880854C0020C0430290042001907B
:1044B00003A8009002231E22A0218148EEF742FEAD
:1044C000002804D120700520F7F714FD01E0012039
:1044D000207004B010BD000010B57A4C4168200077
:1044E000F6F742F873480068F3F706FA0022764BB5
:1044F000F3F71BFA02000B007BA12000F6F776F819
:1045000010BDF8B584B004206B4908800024E44352
:104510006B4F0294019003A8009002231E22A02159
:104520003800EEF713FF401E8041C043C00F634DBB
:10453000287003985F490860042064490880029449
:10454000019003A8009002232222A0213800EEF758
:10455000FDFE401E8041C043C00F28705C4E039892
:10456000306004205B4908800294019003A8009009
:104570000223B222A0213800EEF7E8FE401E80415F
:10458000C043C00F2870544803A90422F0F7A0FBD1
:1045900048480068002102F06DF910D34000011670
:1045A000A14201D100020AD13068002102F062F973
:1045B00005D340000116A1422ED100022CD00022CA
:1045C00045494648F3F709F800203A490860306049
:1045D00003900420384908800294019003A80090B9
:1045E00002231E22A0213800EEF7ACFD002804D1E2
:1045F00028700520F7F77EFC01E001202870316863
:10460000324802F04BF9684633490422F0F760FB68
:104610000099304802F062F905B0F0BD1CB522489F
:10462000F5F767FE002804D020480068F5F722FF60
:1046300013BD2B48F5F76FFE002815D0264C00223D
:1046400021002648F2F7C9FF002021490860002117
:104650001E4802F023F9684621000422F0F738FBD7
:1046600000991C4802F03AF913BD00001CB5154C26
:104670001949CA7801924A7800928B78426800BF43
:104680001CA12000F5F770FF11480068F3F734F91A
:1046900000220D4BF3F749F902000B0012A1200094
:1046A000F5F7A4FF13BD0000F80A0020DC5F00202E
:1046B000280B0020905F002052600020585F0020EF
:1046C000685B00202459002000408F405460002087
:1046D000945F00207A600020D45F0020485D0020B5
:1046E000100B002070470000563D2531322E3366F6
:1046F00020CB0000257325322E32642F25322E3236
:10470000642F25322E32642000000000F8B584B0FA
:1047100008268A4806700125894805800020C04384
:104720000290019503A800900223B622A02185489B
:10473000EEF70CFE401E8041C043C00F8249087056
:10474000824F6846007B3870002820D001281DD099
:1047500000243C7068460473794805800020C043FB
:104760000290019503A800900223B622A02175486B
:10477000EEF7E8FC0028744804D104700520F7F730
:10478000B9FB00E005703878012800D106266B4897
:10479000067000209849087005B0F0BD1CB50400F3
:1047A0009648F5F7A6FD002812D0684801786448BD
:1047B00002F0B4F892480068604900228956062940
:1047C00002D1F5F757FE13BD8E49F5F775FE13BDFF
:1047D0008D48F5F78EFD002811D05848002141562C
:1047E000062902D10821002201E006210122574BAF
:1047F0001A700170009469468448F7F781FA13BD76
:104800001CB5834C41682000F5F7AEFE05A0019071
:104810000120009001234948027806212000F5F785
:1048200001FF13BDD22FCD001CB504007348F5F76E
:1048300060FD002825D0414800214156062904D0BA
:10484000092904D00E2905D013BD092100E00E214D
:10485000017013BD6F4800214056002801D1072088
:1048600000E0C0B26C49087068460422F0F730FAE4
:1048700000996A4802F072F861480068F5F7FAFD9D
:1048800013BD6148F5F735FD002824D02B480021E1
:104890004056062804D009280BD00E2812D041E03B
:1048A0005D488178491CCAB2202A00DB0121817051
:1048B00038E059484178491CCAB20D2A00DB012171
:1048C00041702FE05448C178491CCAB2642A00DB09
:1048D0001521C17026E09B48F5F70BFD002826D076
:1048E000164800214056062804D009280AD00E2870
:1048F00010D017E048488178491E0A0600D11F21D0
:1049000081700FE044484178491E0A0600D10C210D
:10491000417007E04048C178491ECAB2152A00DA42
:104920001521C170009469463848F7F7E9F913BDBD
:10493000F8B586B00600384C0AE10000C3600020DC
:104940007C600020685B0020585F00209E60002093
:10495000F8B584B006209649087004242F480480D6
:104960000026F6430296019403A8009002238222B7
:10497000A0219048EEF7EAFC401E8041C043C00FE2
:104980008D4D2870244F380003A90422F0F7A0F9B8
:10499000387840B2401E07280CD2787840B20D28F3
:1049A00008D2B87840B2202804D2F87840B215383E
:1049B0004F281ED3380081490422F0F789F903A853
:1049C00039000422F0F784F9144804800296019417
:1049D00003A8009002238222A0217648EEF7B2FBC2
:1049E000002804D128700520F7F784FA01E001209F
:1049F000287005B0F0BD0000BF600020F80A00205C
:104A0000DC5F002044050020280B00205C5A0020B9
:104A100024590020C9600020CC5F00207260002073
:104A200038B504006648F5F764FC002833D06048C8
:104A300000214156062904D0092904D00E2905D0A9
:104A400031BD092100E00E21017031BDA6488278F8
:104A50000378A6490C789C420AD38C78944207D3F9
:104A60004C784578AC4203D3CC78C578AC4205D2BB
:104A70000B708A7042784A70C078C8706846042209
:104A8000F0F726F900999A4801F088FF99480068E4
:104A9000F5F7F0FC31BD9848F5F72BFC002824D041
:104AA000434800214056062804D009280BD00E2880
:104AB00012D041E08D488178491CCAB2202A00DB1F
:104AC0000121817038E089484178491CCAB20D2A19
:104AD00000DB012141702FE08448C178491CCAB233
:104AE000642A00DB1521C17026E01648F5F701FCA9
:104AF000002826D02E4800214056062804D0092838
:104B00000AD00E2810D017E078488178491E0A068E
:104B100000D11F2181700FE074484178491E0A06B8
:104B200000D10C21417007E07048C178491ECAB21B
:104B3000152A00DA1521C17000946946C048F7F7BC
:104B4000DFF831BD100B0020F8B586B00600674CC9
:104B5000684621000422F0F7BBF800999848F2F764
:104B60004DF9984D28782070974F71683800F5F707
:104B7000FBFCE078FA21C9004018059060780490A9
:104B8000A07803900FA0002169564A0051184018E0
:104B9000029000BF11A00190012000900123A948BC
:104BA000027800213800F5F73DFD07B0F0BD0000A8
:104BB000C3600020685B0020585F0020D85F0020A1
:104BC000F80A0020CDE400CFED00C2F200D1F000E1
:104BD000D7F200CFF200D1E10000000020257320C1
:104BE0002025322E32642D25322E32642D25342E8E
:104BF00034642000F8B584B00620924908703C4E19
:104C0000042535800020C0430290019503A8009040
:104C100002238622A0218C48EEF798FB401E80419B
:104C2000C043C00F894F3870304C200003A90422C4
:104C3000F0F74EF8207840B2401E07280CD260787A
:104C400040B20D2808D2A07840B2202804D2E078E3
:104C500040B215384F280DD320007D490422F0F7CB
:104C600037F8684621000422F0F732F80099300046
:104C700001F094FE774805800020C0430290019522
:104C800003A8009002238222A0216F48EEF75EFB6A
:104C9000401E8041C043C00F3870134D280003A947
:104CA0000422F0F715F8A878297822788A420AD3E6
:104CB000A278824207D362786B789A4203D3E27873
:104CC000EB789A420ED22170A07068786070E87814
:104CD000E070684621000422EFF7FAFF00993000E7
:104CE00001F05CFE05B0F0BDCC5F0020D05F00207D
:104CF00074600020DC5F0020280B002010B584B019
:104D000004005548F5F7F5FA002821D0534800680B
:104D100003900420524908804C4C0020C04302906C
:104D20000420019003A8009002234E22A0214648AF
:104D3000EEF708FA002804D120700520F7F7DAF81A
:104D400001E00120207047480068F5F793FB1BE065
:104D50004548F5F7CEFA002806D0404801680629F4
:104D60000DDA491C01600AE04048F5F7C2FA002854
:104D70000AD03A480168002901D0491E0160009418
:104D800069462F48F6F7BCFF04B010BD18B583B0D4
:104D90000D4C41682000F5F7E7FB3048006800B291
:104DA000029000BF32A0019001200090012325480D
:104DB000027807212000F5F735FC04B010BD000093
:104DC00094050020C960002024590020F8B584B063
:104DD00008201C4908700425214805800027FF434E
:104DE0000297019503A8009002234E22A0211648A5
:104DF000EEF7ACFA401E8041C043C00F134E307036
:104E0000164803990160491E052916D9012404603A
:104E10000394134805800297019503A8009002238C
:104E20004E22A0210848EEF78DF9002804D13070F9
:104E30000520F7F75FF800E0347005B0F0BD000022
:104E40005C5A0020C3600020685B0020585F00208F
:104E5000D85F002072600020F80A0020C05F0020A8
:104E600068600020DC5F0020280B0020100B002071
:104E700025322E3264000000F8B584B00826784848
:104E800006700125774805800020C04302900195F7
:104E900003A800900223B722A0217348EEF756FA28
:104EA000401E8041C043C00F984908706F4F68464C
:104EB000007B3870002820D001281DD000243C70D1
:104EC00068460473674805800020C043029001953E
:104ED00003A800900223B722A0216348EEF732F91D
:104EE00000288A4804D104700520F7F703F800E091
:104EF00005703878012800D1062659480670002030
:104F00008349087005B0F0BD1CB504008148F5F771
:104F1000F0F9002810D055480178524801F05EFDA4
:104F20007D4800684E4900228956062900D18BE150
:104F30007A49F5F7C1FA13BD7948F5F7DAF900288F
:104F400011D0474800214156062902D108210022EC
:104F500001E006210122454B1A7001700094694658
:104F6000BF48F6F7CDFE13BD1CB56E4C416820005E
:104F7000F5F7FAFA05A001900120009001233848C6
:104F8000027806212000F5F74DFB13BDD22FCD008E
:104F90001CB504005F48F5F7ACF9002823D062493E
:104FA0000878401C087040B26049072809DB83B0CC
:104FB00068460E22EFF78CFE0EBCA14801F02EFDD4
:104FC00040E1400008184178002906D001292DD180
:104FD0000A21234A1170012103E00E21204A117099
:104FE0000021417013BD4E48F5F783F900281AD00F
:104FF0001B48002141560A2902D00E2904D00CE09A
:105000000E210170002002E00A2101700120954963
:10501000454A0023D256520088540094694690486D
:10502000F6F76EFE13BDB748F5F763F913BD1CB56F
:105030003C4C41682000F5F797FA8B483A4900222A
:1050400089560A015118401801900120009001234F
:10505000AD48027800212000F5F7E4FA13BD000006
:10506000C36000207E600020685B00209F600020FD
:10507000F0B587B00E26724806800020C04302902B
:10508000019603A800900223B922A0219F48EEF7C1
:105090005DF9401E8041C043C00F1C490870234D7C
:1050A000280003A90E22EFF713FE002400206978E0
:1050B000012902D0002900D06C70411C0022AA56A0
:1050C000521E40B2824200D029700800AD1C49B285
:1050D0000729ECDB144F3870144D290083B0684663
:1050E0000E22EFF7F5FD0EBC554801F097FC3C7021
:1050F0006878002805D0012805D10A208249087067
:1051000001E08148067007B0F0BD0000585F002044
:10511000BF600020F80A0020DC5F00205C05002052
:10512000280B002024590020C2600020D05E0020FF
:105130001CB504007648F5F7DCF8002826D0724844
:1051400000214156052904D0082904D00B2905D097
:1051500013BD082100E00B21017013BD6D490878D3
:10516000E122120150434A7813019A1A92008018E2
:105170008A788018684A106083B068461422EFF776
:105180008DFD0EBC654801F087FC5BE06448F5F7D7
:10519000B0F8002824D05C4800214056052804D0EF
:1051A00008280BD00B2812D043E05A480178491C3C
:1051B000CAB2182A00DB002101703AE05548417854
:1051C000491CCAB23C2A00DB0021417031E0514841
:1051D0008178491CCAB23C2A00DB0021817028E09A
:1051E0004848F5F786F8002828D04748002140565F
:1051F000052804D008280BD00B2812D019E0454808
:105200000178002902D0491E017012E01721FBE746
:1052100040484178002902D0491E417009E03B21F5
:10522000FBE73C488178002901D0491E00E03B2182
:105230008170009469460A48F6F762FD13BD0000CC
:1052400082600020B1480068F5F714F913BD18B565
:1052500085B0874C41682000F5F786F92D48F3E0CA
:105260005C5A0020D15E00209C94010838B588B0BB
:10527000052025490870294D142028800020C043AE
:1052800002901420019003A8009002238A22A021FA
:105290001E48EEF75BF8401E8041C043C00F9C499A
:1052A00008701C4C200003A91422EFF7F7FC2078AB
:1052B00040B2182807D2607840B23C2803D2A078C8
:1052C00040B23C280ED3200092491422EFF7E6FCAE
:1052D000210083B068461422EFF7E0FC0EBC2800E2
:1052E00001F0DAFB2078E1210901484361780A01E5
:1052F000511A89004018A17840180749086009B080
:1053000030BD0000100B0020C3600020685B00204F
:10531000F80A0020505E0020046000207660002023
:10532000280B00201CB504007B48F4F7E2FF00289E
:1053300026D07A4800214156052904D0082904D0F6
:105340000B2905D013BD082100E00B21017013BD0E
:1053500073490878E122120150434A7813019A1ADE
:10536000920080188A7880186E4A106083B0684670
:105370001422EFF793FC0EBC6B4801F0B1FB61E720
:105380006A48F4F7B6FF002824D06448002140564C
:10539000052804D008280BD00B2812D043E0604821
:1053A0000178491CCAB2182A00DB002101703AE0DA
:1053B0005B484178491CCAB23C2A00DB002141709D
:1053C00031E057488178491CCAB23C2A00DB0021F1
:1053D000817028E01748F4F78CFF002828D04F4848
:1053E00000214056052804D008280BD00B2812D0E5
:1053F00019E04B480178002902D0491E017012E0E3
:105400001721FBE746484178002902D0491E417028
:1054100009E03B21FBE742488178002901D0491E81
:1054200000E03B218170009469464148F6F768FC32
:1054300013BD0000100B002018B585B00C4C41685E
:105440002000F5F791F8364881780491417803916E
:105450000078029038A001900120009001232F488D
:10546000027800212000F5F7DDF806B010BD00003D
:105470002459002038B588B00520284908702A4DE5
:10548000142028800020C04302901420019003A81B
:10549000009002239E22A0212648EDF757FF401ED0
:1054A0008041C043C00F1A4908701D4C200003A959
:1054B0001422EFF7F3FB207840B2182807D2607867
:1054C00040B23C2803D2A07840B23C280ED3200042
:1054D00010491422EFF7E2FB210083B06846142242
:1054E000EFF7DCFB0EBC280001F0FAFA2078E1218E
:1054F0000901484361780A01511A89004018A178CE
:1055000040180849086009B030BD0000DC5F002089
:10551000585F00208C5E0020F80A0020C360002045
:10552000645E00200860002078600020280B0020C6
:105530005C5A0020685B00202020202025322E327B
:10554000643A25322E32642E25322E3264202020F9
:105550002000000080B59448F4F7CBFE002804D06A
:10556000C0480068F4F797FF01BD9C4894E038B547
:105570009EE0F8B584B00125994805800020C0431D
:105580000290019503A800900223DC22A0219548F7
:10559000EDF7DCFE401E8041C043C00F924F3870D3
:1055A000924E6846007B307001281ED000281ED025
:1055B0000024347068460473894805800020C04385
:1055C0000290019503A800900223DC22A0218548C7
:1055D000EDF7B8FD002804D13C700520F6F78AFCF1
:1055E00000E03D703078012801D1062000E008205D
:1055F0009D49087005B0F0BD1CB504006A48F4F779
:1056000078FE002820D0984C00202056062802D092
:10561000082802D004E0012000E00020734908704F
:10562000724801786E4801F07FFA00202056062863
:1056300002D0082802D013BD8C4900E08C4989486B
:105640000068F4F739FF13BD8A48F4F752FE0028CA
:105650000DD0854800214156062901D1082100E0DE
:1056600006210170009469468348F6F749FB13BD93
:105670001CB5824C41682000F4F776FF90A00190A1
:105680000120009001237848027806212000F4F7D9
:10569000C9FF13BD80B54448F4F72BFE002803D0A2
:1056A00070480068F4F7E6FE01BD000038B500BFA1
:1056B0000400724D61682800F4F756FFA1680029C4
:1056C00001D100BF79A12800F4F790FF31BD7047E8
:1056D000704738B584B004003348F4F70AFE002858
:1056E00020D06748694602780A730124654804801F
:1056F0003D4D0020C0430290019403A80090022376
:10570000DD22A0213748EDF71DFD002804D12870C7
:105710000520F6F7EFFB00E02C7052480068F4F724
:10572000A9FE09E05348F4F7E4FD002816D12B4800
:10573000F4F7DFFD00282FD105B030BD002004E0D4
:105740004F4908566328F9DA401C0870FA20EDF733
:10575000AFFA009469464848F6F7D2FA8021090169
:105760004948F4F7C2FC0028EAD000946946424850
:10577000F6F7C6FAE0E7632105E04148002141560B
:105780000029F8D0491E0170FA20EDF791FA009433
:1057900069463948F6F7B4FA4021A020C005F4F76D
:1057A000A4FC0028E9D0E0E7F80A002018B583B08F
:1057B000324C41682000F4F7D7FE314800214056B2
:1057C000029000BF33A001900120009001230A2223
:1057D0002000F4F727FF04B010BD0000100B0020DC
:1057E0008C600020685B0020585F0020A3600020D0
:1057F000F8B584B00125234805800027FF430297B0
:10580000019503A800900223DD22A0211F48EDF797
:105810009DFD401E8041C043C00F1D4E3070184892
:105820006946097B017000214156642917D3002481
:10583000047069460C73134805800297019503A80C
:1058400000900223DD22A0211048EDF77BFC002808
:1058500004D134700520F6F74DFB00E0357005B03B
:10586000F0BD0000DC5F0020C3600020C8090020FC
:10587000C8000020280B00205C5A0020245900207A
:10588000A46000208E60002000040050685B0020AF
:10589000585F0020202020202087203D2025322E08
:1058A00032642525202020202020000020202020D8
:1058B0002020202020202020202020200000000068
:1058C000D22FCD0041788900411849680278002A1A
:1058D00009D0521E02704278521C4270D2B2202A65
:1058E00001D1002242700800704701004878081872
:1058F000C0780A78002A09D0521E0A704A78521CD1
:105900004A70D2B2202A01D100224A7070477047F3
:1059100007490868002801D0002070470548072281
:105920009043086004499143091A0160704700BF21
:1059300038600020C76A0020C07A002080B50800C7
:10594000F3F710FA01BD0020C04370470288242AF3
:1059500001D100207047828852008218D18081884E
:10596000491C81800188491C01808188242901D13A
:10597000002181800120704738B504000D00606867
:1059800081420DD2226891420AD38D1AA1688842C1
:1059900003D10121200001F0E7F82068405D07E015
:1059A000A168884203D10121200001F0DDF82878A8
:1059B000616808706068401C606031BD0278102A20
:1059C00001D10020704782788218D1708178491CFB
:1059D00081700178491C01708178102901D1002162
:1059E000817001207047704738B5040000F064F8FA
:1059F0002060464801681F222368454D0905090FAC
:105A0000890069581140CB406360006841494004F7
:105A1000400F800008580240D340A36031BD10B54C
:105A20000100002003290ED1224C616D8907890FE6
:105A3000C02292020A433849521A15D0521E16D07B
:105A4000521E19D01EE00C292FD11A4C616D0C2268
:105A50000A40C02109031143304A891A04D0091FA2
:105A600005D0091F08D00DE000F026F810BD216810
:105A700049051AD52A4810BDE16D890715D5802042
:105A8000000210BD00F018F8A368A2681F21204C86
:105A90001B051B0F9B00E3580B40D8401D4B5204C5
:105AA000520F92009A581140C84010BDEEF7ECFF1B
:105AB00010BD00000010024010B51B4B9868382143
:105AC0000140082902D0102902D017E0154810BD66
:105AD000D8688007800F032801D1124800E01048E1
:105AE000DA68D968DC685204520E50434906490FFF
:105AF000491CEEF7C9FF610F491C05E01A68084808
:105B000001219204520F9140D0E70000081002409A
:105B10004C980108A49E01080100030004000C0039
:105B20000024F40000127A0000100240F8B50500CD
:105B300000260024286801688D4A0A40A96811439C
:105B40002A690A4369691143EA690A4302604168A4
:105B5000884A0A40E968114341608168864A0A40E0
:105B6000A96911432A6A0A438260C16A0F229143DC
:105B70006A6A0A43C262814988420AD18048006841
:105B80008007800F20D0022812D013D3032813D00F
:105B90001CE07C49884211D1794800680C21014001
:105BA00015D0042906D0082902D00C2904D00DE014
:105BB00002210CE004210AE0082108E07249884231
:105BC00002D07249884201D1002100E010218020DA
:105BD0000002EA69824228D1002906D002291FD09A
:105BE00004291FD0082904D047E0F8F759FA002803
:105BF00044D06F6826A16A6A5200895AEEF744FFC2
:105C00004000790840183900EEF73EFFB149020024
:105C1000103A8A4231D201400007400F084324E085
:105C2000AD48E6E7F8F7FCF9E1E7002906D00229DC
:105C30001ED004291ED0082904D01EE0F8F730FA3F
:105C400000281BD06F6800BF11A16A6A5200895AF0
:105C5000EEF71AFF790840183900EEF715FF01003A
:105C600010399C4A914208D280B22968C86005E088
:105C70009948E7E7F8F7D4F9E2E70124280068300B
:105C8000012141800180C66006612000F2BD000054
:105C9000010002000400060008000A000C001000C9
:105CA00020004000800000012821415C090706D542
:105CB00001684A68894B1340826B1A434A60282165
:105CC000415CC90706D501684A68854B1340C26A22
:105CD0001A434A602821415C890706D501684A6851
:105CE000804B1340026B1A434A602821415C4907EC
:105CF00006D501684A687C4B1340426B1A434A60E0
:105D00002821415CC90606D501688A68774B134093
:105D1000C26B1A438A602821415C890606D5016856
:105D20008A68734B1340026C1A438A602821415CD5
:105D3000490611D501684A686E4B1340426C1A43FC
:105D40004A60426C80235B039A4205D14A686A4BE1
:105D50001340826C1A434A602821415C090606D52B
:105D600001684A68654B1340C06C1843486070472F
:105D7000F369FFCFFFCFFFFFFFF4FF1100380140B1
:105D8000541002400044004000480040004C0040D5
:105D9000F8B5040000258430C560F2F729FF06003D
:105DA00008272068006838403BD02068C06980021E
:105DB00037D4F2F71DFF801BB905884220D2206836
:105DC00000684007F1D52068C069384005D1880BCC
:105DD0002168C9690140E8D008E020680762200016
:105DE00000F090F820008430C76008E02168086265
:105DF000200000F087F8200084302021C160057069
:105E0000EFF31080012181F3108821680A68802354
:105E10009A430A6080F3108820008430202141607A
:105E20004AE020680068400749D52068C069400200
:105E300045D4F2F7DDFE801BB905884220D22068E8
:105E400000684007F1D52068C069384005D1880B4B
:105E50002168C9690140E8D008E020680762200095
:105E600000F050F820008430C76008E02168086224
:105E7000200000F047F8200084302021C160057028
:105E8000EFF31080012181F3108821680A681C4B10
:105E900013400B6080F31088EFF31080012181F331
:105EA000108821688A6801239A438A6080F31088E9
:105EB000200084302021816005700320F2BD210084
:105EC0008431202048608860E56625670D700020D9
:105ED000F2BD0000F0FF00000024F400FF7FFFFF90
:105EE000FFFFFDFFFFFFFEFFFFFFFBFFFFEFFFFFD9
:105EF000FFDFFFFFFFFFEFFFFFFF9FFFFFFFF7FF4A
:105F0000DFFEFFFF10B4EFF31081012282F310884F
:105F100002681368134C1C40146081F31088EFF37F
:105F20001081012282F31088026893680E4C1C4095
:105F3000946081F31088C16E01290BD1EFF31081B9
:105F4000012282F31088026813681024A3431360AF
:105F500081F3108820218C2281500021C166416785
:105F600010BC7047DFFEFFFFFEFFFFEF704770477A
:105F70007047704770477047704710B504000020A5
:105F800020606060A060200000F00FFE200010BDC7
:105F900033B583B0012404800B4D0020C043029030
:105FA000019404A800900223B822A0210748EDF72D
:105FB000C9F8002804D128700520F5F79BFF00E000
:105FC0002C7005B030BD00BF585F0020685B00201A
:105FD0007CB50C001600EEF75AFC0500F3F7C8FF7D
:105FE0000021016032006946280000F028FE06000A
:105FF0000098854201D1F2F77BFEF3F7B9FF006804
:10600000222801D1F2F774FE03E080B5FFF7E0FF2C
:1060100002BD002C02D00098401B2060300076BDED
:1060200010B588B00400112008800020C043029001
:106030001120019003A800900223C722A021084844
:10604000EDF784F9401E8041C043C00F0549087038
:10605000200003A91122EEF73BFE08B010BD00BFDF
:10606000685B0020585F00200EB410B583B011218A
:1060700001800D4C0020C0430290019105A80090C2
:106080000223C722A0210948EDF75CF8002804D1BB
:1060900020700520F5F72EFF01E00120207003B0ED
:1060A000019810BC04B00047585F0020685B0020D6
:1060B000BAB5EFF3108772B6174D04000EE02968E9
:1060C000012088402168014321606968814369603B
:1060D000A868002802D12800ECF7B2FD207A4142DE
:1060E000C9B2F029EBD010280FD000980078A17A1F
:1060F0006118C872A07A401CA072207A401C2072DD
:10610000A07A102801D10020A072201DEEF784FA99
:1061100087F31088B3BD00BFD40A002010B5EFF399
:10612000108472B600210172417A8172EEF774FA1E
:1061300084F3108810BD7047BAB50400EFF31087E0
:1061400072B6207A00280CD02000083000F07CFDC8
:10615000009908702000EEF75FFA87F3108801209D
:10616000B6BD1B4D1B4829688900405882802968AC
:10617000012088406168014361606968814369600A
:10618000A868002806D028680121814062680A4278
:106190000AD003E02800ECF753FDF4E78A4362607D
:1061A00087F310880020B6BD217A0029DFD00021B6
:1061B000084A8000105881802000083000F044FD1B
:1061C000009908702000EEF727FA87F31088C6E7D9
:1061D000D40A0020B00A002080B584B004210180D8
:1061E0000020C0430290019103A8009002230022E6
:1061F000A0210648EDF7AAF8401E8041C043C00F19
:1062000003490870039805B000BD00BF685B00201B
:10621000585F002033B583B0012404800B4D00206B
:10622000C0430290019404A800900223D822A02128
:106230000748ECF787FF002804D128700520F5F700
:1062400059FE00E02C7005B030BD00BF585F002043
:10625000685B002012B583B0042101800B4C002044
:10626000C0430290019103A800900223DB22A021E9
:106270000748ECF767FF002804D120700520F5F7E8
:1062800039FE01E00120207004B010BD585F0020ED
:10629000685B00200EB410B583B0142101800D4C52
:1062A0000020C0430290019105A8009002235A22C9
:1062B000A0210948ECF746FF002804D120700520F2
:1062C000F5F718FE01E00120207003B0019810BC22
:1062D00004B00047585F0020685B00200EB4F0B5A2
:1062E00086B0070014203880002503950495059595
:1062F000142103A8FAF732FE002806D014210398CF
:10630000EEF748F90498143004903A880BA90398E2
:10631000EEF7DEFC0024134E04E035700520F5F79F
:10632000E9FD641C3888844214DA0020C0430290DE
:1063300001200190039800190090022322006E3280
:1063400092B2A0210848ECF7FDFE0028E5D001201C
:106350003070E6E703A8FAF713FE06B00498F0BC25
:1063600004B00047585F0020685B002012B583B07E
:10637000042101800B4C0020C0430290019103A82E
:10638000009002232622A0210748ECF7DBFE00281C
:1063900004D120700520F5F7ADFD01E0012020704B
:1063A00004B010BD585F0020685B002012B583B0B8
:1063B000042101800B4C0020C0430290019103A8EE
:1063C000009002234A22A0210748ECF7BBFE0028D8
:1063D00004D120700520F5F78DFD01E0012020702B
:1063E00004B010BD585F0020685B0020FBB584B08E
:1063F000002A00D1EEE004A803C879A430CC044000
:106400000D4002D1002C00D1E4E008004100491504
:106410000023DB43994202D1000300D1DAE00020DF
:10642000B649002A5AD554422B4D7D44AA35082638
:106430000AE0E20705D502000B0003CD083DF4F7A2
:10644000BBFC64080835761E002C01D0002EF0D16C
:1064500006000F006A4604A803C8F8F747FE009D2F
:1064600032003B00F1F761FA2A00F8F786FE04AA31
:1064700003C25BA6C0CE04A803C8394002D10028DD
:1064800000D18CE004A803C8080041004915B142BE
:1064900002D1000300D182E0002C00D17FE004A8EB
:1064A00003C86A46F8F722FE009D95A20CCAF4F7CD
:1064B00083FC2A00F8F761FE32003B0002400B40EB
:1064C00001D1002A69D04B005B15B34201D10A0308
:1064D00063D0641E61D0E4E7083200005FDD3F4D09
:1064E0007D44FF35ED1F0826012714003C4205D0EE
:1064F00002000B0003CD083DF4F75EFC6410083584
:10650000761E002C01DD002EF0D1260004000D00C7
:106510006A4604A803C8F8F7E9FD009F22002B0093
:10652000F4F74AFC3A00F8F728FE04AA03C22CA0AC
:1065300003C802AA03C204A803C802AA0CCA0240E4
:106540000B4001D1002A2AD008000027FF43410058
:106550004915B94201D1000321D0002E1FDD04A846
:1065600003C834006A46F8F7C1FD009D66A20CCA54
:10657000F4F722FC2A00F8F700FE02AA0CCA024037
:106580000B4001D1002A08D04B005B15BB4201D162
:106590000A0302D0641E002CE4DC04AA03C204A88F
:1065A00003C80FA20CCA02400B4001D1002A08D038
:1065B0000800410049150022D24391420AD100034C
:1065C00008D1069CF3F7CBFC002C03D020680121F6
:1065D0000143216004A803C807B0F0BD04310000E6
:1065E000FFFFFFFFFFFFFF7FF9B587B01500002B0E
:1065F00001D0002018600E00079C07A800F036FBB1
:106600000107CA0F059208218843049501282DD15E
:106610000220009001AB32000799200000F0B2FB8D
:10662000050002D1002000211BE00298F4F744F895
:10663000022D16DB01AC08346D1E02000B00002099
:106640003349F4F7B9FB06000F002068F4F734F87B
:1066500032003B00F8F7F3FD02000B00241D6D1E15
:10666000EDD1089B049A019C12192EE002282FD12B
:10667000009001AB32000799200000F06DFC05008E
:1066800002D1002000211BE00298F4F715F8022D3A
:1066900016DB01AC08346D1E02000B0000201D4902
:1066A000F4F78AFB06000F002068F4F705F83200C3
:1066B0003B00F8F7C4FD02000B00241D6D1EEDD158
:1066C000019AF8F75AFD089B049AFFF78FFE0CE039
:1066D000032802D10020104907E0042803D100203C
:1066E000C043410801E000200021059A002A02D0A1
:1066F00080221206514009B0F0BD00000000F03FBA
:10670000436FAC642806C80A3CBF737FDD4F157524
:1067100065CDCD410000B0410000F07F80B5002381
:10672000FFF762FF04BD80B500220021FFF7F6FFEE
:1067300004BD704712B583B0042101800B4C0020CA
:10674000C0430290019103A8009002230622A021D9
:106750000748ECF7F7FC002804D120700520F5F776
:10676000C9FB01E00120207004B010BD585F00207B
:10677000685B002012B583B0042101800B4C00201F
:10678000C0430290019103A8009002230E22A02191
:106790000748ECF7D7FC002804D120700520F5F756
:1067A000A9FB01E00120207004B010BD585F00205B
:1067B000685B002012B583B0042101800B4C0020DF
:1067C000C0430290019103A8009002231222A0214D
:1067D0000748ECF7B7FC002804D120700520F5F736
:1067E00089FB01E00120207004B010BD585F00203B
:1067F000685B002012B583B0042101800B4C00209F
:10680000C0430290019103A8009002231622A02108
:106810000748ECF797FC002804D120700520F5F715
:1068200069FB01E00120207004B010BD585F00201A
:10683000685B002012B583B0042101800B4C00205E
:10684000C0430290019103A8009002231A22A021C4
:106850000748ECF777FC002804D120700520F5F7F5
:1068600049FB01E00120207004B010BD585F0020FA
:10687000685B00200CB4012212060318DA4207D824
:106880004B18DA4204D802000A43921802D2884216
:106890000CBC7047FCD08142FAE7704712B583B058
:1068A000042101800B4C0020C0430290019103A8F9
:1068B000009002232222A0210748ECF743FC002885
:1068C00004D120700520F5F715FB01E001202070B0
:1068D00004B010BD585F0020685B002012B583B083
:1068E000042101800B4C0020C0430290019103A8B9
:1068F00000900223B222A0210748ECF723FC0028D5
:1069000004D120700520F5F7F5FA01E00120207090
:1069100004B010BD585F0020685B002033B583B021
:10692000012404800B4D0020C0430290019404A870
:1069300000900223B622A0210748ECF703FC0028B0
:1069400004D128700520F5F7D5FA00E02C7005B0C9
:1069500030BD00BF585F0020685B002012B583B0D7
:10696000042101800B4C0020C0430290019103A838
:10697000009002238222A0210748ECF7E3FB0028C5
:1069800004D120700520F5F7B5FA01E00120207050
:1069900004B010BD585F0020685B002012B583B0C2
:1069A000042101800B4C0020C0430290019103A8F8
:1069B000009002238622A0210748ECF7C3FB0028A1
:1069C00004D120700520F5F795FA01E00120207030
:1069D00004B010BD585F0020685B002033B583B061
:1069E000012404800B4D0020C0430290019404A8B0
:1069F00000900223B722A0210748ECF7A3FB002850
:106A000004D128700520F5F775FA00E02C7005B068
:106A100030BD00BF585F0020685B00200EB4F0B5A9
:106A200086B005000E2028806A460E2103A800F0DB
:106A3000ADFB2A880BA90398EEF74AF9002700243A
:106A4000134E04E037700520F5F754FA641C2888CB
:106A5000844214DA0020C043029001200190039880
:106A60000019009002232200B93292B2A0210948F5
:106A7000ECF768FB0028E5D001203070E6E703A8BA
:106A8000FAF77EFA06B00498F0BC04B0004700BFE5
:106A9000585F0020685B00200EB410B583B014214D
:106AA00001800D4C0020C0430290019105A8009088
:106AB00002238A22A0210948ECF744FB002804D1D4
:106AC00020700520F5F716FA01E00120207003B0D0
:106AD000019810BC04B00047585F0020685B00209C
:106AE0000EB410B583B0142101800D4C0020C043BA
:106AF0000290019105A8009002239E22A02109483E
:106B0000ECF720FB002804D120700520F5F7F2F9FE
:106B100001E00120207003B0019810BC04B00047D0
:106B2000585F0020685B002033B583B001240480E7
:106B30000B4D0020C0430290019404A80090022352
:106B4000DC22A0210748ECF7FDFA002804D12870C8
:106B50000520F5F7CFF900E02C7005B030BD00BF7F
:106B6000585F0020685B002038B544688268131BBA
:106B70008B4219D203680025ED432D1BED188D4281
:106B800001D2F2F7B5F8E41A6118D21A53080024BA
:106B9000E443E41A944201D2002200E0D218914268
:106BA00000D2110000F007FB31BD80B500F023FBDF
:106BB00001BDF7B50D001E00002D00D16D460190FE
:106BC000044600E0641C2078EDF758FE0028F9D157
:106BD00027782D2F01D02B2F06D1641C2078EDF7BC
:106BE0004DFE002801D009E02B27029A330029002E
:106BF0002000EDF7A1FF29688C4203D1019828609D
:106C0000002005E02B2F05D180210906884207D2FC
:106C100003B0F0BD2D2FFBD18021090688420BD98E
:106C2000F3F79DF9002E01D0012030602D2F01D106
:106C30000846EDE7C843EBE741420800E8E780B5C6
:106C40000023FFF7B6FF02BD010048780818C0789E
:106C50000A78002A09D0521E0A704A78521C4A70DB
:106C6000D2B2102A01D100224A707047F1B582B029
:106C70000E0004680027002500E0641C2078EDF772
:106C8000FDFD0028F9D120782D2801D1082501E04B
:106C90002B2800D1641C2178202020220A43009652
:106CA0006E2A25D161780143612903D1A178084377
:106CB0006E2802D00298046815E0E41C2500042721
:106CC000287828280FD16D1C2E783000EDF74BFD69
:106CD0000028F8D1303E0A2EF5D328785F28F2D06C
:106CE000292800D16C1C0098002846D0046044E09C
:106CF000692A26D1617801436E2903D1A178014325
:106D0000662902D00298046817E0E41C03272F4389
:106D100021780143692910D1617801436E290CD192
:106D2000A1780143692908D1E1780143742904D18C
:106D300021790843792800D1641D002E1DD03460CC
:106D40001BE0302917D161780843782813D1A01CA3
:106D500001782E2900D1401C0078010061390629F4
:106D600006D301004139062902D330380A2802D25D
:106D7000A41C022700E001272F430298046038007A
:106D800003B0F0BDF5B591B01800189B002702972D
:106D9000DC00E3182D2B00DD2D2307604760012464
:106DA00001E0491C01270D78302DFAD00025009410
:106DB00005AE0C00189300210FE00268521C02601F
:106DC0002278302A07D0009905E0189B9D42F4DA1A
:106DD000D03272556D1C641C009F22781300303B2A
:106DE0000A2BF2D301900391F1F77AFF2178406AE0
:106DF0000078814200D1641C002D01980ED12178C9
:106E000030290BD10168491E0160641C009FF6E720
:106E1000302901D000990391641C009F21780A0059
:106E2000303A0A2A09D2189A9542F1DAD0317155CE
:106E30006D1C0168491E0160EEE701941899039AE0
:106E40000397002A04D0721E525C521C731E5A54BF
:106E5000040007E0701E405D002809D12068401C36
:106E600020606D1E002DF5DC02D100203070009DE9
:106E70000398002860D000200490092628000921EA
:106E8000EDF7FFFD761A30000921EDF7FAFD002934
:106E900001D000980290029F0295049D18E0B8006E
:106EA000201801688A0051184900009A8918016069
:106EB0000CE005A8405D009030000921EDF7E1FDF0
:106EC0000029ECD17F1C0098B9006050761C6D1C25
:106ED00002988542EDDB029701980078202101435A
:106EE000652929D1019800900198401C03782B2B2B
:106EF00001D02D2B01D1401C00E02B2300210022CA
:106F000009E014498A4204DA9100891849004A19B3
:106F1000303A401C012105782F00303F0A2FF0D372
:106F200001902D2B01D15042020020688018206072
:106F3000002901D1009801901299002906D00398E8
:106F4000002801D0019800E011980860029813B061
:106F5000F0BD00BF00E1F505F5B58FB0169800262D
:106F60000396C200101A232800DD23201E605E60F5
:106F700001E0491C01260C78302CFAD0002400BF17
:106F800076A20092012202920D001F00169010E0DE
:106F90003868401C38600AE01699A142F8DB00BF4F
:106FA00074A1009A801A085C05A90855641C6D1C20
:106FB000029E00BF69A016222978F2F7BBFF0028C5
:106FC000EAD1049701962700F1F78AFE2978406AF2
:106FD0000078814200D16D1C002F0BD12C00049E43
:106FE000019D2078302819D13068401E3060641C23
:106FF000029DF6E72C00049E019D0FE01699B94210
:107000000ADB00BF5BA1009A801A085C05A9C8557D
:107010007F1C3068401E3060641C029D162221785F
:107020004EA0F2F787FF0028E8D10094169801954A
:10703000B84218DA05A9095C072906DD05A9491E29
:10704000095C491C05AA521E115407003068401CF7
:10705000306008E005A8401EC05D00280AD13068F5
:10706000401C30607F1E002FF4DC03D100206946F5
:107070000875029F306880003060019800285ED05B
:1070800000200490072438000721EDF7FAFC641A69
:1070900020000721EDF7F5FC002901D002980390AC
:1070A000039D0397049F16E0A800301801680901AA
:1070B000029A891801600CE005A8C05D02902000CA
:1070C0000721EDF7DEFC0029EED16D1C0298A90026
:1070D0007050641C7F1C03988742EDDB0395009879
:1070E000007820210143702929D10098029000984E
:1070F000401C03782B2B01D02D2B01D1401C00E02C
:107100002B230021002209E013498A4204DA91006E
:10711000891849000A19303A401C012104782700D7
:10712000303F0A2FF0D300902D2B01D150420200A6
:10713000306880183060002901D1029800901099C1
:10714000002906D00198002801D0009800E00F988F
:107150000860039811B0F0BD00E1F505303132331D
:107160003435363738396162636465664142434479
:1071700045460000000102030405060708090A0B42
:107180000C0D0E0F0A0B0C0D0E0F000038B504008D
:107190000D00002020606060A0602000F9F7DEFE96
:1071A000002806D029002068EDF7F4F9606840193E
:1071B0006060200032BDF8B505000E0001D100244A
:1071C00003E03000F2F798FE040029686868421A6C
:1071D0002000F1F7CFFD29686A68571A002904D00A
:1071E000AA68521A2800FEF7A9FBA019A860E019A6
:1071F00068602C60F1BDF8B504000E00951B2900F5
:10720000F9F7ACFE002807D027682A0031003800C3
:10721000F1F7B0FD78196060F1BD704780B529E0E5
:1072200070B506009148F3F7A4FE0500A84C7168FC
:107230002000F3F799F9A7480078002804D0BC494A
:107240002000F3F7D3F970BD2800F0F7CFFB42B26E
:1072500002A12000F3F7CAF970BD00002020202011
:1072600074B0203D2025322E3264B043202020000F
:10727000704780B5AF48F3F73CF8002803D0AE481C
:107280000068F3F7F7F801BD78B589B0040002A8EB
:107290000021002206C0684606C0112104A8EDF7AF
:1072A0007BF98B4D61682800F3F75EF9A34E30003F
:1072B000F7F78AF9012804D11CA12800F3F796F901
:1072C00031E03000F7F758F9A0613000F7F766F9C0
:1072D000E0612022102104A8EDF760F9A069F0F721
:1072E00085FB02B216A102A8EDF776F90600E06967
:1072F000F0F77CFB02B200BF13A16846EDF76CF912
:1073000004B232B202A904A8EDF7C8FC2200694613
:1073100004A86342C0181030EDF7DAFC04AABCA13F
:107320002800F3F763F90AB070BD0000202020CDDB
:10733000C520CFD0C0D6DEAA21202020000000002A
:10734000873D256425250000863D2564B043000067
:10735000704738B504007748F2F7CBFF002800D01B
:10736000C0E1924D2800F2F7C4FF002801D00120AF
:1073700005E02800F2F7D8FF002806D0002020768C
:1073800000946946A648F4F7BBFC31BD38B504004B
:107390004F4D61682800F3F7E7F8207E002801D000
:1073A00001A100E005A1A6E0C4C2C5D04920C249A0
:1073B000C4D7C8CDC5CD49200000000020C4C2C537
:1073C000D04920C7C0D7C8CDC5CD49200000000096
:1073D00038B50400754D34E0704738B504005548A1
:1073E000F2F787FF002803D0A9484178FD2272E117
:1073F000A84D2800F2F77DFF002806D00120207656
:10740000A348417802220A430AE02800F2F78CFFE1
:10741000002810D0002020769D484178FD220A40A7
:1074200042700122411C0320F2F7E0FE00946946FD
:107430007B48F4F765FC31BD38B54FE038B5040042
:10744000944D2800F2F755FF00280CD12800F2F7E0
:1074500062FF002807D12800F2F754FF401E804148
:10746000C043C00F00E00120207631BD9B600020AA
:10747000704738B504002F48F2F73BFF002803D0CF
:1074800083484178FE2226E1994D2800F2F731FF2A
:10749000002806D0012121767D48427811434170B1
:1074A0000BE02800F2F740FF002810D000202076E3
:1074B00077484178FE220A4042700122411C032095
:1074C000F2F794FE009469465548F4F719FC31BD73
:1074D00024590020AC60002038B500BF0400B14D35
:1074E00061682800F3F740F8207E002802D000BF32
:1074F00003A100E007A12800F3F778F831BD0000F0
:1075000020202020CDC0D2C8D1CDD3D2C020202071
:10751000000000002020CDC520CDC0D2C8D1CDD3E1
:10752000D2C020200000000038B50400704D88E76C
:10753000E47C0108F80A0020DC5F0020F0560020FF
:10754000704738B504009848F2F7D3FE002803D0FE
:107550004F484178DF22BEE0944D2800F2F7C9FE83
:10756000002806D0012020764948417820220A438D
:107570000AE02800F2F7D8FE002810D0002020767C
:1075800043484178DF220A4042700122411C032017
:10759000F2F72CFE009469462148F4F7B1FB31BDA7
:1075A00038B59BE738B50400804D4AE7480C002009
:1075B000704738B504007C48F2F79BFE002803D0E2
:1075C00033484178EF2286E09F4D2800F2F791FE84
:1075D000002806D0012020762D48417810220A4349
:1075E0000AE02800F2F7A0FE002810D00020207644
:1075F00027484178EF220A4042700122411C0320B3
:10760000F2F7F4FD009469460548F4F779FB31BDC3
:107610002573000038B561E738B504008A4D10E7DE
:107620005C5A0020704738B504005F48F2F761FEED
:10763000002803D016484178FB224CE0A14D2800D9
:10764000F2F757FE002806D0012020761048417836
:1076500004220A430AE02800F2F766FE002810D050
:10766000002020760A484178FB220A40427001221D
:10767000411C0320F2F7BAFD00946946B148F4F7C3
:107680003FFB31BD38B529E738B504008D4DD8E64C
:10769000F05E0020A00B0020704738B5040042487F
:1076A000F2F727FE002800D012E0AF4D22E038B5F7
:1076B00014E738B50400AC4DC3E6704738B5040094
:1076C0003948F2F716FE002800D001E0A74D11E07E
:1076D000A7484178F7220A4042700122411C03204A
:1076E000F2F784FDB7480068F2F7C4FE31BD000030
:1076F000300C00202800F2F7FCFD002806D0012005
:1077000020769B48417808220A430AE02800F2F7D5
:107710000BFE002810D00020207695484178F722F3
:107720000A4042700122411C0320F2F75FFD0094E1
:1077300069468448F4F7E4FA31BD38B5CEE638B589
:1077400004008A4D7DE6704738B504001648F2F70C
:10775000D0FD002800D0C5E7A64D2800F2F7C9FDEE
:10776000002802D00120207616E02800F2F7DCFD88
:10777000002802D0002020760EE09F4D2800F2F76E
:10778000B8FD002801D0012005E02800F2F7CCFD6B
:10779000002806D000206076009469466948F4F716
:1077A000AFFA31BD24590020F80A0020B80B0020A0
:1077B00038B50500914C69682000F2F7D5FE687E67
:1077C000002801D08EA300E0B1A3287E002801D0BC
:1077D0008BA200E0AEA200BF02A12000F2F706FFDC
:1077E00031BD0000C4CDD03A25732020C4C2D03AA8
:1077F0002573000038B504000020207660767D4DAA
:107800002800F2F776FD002809D12800F2F783FD61
:10781000002804D12800F2F775FD002801D00120CE
:107820002076754D2800F2F764FD002809D1280064
:10783000F2F771FD002804D12800F2F763FD00285B
:1078400001D00120607631BDD00B002070477CB59F
:1078500004009048F2F74DFD002805D00022802159
:107860004900A020C0056FE08B48F2F742FD0028D8
:1078700015D0A026F60580256D0029003000F2F70E
:1078800034FC002801D0002200E001222900300051
:10789000F2F732FC009469462A48F4F731FA73BDD6
:1078A00010B5564C41682000F2F75EFE8021490079
:1078B000A020C005F2F719FC002801D002A100E0C9
:1078C00006A192E0E80B002020202020C2CACBDED7
:1078D000D7C5CDCE20202020000000002020202071
:1078E000C2C8CCCACDC5CDCE2020202000000000CB
:1078F000704770477CB504006648F2F7FAFC002830
:1079000004D000228021C90099481DE06248F2F7A6
:10791000F0FC002814D0964E8025ED0029003000A0
:10792000F2F7E3FB002801D0002200E00122290049
:107930003000F2F7E1FB009469460248F4F7E0F901
:1079400073BD00005C5A0020F2F7D6FB1D480068AA
:10795000F2F790FD73BD10B5284C41682000F2F796
:1079600003FE8021C90037E0000C0020180C002025
:10797000F05E00207047704738B504004548F2F7C4
:10798000B8FC002805D0002204217948F2F7B4FBA6
:10799000A8E64148F2F7ADFC002812D0744D04214E
:1079A0002800F2F7A2FB002801D0002200E001220B
:1079B00004212800F2F7A0FB00946946B248F4F7CE
:1079C0009FF931BDDC5F002010B50C4C41682000F0
:1079D000F2F7CAFD042100BF6548F2F786FB0028D4
:1079E00002D000BF07A100E00BA12000F2F7FEFDCE
:1079F00010BD0000700B0020880B002024590020CF
:107A0000204F4E0020202020C2CACBDED7C5CDC8D3
:107A1000C92020200000000020202020C2C8CCCA9D
:107A2000CDC5CDC8C9202020000000007047704798
:107A300038B504001748F2F75CFC002805D0002296
:107A400001219248F2F758FB4CE61348F2F751FC3B
:107A5000002813D08D4D01212800F2F746FB0028A5
:107A600002D00022012101E0012201212800F2F7C9
:107A700043FB009469468448F4F742F931BD10B5E0
:107A8000834C41682000F2F76FFD01217F48A4E795
:107A90004F464600F80A0020280B00207047704728
:107AA00038B504007B48F2F724FC002809D07A4D51
:107AB000216A2800F3F79AFA616A2800F3F7A6FA18
:107AC00010E67648F2F715FC00282ED0E169724DD9
:107AD000207E002812D1FE208005F6F79FFB0100D2
:107AE0002800F3F783FAE0698021C905F6F796FBD1
:107AF00001002800F3F78AFA012010E06848F6F741
:107B00008DFB01002800F3F771FAE069C021090636
:107B1000F6F784FB01002800F3F778FA00202076BE
:107B2000009469465848F4F7EBF831BD10B5584C4D
:107B300041682000F2F718FD5748F3F7FFF94EE7C8
:107B400038B50400544D2800F3F7F8F920762800E2
:107B5000F3F719FA20622800F3F73EFA606231BDAC
:107B600010B504004C48F3F704FAE06110BD0000C2
:107B70000004005038B504004648F2F7BAFB00286C
:107B800013D0454D474C00202056EFF7A9FE0100C9
:107B90002800F3F72BFA00202056401EEFF7A0FE36
:107BA00001002800F3F732FA9CE53C48F2F7A1FB0C
:107BB000002805D01820205632281DDA401C09E084
:107BC0003948F2F796FB002816D0182020560128D5
:107BD00012DB401E2076304D40B2EFF781FE0100EF
:107BE0002800F3F703FA18202056401EEFF778FE1E
:107BF00001002800F3F70AFA31BD000070B5040057
:107C0000254D2800F3F79AF9214E61683000F2F70C
:107C1000ABFC26480078002805D000BF31A1300019
:107C2000F2F7A2FC70BD2800F3F788F9002801D014
:107C300023A300E024A31820225600BF24A1300073
:107C4000F2F7D4FC70BD10B584B0040001201849CF
:107C500008800020C04302900120019003A80090FA
:107C600002230522A0211348EBF770FB401E804140
:107C7000C043C00F104908700A486946097B01706B
:107C8000217604B010BD00005C5A0020000C0050AA
:107C900024590020F80A00209B600020280B0020B7
:107CA000000080BF9D600020100B0020AC60002011
:107CB00044600020685B0020585F0020704700008F
:107CC000C2CACB2E20000000C2C8CCCA2E000000C1
:107CD00074B0BB203D2025322E3264B04320257382
:107CE000000000002020CFCECCC8CBCAC020445317
:107CF000373520200000000041540D0D0A4F4B0D78
:107D00000A000000415445310D0000004154453146
:107D10000D0D0A4F4B0D0A0041542B434D45453D77
:107D2000310D000041542B434C54533D310D0D0A8D
:107D30004F4B0D0A0000000041542B434D45453D7B
:107D4000310D0D0A4F4B0D0A0000000041542B432A
:107D50005245473D310D000041542B435245473DAC
:107D6000310D0D0A4F4B0D0A0000000041542B430A
:107D70005041530D0000000041542B435041530D1E
:107D80000D0A2B435041533A20300D0A0D0A4F4B38
:107D90000D0A000041542B435041530D0D0A2B4353
:107DA0005041533A20330D0A0D0A4F4B0D0A000083
:107DB00041542B435041530D0D0A2B435041533A2C
:107DC00020340D0A0D0A4F4B0D0A000041542B437D
:107DD00053510D0041542B4353510D0D0A2B435366
:107DE000513A20000D0A4F4B0D0A000041542B431D
:107DF00046554E3D310D000041542B4346554E3DF6
:107E0000310D0D0A4F4B0D0A0000000041542B4369
:107E10004F50533D302C300D0D0A2B434D4520451E
:107E200052524F523A203630340D0A0041542B43FF
:107E300050494E3D313131310D0D0A4F4B0D0A0D78
:107E40000A4F4B0D0A00000041542B4350494E3D50
:107E5000303030300D0D0A4F4B0D0A0D0A4F4B0DCF
:107E60000A00000041542B434F50533D300D000099
:107E700041542B4346554E3D310D0D0A2B4346557B
:107E80004E3A200041542B434F50533F0D00000009
:107E900041542B434E554D0D0D0A2B434D45204566
:107EA00052524F523A2031310D0A000041542B43B7
:107EB0004F50533D300D0D0A2B434D452045525236
:107EC0004F523A203131000041542B4350494E3D2E
:107ED000313131310D00000041542B4350494E3DAA
:107EE000313131310D0D0A2B434D45204552524F52
:107EF000523A20313600000041542B4350494E3D48
:107F0000303030300D00000041542B434F50533D72
:107F1000300D0D0A4F4B0D0A0000000041542B4359
:107F20004F50533D302C300D0000000041542B4386
:107F30004F50533D000000000D0D0A4F4B0D0A003D
:107F400041542B434D47463D310D000041542B43D6
:107F50004D47463D310D0D0A4F4B0D0A0000000004
:107F600041542B434C49503D300D000041542B43AC
:107F70004C49503D300D0D0A4F4B0D0A00000000DA
:107F800041542B435553443D312C222A3136312361
:107F9000220D000031350D0A0000000037320D0AB5
:107FA0000000000025382E386C7500000D0A2B43A8
:107FB0004D45204552524F523A20000041542B4328
:107FC0004E554D0D0D0A2B434D45204552524F52F3
:107FD0003A2031300D0A000041542B4346554E3DA6
:107FE000310D0D0A2B4346554E3A20340000000057
:107FF00041542B435041530D0D0A2B435041533AEA
:1080000020320D0A0D0A4F4B0D0A00000D0A2B43BA
:108010004D54493A2022534D222C00000D0A2B4387
:108020004D54493A20224D45222C00000D0A2B4385
:108030004D54493A20224D54222C000041542B43E8
:108040004D47523D000000000D0A2B434D47523A68
:10805000202252454320554E52454144222C2200B5
:1080600041542B434D47533D220000000D0A3E2052
:10807000000000002B434D53204552524F523A000E
:1080800041542B434D47443D312C340D000000003A
:108090000D0A2B434D47533A2000000041542B4317
:1080A0004D47443D312C340D0D0A4F4B0D0A000055
:1080B00041542B53415042523D332C312C224150DC
:1080C0004E222C22434D4E4554220D0041542B5339
:1080D000415042523D312C310D00000041542B5390
:1080E000415042523D312C310D0D0A4F4B0D0A00CB
:1080F00041542B434E54504349443D310D00000040
:1081000041542B53415042523D312C310D0D0A2B1D
:10811000434D45204552524F523A20330D0A00003C
:1081200041542B53415042523D322C310D0000003E
:1081300041542B53415042523D322C310D0D0A2BEC
:1081400053415042523A20312C312C000D0A0D0A75
:108150004F4B0D0A0000000041542B534150425236
:108160003D312C310D0D0A2B435553443A20320D2D
:108170000A00000041542B434E54504349443D31C2
:108180000D0D0A4F4B0D0A0041542B434E54503DE8
:108190002254494D452E494E2E5541222C31320D47
:1081A0000000000041542B434E54503D2254494D91
:1081B000452E494E2E5541222C31320D0D0A4F4B82
:1081C0000D0A000041542B434E54500D0000000096
:1081D00041542B434E54500D0D0A4F4B0D0A0D0ABE
:1081E0002B434E54503A20310D0A000041542B438A
:1081F000434C4B3F0D00000041542B43434C4B3F3D
:108200000D0D0A2B43434C4B3A20220041542B4383
:108210004E54500D0D0A4F4B0D0A0D0A2B434E5470
:10822000503A20363100000041542B434E54500D3B
:108230000D0A4F4B0D0A0D0A2B434E54503A20366F
:108240003200000041542B434E54500D0D0A4F4B49
:108250000D0A0D0A2B434E54503A203633000000CD
:1082600041542B434E54500D0D0A4F4B0D0A0D0A2D
:108270002B434E54503A20363400000041542B43D7
:108280004E54500D0D0A4F4B0D0A0D0A2B434E5400
:10829000503A20363500000041542B434E54500DC7
:1082A0000D0A4F4B0D0A0D0A2B435553443A203209
:1082B0000D0A000041542B434E54503D22504F4F65
:1082C0004C2E4E54502E4F5247222C31320D00006E
:1082D0004B594956535441520000000041535445F4
:1082E0004C49540041542B435553443D312C222AD0
:1082F00031313123220D000041542B435553443D6D
:10830000312C222A31303123220D000041542B53CD
:10831000415042523D332C312C22436F6E747970A0
:1083200065222C2247505253220D00002B435553F7
:10833000443A20302C202200222C2037320D0A0013
:108340002B434F50533A20302C302C220000000099
:10835000222C2031350D0A002B435553443A20314D
:108360002C2200002B434D54493A202200000000EB
:1083700052454320554E52454144222C22000000D4
:10838000564F444100000000544F54414C0000003F
:108390004341534800000000525354424300000040
:1083A00054454D500000000020CDC520C2C8C7CDA7
:1083B000C0D7C5CDC8C92020000000004156544F89
:1083C0004D41542000000000505259535452495915
:1083D00020504552455A4156414E544147454E4F13
:1083E000000000004156544F4D4154205A555059F9
:1083F0004E454E4F0000000054454D5045524154EB
:108400005552412025322E326420485241442E00DC
:10841000504F4D594C4B412000000000504F4D59DA
:108420004C4B41205445524D4F4441544348594BC5
:1084300041000000504F4D594C4B41205445524D86
:108440004F535441544100005350524154535955D5
:1084500056415620444E5200504F4D594C4B4120EE
:108460004E414C5956414E4E59410000494E4B41E8
:108470005341434959412025322E32642F25322E53
:1084800032642F25322E32640D0A00004B555059AC
:1084900055523A20253031322E32660D0A00000046
:1084A0004D4F4E45543A2020253031322E32660D44
:1084B0000A000000504F544F43484E45205A4E4149
:1084C0004348454E4E59410D0A253031322E336610
:1084D000000000004D4F4E45543A202025303132E7
:1084E0002E32660D0A0000004B4152544F4B3A2089
:1084F000253031322E32660042414C414E53204BE2
:1085000041525459200000004E414B4F50594348AE
:10851000454E4F3A0D0A4B55505955523A20253089
:1085200031322E32660D0A004D4F4E45543A20200E
:10853000253031322E326600504F4D594C4B412080
:108540004D4F4E45544F505259594D414348410D9E
:108550000A0000004552524F5220256400000000DE
:108560002053454E534F5220256400004456455237
:1085700049205649444B52595449000025322E3265
:10858000642D25322E32642D25322E326420253082
:10859000372E30660025322E32642D25322E32647D
:1085A0002D25322E3264202530372E3166002532BB
:1085B0002E32642D25322E32642D25322E32642047
:1085C0002530372E32660000000000000000F0BFAA
:1085D000000000000000008000000000000000809B
:1085E0000000000000000000000000C05294EEBF38
:1085F00000000048204E51BE000000F86467BCBC7B
:108600000000000000000000000000208133EDBFEA
:1086100000000080B3DB14BE000000506706A3BC5E
:108620000000000000000000000000D0E9DCEBBF0B
:1086300000000008C39259BE00000080B0D3B8BC4F
:10864000000000000000000000000070F98FEABF89
:10865000000000C0A51028BE000000E8BFC0B0BCEC
:10866000000000000000000000000070284CE9BF7E
:1086700000000060134B42BE000000C03D20B8BCAB
:10868000000000000000000000000050FA10E8BFE9
:10869000000000C05FF62BBE000000905C71A7BC1C
:1086A000000000000000000000000020FCDDE6BF2C
:1086B000000000C0F8F154BE00000018E9F6B9BC93
:1086C0000000000000000000000000D0C3B2E5BFC1
:1086D00000000070E43254BE00000050DB06B4BC61
:1086E000000000000000000000000010EF8EE4BF5A
:1086F00000000020F36252BE000000C02A879ABC2E
:108700000000000000000000000000B02272E3BF83
:10871000000000F0E8E056BE00000028352DBDBC8A
:108720000000000000000000000000000A5CE2BF42
:10873000000000B0FA8E41BE00000040AE6FBDBC2C
:10874000000000000000000000000000564CE1BFE7
:10875000000000F015CD5FBE00000000141C90BCAE
:10876000000000000000000000000040BD42E0BF2B
:1087700000000030F93457BE000000E06C1E93BCCE
:108780000000000000000000000000E0F57DDEBFFA
:10879000000000B08A535EBE00000080DA77AABCF9
:1087A0000000000000000000000000C09D81DCBF50
:1087B00000000000FFA226BE0000006057E2B0BC2F
:1087C000000000000000000000000060F98FDABF28
:1087D000000000580A8151BE000000F05F60B8BC84
:1087E00000000000000000000000000098A8D8BFB2
:1087F000000000607A7F45BE000000D05433A3BC67
:108800000000000000000000000000600FCBD6BF99
:10881000000000D091CB40BE000000406D1BA0BC0A
:108820000000000000000000000000A0FBF6D4BF24
:1088300000000098C5CE52BE000000003A397EBC50
:108840000000000000000000000000E0FE2BD3BF8D
:108850000000004073872BBE00000000926879BCC6
:10886000000000000000000000000040C069D1BF0F
:1088700000000058F16353BE00000080438D7CBCB3
:10888000000000000000000000000080D85FCFBFA3
:10889000000000181F8354BE000000B03F42A2BC7D
:1088A00000000000000000000000008067FCCBBF5B
:1088B00000000060FAFF53BE00000050E00DB8BC9D
:1088C00000000000000000000000000098A8C8BFE1
:1088D000000000607A7F35BE000000C0543393BCB6
:1088E000000000000000000000000000DC63C5BFC5
:1088F00000000058D6FF54BE00000000396490BC50
:108900000000000000000000000000C0AD2DC2BF4C
:1089100000000080A45915BE000000E0484BABBC2D
:108920000000000000000000000000801A0BBEBF25
:1089300000000050BF3C5ABE000000A0B364B6BCAB
:1089400000000000000000000000008004D6B7BF57
:1089500000000040BBCF36BE0000008076CEA8BC31
:1089600000000000000000000000008032BBB1BF2A
:10897000000000402A0043BE00000028C60CBDBC19
:108980000000000000000000000000009473A7BF7A
:10899000000000182B3B59BE000000C0E55DA5BCDF
:1089A000000000000000000000000000EE4397BF40
:1089B000000000A0E6C340BE00000020958DB5BCBD
:1089C0000000000000000000000000000000008027
:1089D0000000000000000080000000000000008097
:1089E000000000000000000041542B4350494E3D60
:1089F000303030300D0D0A4F4B0D0A0D0A2B43500D
:108A0000494E3A2052454144590D0A0D0A2B435212
:108A100045473A20320D0A0D0A43414C4C2052453D
:108A20004144590D0A0D0A534D53205245414459B2
:108A30000D0A0D0A2B435245473A20330D0A000018
:108A400041542B4350494E3D313131310D0D0A4FC8
:108A50004B0D0A0D0A2B4350494E3A2052454144D2
:108A6000590D0A0D0A2B435245473A20320D0A0D83
:108A70000A43414C4C2052454144590D0A0D0A53BA
:108A80004D532052454144590D0A0D0A2B4352457E
:108A9000473A20330D0A000041542B435553443DBF
:108AA000312C222A31313123220D0D0A4F4B0D0A70
:108AB0000D0A2B435553443A2000000041542B43E8
:108AC0005553443D312C222A31303123220D0D0AD9
:108AD0004F4B0D0A0D0A2B435553443A200000001A
:108AE00041542B435553443D312C222A31363123F6
:108AF000220D0D0A4F4B0D0A0D0A2B435553443AD4
:108B00002030000041542B435553443D312C222A40
:108B100031363123220D0D0A4F4B0D0A0D0A2B431E
:108B20005553443A20300D0A0000000041542B43B5
:108B30005553443D312C222A31363123220D0D0A62
:108B40004F4B0D0A0D0A2B435553443A20320D0A60
:108B50000000000041542B435553443D312C222A40
:108B600031313123220D0D0A0D0A0D0A4F4B0D0A2A
:108B70000D0A2B435553443A2000000041542B4327
:108B80005553443D312C222A31303123220D0D0A18
:108B90000D0A0D0A4F4B0D0A0D0A2B435553443A4B
:108BA0002000000041542B53415042523D332C31A0
:108BB0002C22434F4E54595045222C224750525399
:108BC000220D0D0A4F4B0D0A0000000041542B539B
:108BD000415042523D332C312C2241504E222C2206
:108BE000434D4E4554220D0D0A4F4B0D0A00000017
:108BF00041542B434E54503D2254494D452E4E5422
:108C0000502E4F52472E5541222C31320D0D0A4F16
:108C10004B0D0A0041542B434E54503D224E5450AC
:108C2000312E4E54502E4F52472E5541222C313268
:108C30000D0D0A4F4B0D0A0041542B434E54503D2D
:108C4000224E5450322E4E54502E4F52472E5541E4
:108C5000222C31320D0D0A4F4B0D0A0041542B438B
:108C60004E54503D224E5450332E4E54502E4F529F
:108C7000472E5541222C31320D0D0A4F4B0D0A0063
:108C800041542B434E54503D224E5450342E4E549A
:108C9000502E4F52472E5541222C31320D0D0A4F86
:108CA0004B0D0A0041542B434E54503D224E54501C
:108CB000352E4E54502E4F52472E5541222C3132D4
:108CC0000D0D0A4F4B0D0A0041542B434E54503D9D
:108CD000224E5450362E4E54502E4F52472E554150
:108CE000222C31320D0D0A4F4B0D0A0041542B43FB
:108CF0004E54503D22504F4F4C2E4E54502E4F52FA
:108D000047222C31320D0D0A4F4B0D0A0000000096
:108D100041542B434E54503D22302E4555524F5016
:108D2000452E504F4F4C2E4E54502E4F5247222C12
:108D300031320D0D0A4F4B0D0A00000041542B43F8
:108D40004E54503D22312E4555524F50452E504FD6
:108D50004F4C2E4E54502E4F5247222C31320D0D77
:108D60000A4F4B0D0A00000041542B434E54503D16
:108D700022322E4555524F50452E504F4F4C2E4EBD
:108D800054502E4F5247222C31320D0D0A4F4B0DAD
:108D90000A00000041542B434E54503D22332E45CF
:108DA00055524F50452E504F4F4C2E4E54502E4F33
:108DB0005247222C31320D0D0A4F4B0D0A00000094
:108DC00041542B434E54503D22302E4555524F5066
:108DD000452E504F4F4C2E4E54502E4F5247222C62
:108DE00031320D00CEC7CECDD3C2C0CDCDDF2020D5
:108DF0002025332E33640000257325372E3066007E
:108E0000257325372E316600257325372E326600EF
:108E1000257325372E3266E3F0ED2FEB00000000BE
:108E200025372E30660025372E31660025372E3245
:108E300066000000C1C5C7CACED8D2CEC2CDCE20F2
:108E400025332E3166CB0000C2CEC4C00000000026
:108E5000CAD0C5C4C8D23A2020000000CFD0C8D1A3
:108E6000D2D049C92050415950415353000000000D
:108E70002020CDC520CFD0C0D6DEAA2121212020A0
:108E800000000000CF49C4C3CED2CEC2CAC020C2A7
:108E9000CEC4C8200000000020CFCECCC8CBCAC0B2
:108EA00020CDC0CBC8C2D32000000000202020204D
:108EB000C0C2D2CECCC0D220202020200000000092
:108EC00020202020C7D3CFC8CDC5CDCE2020202044
:108ED00000000000CACDCECFCAC0CCC82031CB2004
:108EE000492035CB0000000020C2C2C5C449D2DCF5
:108EF00020CEC127AACC2020000000002020CF498E
:108F0000D1CBDF20C2C8C1CED0D3202000000000CA
:108F1000CFCED2D049C1CD2E20CEC127AACCD320CE
:108F200000000000CDC0D2C8D1CD49D2DC20CACDCE
:108F3000CECFCAD30000000020202020D1CFCBC04C
:108F4000D2C8D2C8202020200000000020CED7495F
:108F5000CAD3DE20CAC0D0D2CAD32020000000006D
:108F6000CECFC5D0C0D649DF20D3D1CF49D8CDC0D0
:108F70000000000020202020CECFC5D0C0D649DF81
:108F8000202020200000000020202020D1CAC0D1B5
:108F9000CEC2C0CDC0202020000000002020D1D3B0
:108FA000CCC020CECFCBC0D2C820202000000000F3
:108FB000202020CFC5D0C5C2C8D9D3AA20202020C8
:108FC00000000000CAD0C5C4C8D2CDC8C920CB4952
:108FD000CC49D22000000000202025362E32662009
:108FE000C3D0CD2020202020000000002020C2D1AE
:108FF000D2C0CDCEC2CBC5CDC8C920200000000054
:109000002020202020C1C0CDCACECC20202020206E
:109010000000000080B56548002141608160C160AA
:10902000634A6449001DE9F7F4FD01BD38B5EFF36B
:10903000108072B6604CA168491CA16080F3108852
:109040005E4DE9692020014004D02968084001D024
:1090500000F07EF829688020014004D0E9690840CA
:1090600001D000F03AF8296840200140002905D0DD
:10907000E969014002D0286200F05DF8A868C007E5
:109080000AD5E869400707D5802040054C490860AB
:10909000BFF34F8FBFF36F8FEFF3108072B6A168ED
:1090A000491EA16002D080F3108831BD6268514230
:1090B00011400A011143434A8B0119430B04591A09
:1090C000890E515CE1602268914203D080214905FC
:1090D0003D4A116080F3108831BD3C4841884A0008
:1090E0008218D2880388002B07D05B1E0380491C9E
:1090F0008BB2242B00D1002141803049D205D20D02
:109100008A620088002815D1EFF31080012282F3D3
:1091100010880A6880239A430A6080F31088EFF36E
:109120001080012282F310880A68402313430B60E9
:1091300080F310887047EFF31080012181F31088CD
:109140001E490A6840239A430A6080F310887047DA
:109150001CB51F480068C005C00D69460880134C47
:10916000201D00F037F8A0686168401A40102528DB
:1091700004D30320A0700120207013BD60786946DD
:109180000988401869460988C9050DD569460988C6
:10919000401A0A46C1B2D2B2914201D1002100E088
:1091A0000221A17001212170607013BDB05E00200A
:1091B0002C60002099AB0108D40A00200044004034
:1091C00080E100E00C98010804ED00E0105C002054
:1091D0002444004038B504000D006068814210D27C
:1091E000226891420DD3891A4D10A168884203D19B
:1091F0000121200000F012F8606821686A00895A95
:1092000008E0A168884203D10121200000F006F89F
:10921000606829880180801C606031BD70B5446839
:109220008268131B5B108B4217D20368E41A651027
:109230000A4C661B8E4201D2EFF75AFD6918D21A0A
:1092400052105308E41A944201D2002200E0D218CE
:10925000914200D2110000F003F870BDFFFFFF7FC4
:10926000F8B505000E0001D1002409E080200006B9
:10927000864201D3EFF73CFD7000F0F73DFE04009D
:1092800029686868401A401042002000EFF772FD1C
:1092900029686A68521A5710002905D0AA68501A1E
:1092A0004210280000F008F870002018A86078002C
:1092B000201868602C60F1BD80B50800EFF752FD02
:1092C00001BD704725322E3264257325322E32645B
:1092D000202573257325322E32642D25322E3264DB
:1092E0002D25322E32640000202020202020202036
:1092F000202020202020202025322E326425732596
:10930000322E32642020257325322E32642D2532F0
:109310002E32642D25322E326420C1C5C7CACED864
:10932000D2CEC2CDCE2025332E3166EB20200000D8
:10933000202020202020202020202020202020202D
:10934000C0CAD649DF2120C2CEC4C02025372E3264
:1093500066E3F0ED2FEB20E72025322E32643A252C
:10936000322E326420E4EE2025322E32643A253249
:109370002E326420CFED3B20C2F23B20D1F03B20C7
:10938000D7F23B20CFF23B20D1E13B20CDE43B2084
:1093900020000000FEE7FEE7704780B51A48F8F7A6
:1093A000CBF901BD80B50220F0F7ACFE01BD80B560
:1093B00080204001F0F7A6FE01BD80B51348F8F704
:1093C000AFFB01BD80B51248F8F7AAFB01BD80B51F
:1093D000104801688969E022D2000A4002D0EAF709
:1093E00017FA01BDEAF70AFA01BD80B50A4801681B
:1093F0008969E022D2000A4002D0EAF709FA01BDE9
:10940000EAF7FCF901BD0000485D0020FC5C00208B
:10941000B05C0020685B0020BC5B0020F1B40168F8
:109420004118436858080A1800988068DB0701D57E
:109430004B46C01891422DD00D78491C03240326B9
:109440002E4002D10E78F61C491C2B090F2B07D198
:109450000B780F33491C03E00F78491C0770401C40
:10946000761EF9D1002BE5D00E78491CAD082C40B2
:10947000032C01D10C78491C24023419654244198B
:109480000025AE1E9E42D5D02678641C0670401C76
:109490006D1CF6E700980C30F2BC7047CFCECDC5FE
:1094A000C449CBCECA20D2C0CA2FCD4900C249C2BE
:1094B000D2CED0CECA2020D2C0CA2FCD4900D1C52D
:1094C000D0C5C4C020202020D2C0CA2FCD4900D78B
:1094D000C5D2C2C5D020202020D2C0CA2FCD49007D
:1094E000CF27DFD2CDC8D6DF2020D2C0CA2FCD49AA
:1094F00000D1D3C1CED2C020202020D2C0CA2FCDCF
:109500004900CDC5C449CBDF20202020D2C0CA2FBE
:10951000CD490000686A6C747A4C00007072696E04
:1095200074665F733A20256E20646973616C6C6F9A
:10953000776564007072696E74663A2062616420B7
:10954000256E20617267756D656E74007072696E4C
:1095500074665F733A2062616420257320617267CC
:10956000756D656E74000000000000006E616E0095
:109570004E414E00696E6600494E4600300010B5FF
:10958000040086204000201800F02AF82000F43063
:1095900000F026F82000DC3000F022F82000C43073
:1095A00000F01EF82000AC3000F01AF820009430D3
:1095B00000F016F820007C3000F012F82000643033
:1095C00000F00EF820004C3000F00AF82000343093
:1095D00000F006F820001C3000F002F8200010BD5A
:1095E00010B5040000220121EAF777FF200010BD2A
:1095F000202020202020202020202020202020206B
:10960000CB49D7C8CBDCCDC8CA20CFCED2CED7CDA0
:10961000CEC3CE20CEC1D1DFC3D320C2CEC4C82E8C
:1096200020C4C0D2C020CECDCEC2CBC5CDCDDF2090
:10963000CB49D7C8CBDCCDC8CAC03A200000000057
:10964000564F4C4F4849535420256425250D0A5444
:10965000454D5045524154555241202564204852B1
:10966000414400004441544348594B20564F4C4F0D
:10967000484F535449205649445355544E49492064
:1096800041424F2056594D4B4E454E59490000001E
:1096900000002115110E0D0C0B0B0A0A090909090E
:1096A0000908080808080808070707070707070741
:1096B00007070707070000003031323334353637EB
:1096C00038396162636465666768696A6B6C6D6E80
:1096D0006F707172737475767778797A0000000014
:1096E000000000000000244000000000000059407D
:1096F000000000000088C3400000000084D79741AC
:109700000080E03779C34143176E05B5B5B893467D
:10971000F5F93FE9034F384D321D30F94877825A49
:109720003CBF737FDD4F157538B50C4C2000E6F754
:10973000DFFC0B4D2A000B49E9F76BFA0A49E420DC
:1097400040002018F4F70EFEEC204000201800F036
:109750000FF82A000549E9F75CFA31BD28550020C9
:109760002C6000207F950108685B00207D9F010828
:1097700010B50400E9F742FA20001830E9F73EFA84
:1097800020003030E9F73AFA200010BD0B0B1C081E
:10979000080A04000A000404040404000E11101C4A
:1097A00010110E00040E1F041F0E04000C12120CE8
:1097B0000000000000000000040E1F00120C121236
:1097C0000C120000021515150E04040041A042A160
:1097D000E045A3A4A5A64BA74D484FA8504354A9C4
:1097E000AA58E1ABACE2ADAE62AFB0B161B2B3B416
:1097F000E365B6B7B8B9BABBBCBD6FBE7063BF791D
:10980000E478E5C0C1E6C2C3C4C5C6C72000010CE8
:109810000206FF0D03FF07FFFFFFFF0E0A04FFFF15
:1098200008FFFF19FFFFFFFFFF151B0F1F0B05FFB1
:10983000FFFFFFFF09FFFF18FFFF141A1EFFFFFFC6
:10984000FF17FF131DFF16121C1110FF0000000070
:109850000000000000000000000000000000000008
:1098600000000000000000000000000001000000F7
:1098700002000000030000000400000006000000D9
:1098800007000000080000000900000070B401217A
:10989000002213E00368001D0B4202D04D46EB1876
:1098A0005B1E1A601B1D241F042CFAD21D00A60784
:1098B00001D51A80AD1C0C4000D02A700468001D30
:1098C000002CE7D170BC70472020202020202020D1
:1098D0002020202020202020D649CDC0203120CBA0
:1098E00049D2D0C020C2CEC4C820CFD0C820CECF4D
:1098F000CBC0D24920CAC0D0D2CACEDE20200000C0
:109900002020202020202020202020202020202057
:10991000CA49CBDCCA49D1D2DC2049CCCFD3CBDC7D
:10992000D149C220CDC0203120CB49D2C5D020C2E0
:10993000CEC4C8202000000020202020202020208D
:109940002020202020202020CACED0C5CAD649DF22
:109950002049CCCFD3CBDCD149C220CDC02031208F
:10996000CB49D2C5D020C2CEC4C820200000000000
:1099700020202020202020202020202020202020E7
:10998000C4C0D2C020C7C0CA49CDD7C5CDCDDF2005
:10999000C1C5C7CACED8D2CEC2CDCEC3CE20D0C5C7
:1099A000C6C8CCD32020000072B6EFF3098020385F
:1099B0000146F0C144464D4656465F46F0C100B5EB
:1099C000064988471030F0C8A046A946B246BB46B3
:1099D00080F309882038F0C862B600BD792C0008F1
:1099E00025372E33664C2000000025372E32664C7A
:1099F0002000000025372E31664C2000000025365F
:109A00002E30664C000000002A2A2A2A2A2A2A2000
:109A100000000000202020202020202020202020C6
:109A200020202020D649CDC0203120CB49D2D0C023
:109A300020C2CEC4C820C720CC49CDC5D0C0CBC021
:109A4000CCC8202000000000202020202020202042
:109A50002020202020202020C4C0D2C020CFCED75C
:109A6000C0D2CAD320C1C5C7CACED8D2CEC2CDCEED
:109A7000C3CE20D0C5C6C8CCD320200020202020B3
:109A8000202020202020202020202020CEC127AAF6
:109A9000CC20C2CEC4C820C1C5C7CACED8D2CEC27F
:109AA000CDCEC3CE20D0C5C6C8CCD3202000000068
:109AB00020202020202020202020202020202020A6
:109AC000D7C0D120C7C0CA49CDD7C5CDCDDF20C0B2
:109AD000CAD649C9CDCEC3CE20D0C5C6C8CCD320A6
:109AE00020000000202020202020202020202020D6
:109AF00020202020CECFC5D0C0D2CED020CCCEC109
:109B000049CBDCCDCEC3CE20C7C227DFC7CAD32006
:109B100020000000202020202020202020202020A5
:109B200020202020D649CDC02049CCCFD3CBDCD1BA
:109B3000D320CAD3CFDED0CECFD0C8C9CCC0D7C0F7
:109B40002020000020202020202020202020202055
:109B500020202020D649CDC02049CCCFD3CBDCD18A
:109B6000D320CCCECDC5D2CECFD0C8C9CCC0D7C0E3
:109B70002020000020202020202020202020202025
:109B800020202020C4CD4920D0CEC1CED2C820C0B4
:109B9000CAD649C9CDCEC3CE20D0C5C6C8CCD320E5
:109BA0002000000020202020202020202020202015
:109BB00020202020D7C0D120CFCED7C0D2CAD320DA
:109BC000C0CAD649C9CDCEC3CE20D0C5C6C8CCD315
:109BD000202000000100000002000000040000003E
:109BE00006000000080000000A0000000C00000051
:109BF0001000000020000000400000008000000075
:109C000000010000202020202020202020202020D3
:109C100020202020CDCECCC5D020D2C5CBC5D4CEDF
:109C2000CDC020CCC0C9D1D2D0C0202000000000BF
:109C30002020202020202020202020202020202024
:109C4000C0CAD649C9CDC020D649CDC0203120CB0D
:109C500049D2D0C020C2CEC4C820200052495645A7
:109C60004E20564F4C4F484F5354492025642525CC
:109C70000D0A54454D5045524154555241202564DA
:109C80002048524144000000202020202020202095
:109C90002020202020202020C7C0C3C0CBDCCDC086
:109CA00020D1D3CCC020C3D0CED8C5C9202000003D
:109CB00020202020202020202020202020202020A4
:109CC000C7C0C3C0CBDCCDC8C920CEC127AACC2019
:109CD000C2CEC4C820200000202020202020202028
:109CE0002020202020202020D2D0C8C2C0CB49D1A3
:109CF000D2DC20CFD0CECCC8C2C0CDCDDF2020005A
:109D00002020202020202020202020202020202053
:109D1000CFD0CECCC8C2C0CDCDDF20C7C020D7C0E9
:109D2000D1CECC2020000000202020202020202088
:109D30002020202020202020CFD0CECCC8C2C0CDD3
:109D4000CDDF20C7C020CEC1D1DFC3CECC202000C4
:109D50002020202020202020202020202020202003
:109D6000CFD0CEC3D0C0CCD3C2C0CDCDDF20312028
:109D7000CB49D2D0C020200020202020202020202D
:109D80002020202020202020C1C5C7CACED8D2CE76
:109D9000C2CDC8C920D0C5C6C8CC20200000000054
:109DA000504C4154495A484E4920505259535452EC
:109DB0004F59490D0A504552455A4156414E54415A
:109DC00047454E4F0000000010B50749794418314F
:109DD000064C7C44163404E0081D0A68891888473C
:109DE0000100A142F8D110BD98000000B8000000A9
:109DF0002020202020202020202020202020202063
:109E0000D649CDC0203120CB49D2D0C020C2CEC44B
:109E1000C82020002020253031322E30660000205E
:109E200020253031322E316600002020253031329D
:109E30002E32660000000000564F44410D0A534B7D
:109E4000594E55544F2025322E32642F25322E3252
:109E5000642F25322E32640D0A0000005A41484119
:109E60004C4E412053554D413A0D0A4B55505955D2
:109E7000523A20253031322E32660D0A00000000A1
:109E80000DFAFFFF00540000E00C0020000000006D
:109E90008DF5FFFF7C0D0000E605000000000020AE
:109EA000650000000000000000000000000000004D
:109EB000000000000100000002000000030000009C
:109EC0000400000010B504002168002909D0A06832
:109ED000401A42102000FFF7EFF900202060606078
:109EE000A06010BD10B5040005482060200024309B
:109EF000F7F746F820001830F7F742F8200010BDB9
:109F0000F8A0010810B50400044979440E31044852
:109F100078440C30EDF78CFD200010BDB40000003B
:109F20009400000000F00DF8002801D0FFF74CFF6E
:109F300000BF00BF002000BF00BFEDF708FC00F02D
:109F400002F80120704780B500F002F801BD7047AB
:109F50000746EDF797FD3846F5F796F8FBE77047AB
:109F600020202020D7C0D120D0CEC1CED2C820CE34
:109F7000C7CECDD3C2C0CDCDDF20200010B50400A8
:109F80003030FFF72DFB20001830FFF729FB2000B1
:109F9000FFF726FB200010BD0548014603B46846C4
:109FA00080F3098800BF00BF00BF00BFFFF7BAFF02
:109FB000A5EDF5FEA973FFFF5DF0FFFF6D46FFFF06
:109FC000658CFEFFF560FEFF39DCFEFF5DF7FFFFED
:109FD00000000000000000008D230108912301080B
:109FE00085240108EB4C0008000000000000000080
:109FF0008724010889240108F125010867730008F6
:10A000000000000000000000CD260108E72601083E
:10A010000D270108F778000800000000000000008C
:10A020006D27010895270108992701082F7A000854
:10A0300000000000000000009B270108B527010870
:10A04000D72701089B8A00080000000000000000DC
:10A05000D9270108E9270108ED270108738D0008B9
:10A060000000000000000000EF270108FF270108A2
:10A0700003280108F79E000800000000000000000F
:10A080000528010815280108192801084B9F000818
:10A0900000000000000000001B2801082B28010818
:10A0A0002F28010833A40008000000000000000071
:10A0B000312801084128010845280108A7B00008F7
:10A0C0000000000000000000472801085728010890
:10A0D0005B280108E7B10008000000000000000054
:10A0E0005D280108952801089928010883DA0008ED
:10A0F0000000000000000000754E00088D5A0008A6
:10A10000ED4C000855600008000000000000000051
:10A11000EBA4000819A5000851A5000827E60008CF
:10A120000000000000000000094F0108694F01080D
:10A13000794E0108EBF1000800000000000000006B
:10A14000914F01082F50010871500108FBF30008DE
:10A150000000000000000000315101084F520108CA
:10A160006D5201089F0F0108000000000000000070
:10A170002553010839540108755401085B1301087F
:10A1800000000000000000009D4701080148010890
:10A190000D4701086F1601080000000000000000D4
:10A1A0002948010831490108514901080F5901089E
:10A1B0000000000000000000214A0108494B01088E
:10A1C000F54B0108E75901080000000000000000FD
:10A1D000FD4C01088D4D0108CD4D01083761010886
:10A1E0000000000000000000ED2C0108E92D01082E
:10A1F0007D2E010833670108000000000000000008
:10A20000952E0108A92F0108DF2F01089B6801087E
:10A2100000000000000000007D300108113101083D
:10A22000F92F01081B720108000000000000000067
:10A2300009320108F13201082D310108C3920108E9
:10A240000000000000000000C1330108D134010803
:10A25000113301084F9F01080000000000000000BA
:10A26000AD35010859360108253501085F9F010801
:10A2700000000000000000009D360108ED360108D6
:10A280008D360108A5AB01080000000000000000A9
:10A29000393701081D38010815370108F53801085C
:10A2A0000000000000000000813A0108193B01088D
:10A2B000F5390108A7AB010800000000000000000C
:10A2C000B1280108CB280108A9AB0108ABAB0108F4
:10A2D000000000000000000055290108CD290108F8
:10A2E000CF280108ADAB010800000000000000000D
:10A2F000052A01081D2A0108552A0108AFAB0108EB
:10A300000000000000000000592A01089D2B0108F0
:10A31000F12B0108572A010800000000000000008E
:10A32000555501086F550108B1AB0108B3AB0108E1
:10A330000000000000000000F955010871560108F6
:10A3400073550108B5AB01080000000000000000D3
:10A3500095560108AD560108CF560108B7AB010864
:10A360000000000000000000D3560108AD570108AE
:10A37000F1570108D156010800000000000000005C
:10A38000991E0108111F0108391E0108B9AB010807
:10A390000000000000000000391F0108511F0108E3
:10A3A000A91F0108BBAB010800000000000000006D
:10A3B000AB1F0108B11F010891200108BDAB0108C6
:10A3C000000000000000000093200108992001080F
:10A3D0004D210108BFAB0108000000000000000093
:10A3E0005321010885210108C9210108C1AB0108D9
:10A3F0000000000000000000CF210108D521010865
:10A4000017220108C3AB0108000000000000000093
:10A4100029220108AB220108D1220108C5AB01089D
:10A4200000000000000000008D400108D14001083C
:10A43000D5400108C7AB0108000000000000000083
:10A4400031410108E14101080D420108C9AB010891
:10A450000000000000000000AD42010809430108AF
:10A460000D430108CBAB0108000000000000000014
:10A470006D430108B9430108BD430108CDAB010894
:10A480000000000000000000E9B1000825B300084A
:10A4900035B30008CFAB0108000000000000000049
:10A4A000B1B3000889B40008E9B40008D1AB0108D1
:10A4B000000000000000000065B80008D5B80008E2
:10A4C000FDB80008D3AB0108000000000000000048
:10A4D0003DB60008DFB6000821B70008D5AB01087B
:10A4E000000000000000000079B90008DDB9000894
:10A4F00001BA0008D7AB010800000000000000000E
:10A5000005BA000879BA000829BB0008D9AB0108D0
:10A51000000000000000000075440108D944010853
:10A5200003450108DBAB010800000000000000004B
:10A530001D4601086D460108E5460108DDAB01082E
:10A5400000000000000000001D72010821720108D7
:10A5500071720108DFAB010800000000000000007C
:10A56000737201088972010851730108E1AB010897
:10A570000000000000000000537301088D73010803
:10A58000D1730108D9730108000000000000000029
:10A59000DB730108397401083D7401087174010806
:10A5A000000000000000000073740108D974010865
:10A5B0002975010841750108000000000000000035
:10A5C00043750108A1750108A5750108B175010859
:10A5D0000000000000000000B375010815760108B6
:10A5E000197601082576010800000000000000002F
:10A5F0002776010885760108897601089976010891
:10A6000000000000000000009B760108AF76010802
:10A61000B3760108BB7601080000000000000000CE
:10A62000BD7601083B7701083F77010847770108AD
:10A63000000000000000000049770108B177010820
:10A64000F57701084D7801080000000000000000C7
:10A650004F780108A1780108F1780108F378010822
:10A660000000000000000000F5780108577901089B
:10A6700075790108777901080000000000000000EA
:10A6800079790108C97901082D7A01082F7A010822
:10A690000000000000000000317A01087F7A010804
:10A6A0009D7A01089F7A0108000000000000000068
:10A6B000A17A01082D7B0108417B0108617B01081B
:10A6C0000000000000000000757B0108FD7B010810
:10A6D000477C0108BD7C010800000000000000006C
:10A6E0007D3B0108213C0108553C0108E3AB010812
:10A6F0000000000000000000F73C0108C93D01080F
:10A70000CD3D0108E5AB010800000000000000009D
:10A71000613E0108413F0108853F0108E7AB0108A0
:10A72000D2C5D1D2CEC2C8C920D0C5C6C8CC20207F
:10A730000000000047534D2F4750525320CCCEC449
:10A74000C5CC202000000000CCCEC4C5CC20C2CA9D
:10A75000CBDED7C5CDC8C92000000000D1D2C0CD06
:10A7600020CCCEC4C5CCD320202020200000000067
:10A77000D049C2C5CDDC20D1C8C3CDC0CBD32020A9
:10A7800000000000CCCEC149CBDCCDC8C920CDCE65
:10A79000CCC5D02000000000C1C0CBC0CDD120CAA4
:10A7A000C0D0D2CAC820202000000000D1D2C0D220
:10A7B000C8D1D2C8CAC020C3D0CED849000000003A
:10A7C000D1D2C0D2C8D1D2C8CAC020C2CEC4C02043
:10A7D00000000000CFCBC0D249C6CDC020D1C8D127
:10A7E000D2C5CCC0000000002020CDC0CBC0D8D244
:10A7F000D3C2C0CDCDDF20200000000020202020CB
:10A800002020D649CDC82020202020200000000094
:10A8100020202020C7C0C3C0CBDCCD492020202071
:10A82000000000002020CDC0CBC0D8D2D3C2C0CD04
:10A83000CDDF2020000000002020C1C5C7CACED82F
:10A84000D2CEC2CDC8C92020000000002020202088
:10A8500020D0C5C6C8CC2020202020200000000029
:10A8600020C0CAD649C9CDC8C920D0C5C6C8CC20C9
:10A870000000000020544543484E4F56454E444981
:10A880004E47202000000000202020202057415467
:10A8900045522020202020200000000054574F2047
:10A8A0005354205645522E382E31612000000000AE
:10A8B000C2C8D549C420C220D0CEC1CED7C8C92075
:10A8C00000000000D0C5C6C8CC20202020202020B9
:10A8D0002020202000000000C2C8D549C42049C75C
:10A8E00020CCC5CDDE20202000000000202020D17B
:10A8F000D3CCC020CAD3CFDED0202020000000005F
:10A90000202020D1D3CCC020CCCECDC5D220202039
:10A910000000000020D1D3CCC020C720CAC0D0D2B4
:10A92000CECA20200000000049CDCAC0D1C0D649FF
:10A93000DF20CAD3CFDED0200000000049CDCAC03E
:10A94000D1C0D649DF20CCCECDC5D220000000003A
:10A95000C4C5D1DFD2CACEC2C020CAD0C0CFCAC0FF
:10A9600000000000202020202025322E326420D13B
:10A97000C5CA2020200000002020202020563D2590
:10A98000342E3464202020200000000020202020CD
:10A990004E203D2025342E3464202020000000006D
:10A9A00020CACED0C5CAD649DF20C4C0D2C8202014
:10A9B0000000000020CACED0C5CAD649DF20D7C0CB
:10A9C000D1D32020000000002020CACDCECFCAC0A5
:10A9D00020CFD3D1CA202020000000002020CACDE3
:10A9E000CECFCAC020CEC7CECD2020200000000090
:10A9F0002020CACDCECFCAC020CAC0D0D2C020200D
:10AA00000000000020CACDCECFCAC020C249C4CCAD
:10AA100049CDC02000000000CACDCECFCAC020CF93
:10AA2000C5D0C5C4C0D2C8200000000020CACDCE09
:10AA3000CFCAC0203120CB49D2D020200000000056
:10AA4000CACDCECFCAC0203520CB49D2D049C220F2
:10AA50000000000020CACBC0CFC0CD20CFD0CEC4D4
:10AA6000C0C6D3200000000020202020CEC149C352
:10AA7000D049C2C0D7202020000000002020202084
:10AA8000D2C5D0CCCED1D2C0D22020200000000030
:10AA90002020D2C5D1D220C4C2C5D0C5C920202013
:10AAA00000000000CDC0CBC8C220C2CEC4C820C2A6
:10AAB00020C1C0CA00000000CACBC0CFC0CD20CF8B
:10AAC000D0CECCC8C2C0CD2E00000000202020CEA9
:10AAD000C7CECDD3C2C0CDCDDF20202000000000E6
:10AAE00020D1D2C0CD20C4C0D2D7C8CA49C22020EC
:10AAF0000000000020202020CEC149C3D049C22040
:10AB00002020202000000000CEC149C3D02E20C24A
:10AB1000CACBDED7C5CDC8C900000000202020D296
:10AB2000C5CCCFC5D0C0D2D3D0C0202000000000FB
:10AB3000C4C0D2D7C8CA20C2CECBCEC3CED1D24990
:10AB400000000000444854323020C2CACBDED7C5D2
:10AB5000CDC8C93F00000000D049C2C5CDDC20C22D
:10AB6000CECBCEC3CED1D2490000000020532F4E11
:10AB70003A2025382E386C75202000000148804787
:10AB8000014800470DAC0108999F010810B5040069
:10AB9000F6F7F6F9200010BD10B50400FFF792F9A2
:10ABA000200010BD7047704770477047704770476E
:10ABB00070477047704770477047704770477047DD
:10ABC00070477047704770477047704770477047CD
:10ABD00070477047704770477047704770477047BD
:10ABE0007047704770477047FEE7FEE7FEE7FEE7F5
:10ABF000FEE7FEE7FEE7FEE7FEE7FEE7FEE7FEE72D
:10AC0000FEE7FEE7FEE7FEE7FEE700007047000014
:10AC1000200208000020041007D89F010874A80132
:10AC2000088804920001C00438A0010834A7142148
:10AC300001125018F202AC18126818F202C0181271
:10AC40008018F202D41812981812E818D2FC1C12BC
:10AC5000B01812108CD22490F00401C0A201086830
:10AC6000AA48F0040120A3010830AB1812C848120A
:10AC70003844D24C4812E018F30160A83010031099
:10AC8000A10108B018D2C41C122030F20220C0F07A
:10AC9000030248A501081C78127818F20290A82136
:10ACA00001F30560A5AC6101129020F305C8A9204D
:10ACB00012A81CF206DC1C12C01CF206F01C12D8F2
:10ACC0001CF206049012F01CF206181CF003060891
:10ACD000A601082C1C12201CF206401C12381CF283
:10ACE00006E01C12501CF202CC1C126818F202542E
:10ACF00018128018F202A418129818F202B818FB61
:10AD000005B0A624E10112C828F2067C282908FA19
:10AD100002D8201A9868F3055CA73412B01CF2061A
:10AD2000701C12E01CF305E49A1C12F81CF2068455
:10AD30003812C81CF31D98A7A4F80306E8A401085C
:10AD400028081600ECF31D3CA9502A3058F2019552
:10AD500018F10730F11F1812E818F207A0B01DF023
:10AD600003F207B41CD10112782CF301509D2C1270
:10AD70009018F319009990F305F0A218F33550A339
:10AD8000F0F003FFF09F01080001F1EA011E085CEA
:10AD9000061E6C1006DA9C2C1A8070FB1D48A72C2E
:10ADA0001E88FC03F301889C3412A018FA02EC8C74
:10ADB00012D018FE0200600312B818F20214181E16
:10ADC000180C04F202B0601EE04C05F20250301282
:10ADD000F818F305149BC41210DCF206441C122868
:10ADE00080F305F09D1C12401CF305C8981C2258E6
:10ADF000B8FD06680512701CF305309C1C1E18F483
:10AE0000031E609803D264C42E300C04F102342E69
:10AE1000485404F102A0126018122818D27848127F
:10AE2000A8181E388404D28C1812D818FE02080CF8
:10AE3000081608FCFE02F49C06123818F202443090
:10AE4000126818F20258181E888404F20278A812B8
:10AE5000A018F602482812B818FE02702C0512D06D
:10AE600018F2027C30FF0528A14809124018F602AA
:10AE700074DC125818F202A418127018F202B060B2
:10AE800020029405002004527404F21200012125CE
:10AE9000C3FF012A610F2204087324F41112190759
:10AEA0001BE8038C522721F11F185101520518F39A
:10AEB00015D007186148F30E881318D178F386B8B7
:10AEC0000B18510121E8251C43307518F002070BBF
:10AED000AC01080452FF01D001D645001420040043
:10AEE00000364B00086B47600CF438019B8C001C4B
:10AEF00052950812B10812990412C50452D114A136
:03AF00000165F0F8
:0400000508019F99B6
:00000001FF
