:020000040800F2
:10000000386300207DB70108059F0108079F01089C
:1000100000000000000000000000000000000000E0
:10002000000000000000000000000000099F01081F
:1000300000000000000000007DA501081D740008FC
:10004000E1B70108000000000B9F0108E3B70108B9
:10005000E5B70108159F0108E7B701081F9F0108D0
:1000600000000000E9B70108EBB70108EDB701088F
:10007000EFB70108F1B70108F3B70108000000006D
:10008000F5B701082B9F0108F7B70108F9B7010878
:10009000FBB70108FDB70108359F01083F9F010824
:1000A0005B9F0108FFB7010801B801085525010849
:1000B000E59901088502000870B5B24C201D02F0D8
:1000C00085FCB14EC94D2A00310002F08AFC2000A7
:1000D0001C3002F07BFC2A00310002F082FC70BD73
:1000E00010B504001C3002F071FC2000343002F026
:1000F0006DFC20004C3002F069FC2000643002F0FE
:1001000065FC20007C3002F061FC2000943002F09D
:100110005DFC2000AC3002F059FC2000C43002F03D
:1001200055FC2000DC3002F051FC2000F43002F0DD
:100130004DFC86204000201802F048FC9220400030
:10014000201802F043FCF0204000201802F03EFC92
:10015000200010BDF8B584B0002469464C73012519
:10016000A94EB178002909D12900B570EFF31081AB
:1001700072B6B84A126981F3108872600700387845
:1001800000281FD17C70BC707C71FC703C71EE202B
:1001900040003C549D4802F073FC9DA13800DC30C7
:1001A00002F095FCAC493800F43002F090FCAA490A
:1001B0003800943002F08BFCA7493800AC3002F0D4
:1001C00086FC3D70A5490D80FA239B0096225200C3
:1001D000A021A34803F0B2F8002812D1FA20800031
:1001E00002909E480088019003A800900223B82244
:1001F000A0219B4802F092FF401E8041C043C00FE7
:1002000000E00120A7490870A7486946097B0170F2
:10021000012932D17878002829D1EFF3108072B605
:100220008C49096980F310887068081AB4498842BB
:1002300006D37C70BC707C71FC703C71747002E001
:10024000B878002819D1B6A1380000F0E3F83220C0
:1002500002F016FC707800280FD17570EFF3108053
:1002600072B67C49096980F31088716005E03078C6
:10027000002800D13570684645736846407B05B05C
:10028000F0BD000038B5EFF3108072B6714CA16874
:10029000491CA16080F31088AF4DE969202001401E
:1002A00004D02968084001D000F080F82968802037
:1002B000014004D0E969084001D000F03AF829680B
:1002C00040200140002905D0E969014002D02862A0
:1002D00000F05CF8A868C0070AD5E869400707D5B0
:1002E000802080059D490860BFF34F8FBFF36F8F5B
:1002F000EFF3108072B6A168491EA16002D080F3AE
:10030000108831BD6268514211400A011143944A7C
:100310008B0119430B04591A890E515CE160226864
:10032000914203D0802149058E4A116080F31088E4
:1003300031BD1448416B4A1C4263026B102A01D341
:10034000C26901E002001C32834B515C9962416B2F
:10035000C06A814215D1EFF31080012181F310882A
:10036000196880229143196080F31088EFF31080A0
:10037000012181F31088196840220A431A6080F332
:100380001088704760550020FBA00108EFF3108033
:10039000012181F3108870490A6840239A430A605A
:1003A00080F31088012070490870704738B56F4895
:1003B0000068C0B203F020FDC1B26D4803F025FD16
:1003C000EFF3108072B623494A686A4B1C68D54324
:1003D000254005D04D6825434D6022401A6001E05C
:1003E0000121197180F3108831BD0000A45800204C
:1003F00010B55D4C02E00A2002F042FB2078002894
:10040000F9D00020207010BD4C5700208813000048
:100410003939000038B5544C0025656320001C3084
:1004200002F055FBA069102801D3606800E0201D90
:10043000656105702570EFF31080012181F310884C
:1004400045490A68802313430B6080F31088FFF747
:10045000CFFF31BD140B0020DC8F0108F8580020BD
:10046000D053002038B5404C0025656320001C3077
:1004700003F0E9FCA069102801D3606800E0201DAA
:1004800065610570EFF31080012181F31088324916
:100490000A68802313430B6080F310882570FFF7F0
:1004A000A7FF31BDAC5700201759002070B51600CA
:1004B0002D4D00246C6328001C3003F0C4FC002385
:1004C000DB430022310028001C3003F0C7FCA86980
:1004D000102801D3686800E0281D6C6104702C703E
:1004E000EFF31080012181F310881B490A688023F3
:1004F00013430B6080F31088FFF77AFF70BD000094
:10050000E980000010B500240022194803F0D9FC4E
:100510000021C943884200D00124200010BD000002
:1005200041540D00F8B50E00170000250E4C0022B6
:10053000201D03F0C6FC0021C94388420AD03900BF
:1005400032698218201D03F0BCFC0021C943884297
:1005500000D001252800F2BD004C004080E100E001
:100560001CA4010804ED00E060550020244C00406C
:10057000645500208C570020F8B5944CA544060023
:1005800093A1684603F0ABFC7078002801D000F01E
:1005900032FC9049FFA8483003F0A1FC0100300074
:1005A000FFF7B0FF040000220121FFA8483003F04C
:1005B000A6FC002C59D18849FFA8303003F08FFCED
:1005C00001003000FFF79EFF040000220121FFA878
:1005D000303003F094FC002C4FD18049FFA8183034
:1005E00003F07DFC01003000FFF78CFF04000022C7
:1005F0000121FFA8183003F082FC002C3DD178497E
:10060000FFA803F06CFC01003000FFF77BFF040043
:1006100000220121FFA803F072FC002C33D17149A4
:10062000F9A803F05CFC01003000FFF76BFF040049
:1006300000220121F9A803F062FC002C29D16A49AB
:10064000F3A803F04CFC01003000FFF75BFF00282B
:1006500025D16649EDA803F042FCEDA93000FFF773
:1006600051FF00281DD001242CE00120B07060490A
:100670003000FFF7CFFE01F0E2F85E493000FFF7EF
:10068000C9FE01F0DCF85C493000FFF7C3FE01F061
:10069000D6F85A493000FFF7BDFE01F0D0F801242A
:1006A00015E05749E7A803F01AFCE7A93000FFF767
:1006B00029FF441EA441E443E40F00220121E7A8DE
:1006C00003F01DFC00220121EDA803F018FC00221C
:1006D0000121F3A803F013FC002C31D14949E1A812
:1006E00003F0FDFB484D2900DBA803F0F8FB0200F6
:1006F000E1A93000FFF716FF040000220121DBA86A
:1007000003F0FDFB00220121E1A803F0F8FB002C1F
:100710001ED13E49D5A803F0E2FB01003000FFF7EF
:10072000F1FE00282BD1DB4C2100CFA803F0D7FB32
:10073000CFA93000FFF7E6FE002822D0012487E091
:1007400001207071D4493000FFF764FE01F077F8A2
:100750003100FFA8603001F062FAFFA9603130007B
:10076000DC3003F0E4FB00220121FFA8603003F03D
:10077000C6FBCA493000FFF74DFE01F060F80124C6
:100780006BE021005831C9A803F0A9FBC9A93000CA
:10079000FFF7B8FE002801D0012454E0D549C3A8D2
:1007A00003F09DFBC3A93000FFF7ACFE002801D089
:1007B000012443E0D049BDA803F091FBBDA930005E
:1007C000FFF7A0FE002823D0012432E018FAFFFF33
:1007D000000000002C89010840890108588901089F
:1007E0006C8901088C890108AC890108C889010855
:1007F000388901084C89010880890108A08901080D
:10080000E4890108088A0108188A01082C8A01086D
:10081000BA49B7A803F063FBB7A93000FFF772FE2F
:10082000441EA441E443E40F00220121B7A803F0D1
:1008300066FB00220121BDA803F061FB002201211B
:10084000C3A803F05CFB00220121C9A803F057FBF9
:1008500000220121CFA803F052FB00220121D5A8DC
:1008600003F04DFB002C00D0E2E0DD49B1A803F01D
:1008700036FB01003000FFF745FE04000022012195
:10088000B1A803F03CFB002C00D0D7E0D549ABA8C1
:1008900003F025FB01003000FFF734FE002800D0F4
:1008A000D2E0D149A5A803F01AFBD0A19FA803F07C
:1008B00016FB9FAAA5A93000FFF734FE441EA441F1
:1008C000E443E40F002201219FA803F018FB00225B
:1008D0000121A5A803F013FB00220121ABA803F01E
:1008E0000EFB002C00D0B1E0C14999A803F0F7FA43
:1008F000BEA193A803F0F3FA020099A93000FFF714
:1009000011FE04000022012193A803F0F8FA00224E
:10091000012199A803F0F3FA002C00D09CE0B5491E
:100920008DA803F0DCFA01003000FFF7EBFD0400B6
:10093000002201218DA803F0E2FA002C00D091E002
:10094000D74987A803F0CBFAD64981A803F0C7FAA4
:10095000020087A93000FFF7E5FD04000022012115
:1009600081A803F0CCFA0022012187A803F0C7FA7E
:10097000002C7DD1CC497BA803F0B1FA01003000F6
:10098000FFF7C0FD0400002201217BA803F0B7FAA5
:10099000002C73D1DB4975A803F0A1FA01003000E7
:1009A000FFF7B0FD04000022012175A803F0A7FAAB
:1009B000002C69D1D4496FA803F091FA290069A8E5
:1009C00003F08DFA02006FA93000FFF7ABFD0400C1
:1009D0000022012169A803F092FA002201216FA8E8
:1009E00003F08DFA002C5BD12A4D2C00B03421008D
:1009F00063A803F074FAC5495DA803F070FA020019
:100A000063A93000FFF78EFD00285FD1210057A8B1
:100A100003F065FABE4F390051A803F060FA51AAFD
:100A200057A93000FFF77EFD002851D001248CE04B
:100A3000B8493000FFF7EEFC00F001FFB24930008A
:100A4000FFF7E8FC00F0FBFE012445E7B249300067
:100A5000FFF7E0FC00F0F3FEB0493000FFF7DAFCEE
:100A600000F0EDFEAE493000FFF7D4FC00F0E7FEE9
:100A7000AC493000FFF7CEFC00F0E1FEAA4930009F
:100A8000FFF7C8FC00F0DBFEA8493000FFF7C2FC0E
:100A900000F0D5FED0950108008A0108208A0108DF
:100AA0003100FFA8603000F047FFFFA9603130003F
:100AB000AC3003F03CFA00220121FFA8603003F0C3
:100AC0001EFA300001F052FB00F0B9FE012446E0AE
:100AD000974C21004BA803F002FA8C4945A803F07B
:100AE000FEF945AA4BA93000FFF71CFD002807D0EE
:100AF000012420E0408A0108608A01087C8A0108FC
:100B000021003FA803F0EBF9390039A803F0E7F919
:100B100039AA3FA93000FFF705FD441EA441E44374
:100B2000E40F0022012139A803F0E9F90022012194
:100B30003FA803F0E4F90022012145A803F0DFF902
:100B4000002201214BA803F0DAF90022012151A86B
:100B500003F0D5F90022012157A803F0D0F90022B3
:100B600001215DA803F0CBF90022012163A803F065
:100B7000C6F9002C40D12900F83133A803F0AFF9B1
:100B800063492DA803F0ABF9020033A93000FFF749
:100B9000C9FC0400002201212DA803F0B0F90022B5
:100BA000012133A803F0ABF9002C00D084E06149A7
:100BB00027A803F094F901003000FFF7A3FC0028F8
:100BC00000D090E05C4921A803F089F921A9300008
:100BD000FFF798FC002800D187E00124F4E000BF73
:100BE000A48A0108C48A0108E08A01080D0A0000ED
:100BF0000C8B01083C8B01083100FFA8603000F02D
:100C0000D9FEFFA96031684603F091F90022012165
:100C1000FFA8603003F073F9002248A1684603F092
:100C2000A8F9F0600021C943884201D000BF10E05C
:100C30003100FFA8603000F0BDFEFFA96031300038
:100C4000F43003F074F900220121FFA8603003F0B2
:100C500056F9092106A803F0B1F939480268394963
:100C600006A803F0CBF984B286204000371836A1DD
:100C7000380001F02CFF002C09DD06A82500040037
:100C80002178380003F0C1F8641C6D1EF8D10120F2
:100C900070702E488169102908D3416807E000BFB1
:100CA000608B01086C8B0108808B0108011D0022FC
:100CB00042610A7000F0C4FD3100FFA8603000F00E
:100CC000C9FDFFA960313000943003F030F90022F3
:100CD0000121FFA8603003F012F90B493000FFF743
:100CE00099FB00F0ACFD012473E0E3491BA803F07D
:100CF000F6F81BA93000FFF705FC002828D00124D6
:100D00005DE000BFA08B0108B88A0108C88B01080C
:100D1000D08B0108988A0108FC8A01082C8B0108F5
:100D2000508B0108748B0108948B0108B48B010867
:100D3000A4960108E08B0108F08B01080700000071
:100D4000CC570020D88B010800000000605500201F
:100D5000CA4915A803F0C3F815A93000FFF7D2FB64
:100D6000002801D0012425E08E20400029180FA87A
:100D700003F0B5F80FA93000FFF7C4FB002801D03D
:100D8000012412E0A2204000291809A803F0A7F8C6
:100D900009A93000FFF7B6FB441EA441E443E40F69
:100DA0000022012109A803F0AAF8002201210FA8BE
:100DB00003F0A5F80022012115A803F0A0F80022F5
:100DC00001211BA803F09BF80022012121A803F0B8
:100DD00096F80022012127A803F091F8002C01D1F8
:100DE00000F02DFD0120B07100207070B0703070E7
:100DF000002200F025FDA249FFA80C3003F06FF897
:100E0000A0A1FFA8FF30D53003F069F80200FFA9C8
:100E10000C313000FFF786FB002801D0012436E0BA
:100E20009949FCA803F05BF896A42100F6A803F00A
:100E300056F8F6AAFCA93000FFF774FB002801D091
:100E400001241AE09149F0A803F049F82100EAA82A
:100E500003F045F8EAAAF0A93000FFF763FB441E4F
:100E6000A441E443E40F00220121EAA803F047F87B
:100E700000220121F0A803F042F800220121F6A887
:100E800003F03DF800220121FCA803F038F800220D
:100E90000121FFA8FF30D53003F031F800220121F5
:100EA000FFA80C3003F02BF8002C00D0B7E07849F5
:100EB000E4A803F014F8DF49FFA8FF30BD3003F0C9
:100EC0000EF80200E4A93000FFF72CFB040000221A
:100ED0000121FFA8FF30BD3003F011F800220121ED
:100EE000E4A803F00CF8002C00D0DDE06949DEA88E
:100EF00002F0F5FF684D2900FFA8FF30A53002F091
:100F0000EEFF0200DEA93000FFF70CFB0400002218
:100F10000121FFA8FF30A53002F0F1FF00220121DE
:100F2000DEA802F0ECFF002C00D0C1E05B49D8A89D
:100F300002F0D5FF2900FFA8FF308D3002F0CFFF6F
:100F40000200D8A93000FFF7EDFA040000220121C9
:100F5000FFA8FF308D3002F0D2FF00220121D8A877
:100F600002F0CDFF002C00D0A6E04D49D2A802F03F
:100F7000B6FFB049FFA8FF30753002F0B0FF0200A5
:100F8000D2A93000FFF7CEFA040000220121FFA809
:100F9000FF30753002F0B3FF00220121D2A802F029
:100FA000AEFF002C00D087E03E49FFA8FF305D3047
:100FB00002F095FF01003000FFF7A4FA04000022C0
:100FC0000121FFA8FF305D3002F099FF002C78D19D
:100FD000DF4DB62040002918CCA802F080FF29A7D9
:100FE0003900FFA8FF30453002F079FF0200CCA99C
:100FF0003000FFF797FA002867D12900B031C6A862
:1010000002F06DFF3900C0A802F069FFC0AAC6A9AE
:101010003000FFF787FA002859D0012490E0310012
:1010200006A800F015FE06A93000643002F07FFF2C
:101030000022012106A802F062FFD3A13000643033
:1010400002F0FCFFD14906A802F049FF31006431EB
:101050000CA803F02BF8020006A93000FFF726FACF
:10106000002201210CA802F04AFF0022012106A85B
:1010700002F045FFE3E300BF0C8C0108248C01085B
:10108000408C01080D0A0000508C0108608C01089A
:101090007C8C0108948C0108A08C0108A88C0108A4
:1010A000C48C0108D08C0108300000F017FEC6E3A4
:1010B000300000F0A1FFC2E3D2493000FFF7AAF9E7
:1010C000BDE3300001F052F8B9E3012442E0CA2048
:1010D00040002918BAA802F002FF3900B4A802F0B3
:1010E000FEFEB4AABAA93000FFF71CFA002801D00E
:1010F00001241BE02900D431AEA802F0F0FE390033
:10110000A8A802F0ECFEA8AAAEA93000FFF70AFAE0
:10111000441EA441E443E40F00220121A8A802F0E8
:10112000EEFE00220121AEA802F0E9FE002201211C
:10113000B4A802F0E4FE00220121BAA802F0DFFE0A
:1011400000220121C0A802F0DAFE00220121C6A877
:1011500002F0D5FE00220121FFA8FF30453002F049
:10116000CEFE00220121CCA802F0C9FE002C00D046
:10117000D4E0B049A2A802F0B2FE2E49FFA8FF3089
:101180002D3002F0ACFE0200A2A93000FFF7CAF930
:10119000040000220121FFA8FF302D3002F0AFFE35
:1011A00000220121A2A802F0AAFE002C00D006E134
:1011B000DE2040002918FFA8FF30153002F08FFE16
:1011C00001003000FFF79EF9040000220121FFA872
:1011D000FF30153002F093FE002C00D002E1F22027
:1011E00040002918FFA8FC3002F079FE0100300011
:1011F000FFF788F9040000220121FFA8FC3002F06B
:101200007EFE002C00D0F2E08B49FFA8E43002F013
:1012100066FE01003000FFF775F90400002201218D
:10122000FFA8E43002F06BFE002C00D0ECE0834914
:1012300002E000BF188A0108FFA8CC3002F04FFE80
:1012400001003000FFF75EF9040000220121FFA831
:10125000CC3002F054FE002C00D0CDE078499CA8A0
:1012600002F03DFE7749FFA8B43002F038FE0200DC
:101270009CA93000FFF756F9040000220121FFA8C5
:10128000B43002F03CFE002201219CA802F037FE9F
:10129000002C00D0B8E06C49FFA89C3002F01FFE83
:1012A00001003000FFF72EF9040000220121FFA801
:1012B0009C3002F024FE002C00D0AAE06349FFA875
:1012C000843002F00CFE01003000FFF71BF904002F
:1012D00000220121FFA8843002F011FE002C00D072
:1012E000A3E0822080002918FFA86C3002F0F7FDEF
:1012F00001003000FFF706F9002800D0ACE08B2099
:101300008000291896A802F0EAFD96A93000FFF7A0
:10131000F9F8002800D1A1E001246EE1310006A80F
:1013200000F048FB06A9684602F001FE00220121F8
:1013300006A802F0E4FD002245A1684602F019FE6D
:10134000F0600021C943884204D000BF10E000BF14
:10135000D0950108310006A800F02CFB06A930004A
:10136000F43002F0E4FD0022012106A802F0C7FDDE
:10137000F079002802D0012036490EE0307A0028AA
:1013800006D00120D04908E00D000000708C010853
:10139000707A002802D00120CC4908700020F0713A
:1013A00030727072CA498A69102A01D34A6800E013
:1013B0000A1D48611070D0490870002240E23100D7
:1013C00006A800F02CFC06A93000DC3002F0AFFDCE
:1013D0000022012106A802F092FD0020C6490870F3
:1013E00000222DE2C5493000FFF714F827E2C44976
:1013F0003000FFF70FF822E2C2493000FFF70AF889
:101400001DE200BFB48C0108BF493000FFF702F8AD
:1014100015E2AF488169102901D3426800E0021D3E
:1014200000214161117000220AE2D3493000FEF729
:10143000F1FF04E2088A0108108D0108348D0108CB
:10144000648D0108808D01088C8D0108A88D01082C
:10145000070000003E5900200124D3E094208000C2
:10146000291890A802F03BFD90A93000FFF74AF838
:10147000002801D00124BBE09D20800029188AA803
:1014800002F02DFD8AA93000FFF73CF8002801D0BA
:101490000124A8E0A6208000291884A802F01FFDDE
:1014A00084A93000FFF72EF8002801D0012495E030
:1014B000AF20800029187EA802F011FD7EA930001F
:1014C000FFF720F8002801D0012482E0B820800036
:1014D000291878A802F003FD78A93000FFF712F868
:1014E000002801D001246FE0CE4972A802F0F7FC79
:1014F00072A93000FFF706F8002801D001245EE051
:10150000C120800029186CA802F0E9FC6CA9300009
:10151000FEF7F8FF002801D001244BE0CA2080002C
:10152000291866A802F0DBFC66A93000FEF7EAFF86
:10153000002801D0012438E0D5208000291860A8B7
:1015400002F0CDFC60A93000FEF7DCFF002801D0DE
:10155000012425E0E020800029185AA802F0BFFCF1
:101560005AA93000FEF7CEFF002801D0012412E076
:10157000EB208000291854A802F0B1FC54A93000D7
:10158000FEF7C0FF441EA441E443E40F0022012102
:1015900054A802F0B4FC002201215AA802F0AFFCCA
:1015A0000022012160A802F0AAFC0022012166A805
:1015B00002F0A5FC002201216CA802F0A0FC002290
:1015C000012172A802F09BFC0022012178A802F000
:1015D00096FC002201217EA802F091FC002201214C
:1015E00084A802F08CFC002201218AA802F087FC6A
:1015F0000022012190A802F082FC0022012196A87D
:1016000002F07DFC00220121FFA86C3002F077FC83
:10161000002C4ED18E49FFA8543002F060FC01002E
:101620003000FEF76FFF040000220121FFA85430B4
:1016300002F065FC002C41D1BC494EA802F04FFCE1
:10164000BB49FFA83C3002F04AFC02004EA9300022
:10165000FEF768FF040000220121FFA83C3002F0E1
:101660004EFC002201214EA802F049FC002C31D191
:10167000B04948A802F033FC3900FFA8243002F03A
:101680002EFC020048A93000FEF74CFF00283DD197
:10169000C04942A802F023FC39003CA802F01FFC1C
:1016A0003CAA42A93000FEF73DFF002830D00124BB
:1016B00093E0B9493000FEF7ADFEC0E0B749300015
:1016C000FEF7A8FEBBE000BF3C5900203D590020BA
:1016D00060550020300000F0CFFDB148816910292D
:1016E00001D3426800E0021D0021416111700248EF
:1016F00001700022A4E000BF1C590020E48C010806
:10170000008D0108548D0108248D010801246EE02C
:10171000A44936A802F0E3FB390030A802F0DFFB51
:1017200030AA36A93000FEF7FDFE002801D00124C2
:1017300049E09D492AA802F0D2FB390024A802F012
:10174000CEFB24AA2AA93000FEF7ECFE002801D027
:1017500001242EE095491EA802F0C1FB390018A80B
:1017600002F0BDFB18AA1EA93000FEF7DBFE002820
:1017700004D0012413E000BFBC8D01088C4912A8DD
:1017800002F0ADFB12A93000FEF7BCFE441EA441DE
:10179000E443E40F0022012112A802F0B0FB002272
:1017A000012118A802F0ABFB002201211EA802F0C3
:1017B000A6FB0022012124A802F0A1FB00220121A6
:1017C0002AA802F09CFB0022012130A802F097FB1E
:1017D0000022012136A802F092FB002201213CA840
:1017E00002F08DFB0022012142A802F088FB0022BA
:1017F0000121FFA8243002F082FB0022012148A829
:1018000002F07DFB002C1AD0EE2040003018017849
:10181000002902D0082907D00FE008210170B4493F
:1018200007E000BFD88D010809210170F620800073
:1018300029183000FEF7EEFD01E00D2101700022B5
:101840000121684602F05BFBAA488544F0BD000018
:10185000048E0108F8B58CB007000D00A6A102F0B7
:101860003EFBA64928001C3001F031F94C4CEA6AD5
:1018700029001C31201D02F024FBE96A4018286170
:101880000026F643B0424ED09D4928001C3001F09E
:101890001EF92A6929001C31201D02F012FB686123
:1018A000B04240D02869A169102901D3616800E0E5
:1018B000211D091806A802F012FB02002900684643
:1018C00000F0D1FF69462800343002F030FB0022DE
:1018D0000121684602F013FB0022012106A802F054
:1018E0000EFB00201AE02800343002F0F3FB005D0C
:1018F0002B2808D0EC682800343002F0EBFB005DA8
:1019000030380A2808D2EC682800343002F0E2FBB4
:10191000015D380002F079FAE868401CE860EC6884
:10192000686C8442DFD30DB0F0BD00002C8E01083E
:10193000808D0108408E0108F8B505000C006EA1ED
:1019400002F0CDFAC14920001C3001F0C0F8144F5C
:10195000002221001C31381D02F0B3FAE16A401860
:1019600020610021C94388420AD1F1BD2669701C5B
:101970002061381D02F0AEFB815D280002F045FABF
:101980002669381D02F0A6FB805D02F0A8FB012845
:10199000ECDAF1BD5C8E0108F88D0108208E01089B
:1019A00060550020788E0108948E0108B08E0108E1
:1019B000CC8E0108F8B58CB006000D004EA102F0E7
:1019C0008EFA4E4928001C3001F081F84D4CEA6A2D
:1019D00029001C31201D02F074FAE96A40182861C0
:1019E0000027FF43B8420FD1B74928001C3001F04F
:1019F0006EF8EA6A29001C31201D02F062FAE96AD9
:101A000040182861B84271D0B04928001C3001F05C
:101A10005EF82A6929001C31201D02F052FA686123
:101A2000B8421ED02869A169102901D3616800E07D
:101A3000211D091806A802F052FA02002900684682
:101A400000F062F86946300002F071FA00220121CC
:101A5000684602F054FA0022012106A802F04FFA6B
:101A600044E0274928001C3001F031F82A69290098
:101A70001C31201D02F025FA6861B84236D0286971
:101A8000A169102901D3616800E0211D091806A889
:101A900002F025FA02002900684600F0E4FE6946DB
:101AA0002800343002F043FA00220121684602F097
:101AB00026FA0022012106A802F021FA2900343179
:101AC00006A802F0F3FA02002900684600F01CF8AC
:101AD0006946300002F02BFA00220121684602F02C
:101AE0000EFA0022012106A802F009FA0DB0F0BD9D
:101AF000E88E0108EC05000000000000608F01087E
:101B00006C8F010860550020F8B507000C00150027
:101B10006FA102F0E4F96FA120001C3000F0D7FFA4
:101B2000002221001C31280002F0CBF9E0600021E6
:101B3000C943884203D1F1BDE068401CE060E6681B
:101B4000280002F0C7FA805D02F0C9FA0028F3DC31
:101B5000E668280002F0BEFA805D02F0C9FA0028AB
:101B6000EADCE668280002F0B5FA805D02F0C9FA06
:101B70000028E1D1E668280002F0ACFA805D303838
:101B80000A2808D3E668280002F0A4FA805D02F073
:101B9000AFFA00280BDDE668280002F09BFA815DB1
:101BA000380002F032F9E068401CE060E2E7E668E5
:101BB000280002F08FFA805D2E28ECD03D0045A76A
:101BC00000223900280002F0D4F9E0600146002626
:101BD000F643B14202D0280002F09CFA00223900FC
:101BE000280002F0C6F9E0600146B14202D02800A8
:101BF00002F090FA002238A1280002F0BAF9E06061
:101C00000446B4420AD0BDA6300002F08FFA00901C
:101C1000330001222100280002F08FFAF1BD38B50F
:101C200005002BA102F05BF9B54C02230F22211D08
:101C3000280002F013F9A0690F2801D9606800E0BC
:101C4000201D00216161017031BD0000748F010809
:101C500070B506000C001EA102F041F9A949200050
:101C60001C3000F034FFA64D002221001C31281D3D
:101C700002F027F9E16A4018E0600021C943884278
:101C800021D0A1A120001C3000F021FFE26821003A
:101C90001C31281D02F015F9E16A401820619BA152
:101CA00020001C3000F013FF226921001C31281D88
:101CB00002F007F92169431AA36160612269291DB5
:101CC000300002F0CBF870BD8C8F0108848F0108C2
:101CD00000000000200000002C000000FEB5050000
:101CE0008BA421007C3000F0F2FE21002800C430DB
:101CF00000F0EDFE9220400028180190210000F035
:101D0000E6FE844928001C3000F0E1FE7C4C0022F5
:101D100029001C31201D02F0D4F8E96A401828611E
:101D20000027FF43B84200D1E6E0A169102901D3A2
:101D3000616800E0211D095C2B291AD12800C430FC
:101D400002F063F82869401C28610AE02E69701CC3
:101D50002861201D02F0BEF9815D2800C43002F028
:101D600054F82E69201D02F0B5F9805D30380A283C
:101D7000ECD366A128001C3000F0A9FE2A692900D6
:101D80001C31201D02F09DF8E96A40182861B84214
:101D90000AD1B1E02E69701C2861201D02F09AF969
:101DA000815D019802F031F82E69201D02F092F950
:101DB000805D30380A28EDD32E69201D02F08AF9A3
:101DC000805D02F095F900280EDD2869401C28612D
:101DD000F2E72E69701C2861201D02F07BF9815DFD
:101DE00028007C3002F011F82E69201D02F072F9F3
:101DF000805D02F074F90028EBDC8E2040002E1884
:101E000037681038281802F007FA00970300B26903
:101E10000021019802F005FA00280FD16F4928002F
:101E20007C3002F021FA00280DD16D4928007C3069
:101E300002F01AFA002808D00D204CE0A069102802
:101E400056D3606855E00C2045E0664928007C3098
:101E500002F00AFA002801D00F203CE06249280075
:101E60007C3002F001FA002805D060480078002894
:101E700001D102202FE05EA128007C3002F0F4F9AD
:101E8000002801D0012026E05AA128007C3002F071
:101E9000EBF9002801D00E201DE0B1A128007C3014
:101EA00002F0E2F9002805D050480078002801D15E
:101EB000032010E0AB4928007C3002F0D5F900285F
:101EC00001D0042007E0A8A128007C3002F0CCF962
:101ED000002806D0152069460870B54802F0D6F9EA
:101EE0000AE0A069102801D3606802E0201D00E02C
:101EF000201D00216161017003B0F0BD2E000000C3
:101F000060550020988F0108222C00000D0A000067
:101F100000000000A48F010870B592B004000025F5
:101F2000A4A63100684601F0DAFFE0204000205C02
:101F3000401E032822D9001F06280BD9C01F0328E2
:101F40001CD9001F012840D9801E022802D9C01EBA
:101F500014D018E0984E30782B2804D12B216846F5
:101F600001F053FF0125E8B2315C080030380A283F
:101F700009D2684601F049FF6D1CF4E72100C43125
:101F8000684601F060FF8DA1684602F057F88C4961
:101F900006A801F0A4FF69460CA802F087F8020029
:101FA00006A92000FEF782FA002201210CA801F008
:101FB000A6FF0022012106A801F0A1FF00220121B5
:101FC000684601F09CFF12B070BD3100F020400067
:101FD000201800F07CFD0022F1E70000B48F01081A
:101FE000BC8F0108C48F0108CC8F01082E59002036
:101FF0005253540053494D00F8B586B00400F02008
:10200000400025186F49280000F061FD6EA7684662
:1020100000F0DCFC8E2040002658380002F086F8E4
:102020003118049EB1420CD30598884209D0012290
:10203000684602F061F9002803D03100684602F0DA
:10204000C6F90026F64333000022862040002118FE
:10205000684601F003FF3900684601F0EFFF3300E6
:1020600000226946280001F0F9FE0022012168469D
:1020700001F045FFE0204000205C401E142812D8EB
:1020800001A1095C8F4400BF6C747C84164C5054D1
:102090008C949CA4ACB4BC4848586064C4004B49C0
:1020A000280001F0CBFF4AA1280001F0C7FF49A199
:1020B000280001F0C3FF2900684601F0F7FF010086
:1020C0002000FEF7CFF900220121684601F017FF3A
:1020D00007B0F0BD4049E3E74049E1E74049DFE7A9
:1020E000200000F027FBDEE7C849D9E7200000F018
:1020F0004DFBD8E7200000F092F9D4E7200000F073
:1021000099F9D0E7200000F0A0F9CCE7200000F01A
:10211000B1F9C8E7200000F0C5F9C4E7200000F0DD
:1021200003FAC0E7200000F027FABCE7200000F027
:102130004FFAB8E7200000F06CFAB4E7200000F096
:10214000A7FAB0E7200000F0B7FAACE7200000F0F3
:1021500041FBA8E780B5C349FEF75CF901BD00006B
:102160004F464600D48F01085745540038B5040047
:102170002500AC35BC49280002F076F8002805D1CE
:10218000BA49280002F070F8002801D0B84906E0EA
:10219000C1A1280002F068F8002803D0BF49200040
:1021A000FEF738F931BD80B5BD49FEF733F901BD01
:1021B000C455002000000000E0560020220D000061
:1021C000948C0108F08F01080D0A0000509001085E
:1021D0000D0000001A000000689001087C900108C2
:1021E0008C90010870B51D001400032C01DA6D1EDF
:1021F000C91CC9B2A8B208182904890C4618642160
:10220000A8B202F007F980B2361AC8214900A8B274
:1022100002F000F980B235186001001B0A300C2171
:1022200002F0F5F82818072102F0F1F8481CC0B2B6
:1022300070BDF8B584B000240125FA23DB00D21864
:102240006B461A8001AE03900F00684603883A007F
:10225000E9B20398FFF7C6FF072802D161B27554AF
:10226000641C6D1C202DF0DB64B23019401E00216F
:102270004056C0B205B0F0BDFEB5AA498A69102A21
:1022800001D3496800E0091D00909E225200851884
:102290000800133028600098883284180800133032
:1022A00002F0BBF9E0752868C01C286002F0B5F99F
:1022B00060752868C01C286002F0AFF9A075286816
:1022C000C01C286002F0A9F920702868C01C286092
:1022D00002F0A3F960702868C01C286002F09DF924
:1022E000A0700098EC214900451801A8290004229B
:1022F00002F0B4F901999E4804F03AF99D4800783B
:102300002075B2480068CA21416253274762002203
:102310002100AE4804F079FC002801D004F026FF2B
:1023200000222900A94804F002FD002801D004F091
:102330001DFFA6480568FF266E62607D401E0128CD
:1023400058D9801E05D0C01F29D0401E012851D960
:1023500059E0E07DFA21C900421803210098FFF7F7
:1023600068FFA17D88424ED3E07DFA21C900421862
:1023700003210098FFF75DFFA17D884203D12078FB
:10238000032840DB24E0E07DFA21C9004218032144
:102390000098FFF74EFFA17D814234D22AE0E07D14
:1023A000FA21C90042180A210098FFF742FFA17DD7
:1023B000884228D3E07DFA21C90042180A210098FA
:1023C000FFF737FFA17D884209D1207803281ADD65
:1023D0006078002817D1A078002814D10AE0E07DA9
:1023E000FA21C90042180A210098FFF722FFA17DB7
:1023F000814208D2754CCA2068626F62200004F0E6
:1024000083FD2068466203B0F0BD0000A091010882
:1024100080B5E02252008154FFF77EFD01BD10B56A
:102420000400BE49F0204000201801F007FE012002
:10243000E07110BD10B50400CF49F0204000201815
:1024400001F0FCFD0120207210BD10B50400CC4944
:10245000F0204000201801F0F1FD0120607210BD55
:1024600000000000008A0108048F0108108F010895
:10247000188F010838B50400A020400025188D48A9
:1024800000214256BF49280001F0B8FD2900F02084
:102490004000201897E00000554D43002C8F0108A4
:1024A000408F0108F8B50400A020400026189C4881
:1024B000C1780091437882789A49300001F09EFDFE
:1024C000F020400027183100380001F0B7FD964D8C
:1024D0009648006804F084FE04F08EFE00222B0073
:1024E00004F0A3FE02000B009149300001F086FDCC
:1024F0003100380001F0A2FDA048006804F070FE31
:1025000004F07AFE00222B0004F08FFE02000B0084
:10251000C249300001F072FD3100380001F08EFD3B
:10252000F1BD00006055002038B50400A020400037
:1025300025189548C1780091437882787949280018
:1025400001F05CFDF020400024182900200001F07B
:1025500075FD7648006804F043FE04F04DFE00224D
:10256000714B04F062FE02000B00714926E000008E
:10257000980500204959002038B50400A0204000EB
:1025800025186748C178009143788278654928000A
:1025900001F034FDF020400024182900200001F053
:1025A0004DFD7648006804F01BFE04F025FE002275
:1025B0005D4B04F03AFE02000B009849280001F040
:1025C0001DFD2900200001F039FD31BD9855002086
:1025D00038B50400A020400025189148C17800912A
:1025E000437882788F49280001F008FDF0204000F0
:1025F00024182900200001F021FD8B48006804F018
:10260000FBFD0022894B04F010FE02000B008849FC
:10261000D4E7B0B50400A02040002518424F8548FB
:10262000006804F0DDFD04F0E7FD00223B0004F04B
:10263000FCFD02000B008049280001F0DFFCF020C7
:10264000400024182900200001F0F8FC7B480068B5
:1026500004F0C6FD04F0D0FD00223B0004F0E5FDCF
:1026600002000B007649280001F0C8FC2900200078
:1026700001F0E4FC7348006804F0B2FD04F0BCFD16
:1026800000223B0004F0D1FD02000B00BD493DE0FB
:1026900038B50400F02040002518BB49280001F09F
:1026A000CDFC0023DB4300222100F431280001F09F
:1026B000D5FB31BD45590020B0B50400A020400035
:1026C0002518194FB148006804F08AFD04F094FD04
:1026D00000223B0004F0A9FD02000B00AC492800D9
:1026E00001F08CFCF020400024182900200001F0AB
:1026F000A5FCA848006804F073FD04F07DFD0022ED
:102700003B0004F092FD02000B00A349280001F0F9
:1027100075FC2900200001F091FCB0BDFC8F010880
:1027200020580020A0900108000059400C580020BB
:10273000C090010870B50400F020400026189749A9
:10274000300001F07BFCA02040002518944C22783A
:102750009449280001F052FC2900300001F06EFC81
:102760006278002A07D09049280001F047FC290030
:10277000300001F063FC70BD74A9010810580020FE
:10278000189001082C9001081C58002070B5050015
:10279000F02040002C188549200001F04FFC84A156
:1027A000200001F04BFCA02040002D18814800685B
:1027B00004F09CFD06B28048006804F097FD02B268
:1027C00033007E49280001F019FC2900200001F0A7
:1027D00035FC70BDF8B5F02149004418784E7949B0
:1027E0000978012913D1A0214900451871480068D2
:1027F00004F07CFD07B27048006804F077FD02B277
:102800003B003100280001F0F9FB290001E0310014
:102810002431200001F012FCF1BD0000D490010829
:102820002C5800200CAA0108EC57002000408F40D3
:10283000E8900108F857002030AA0108FC57002052
:10284000089101080058002008000200303A0A2AC6
:1028500001D2D03103E04138062802D2C931C8B2D2
:10286000704700207047F0B58BB005000E001700D0
:1028700055A101F034FB02A8052101F09DFB02AC3B
:10288000049501960097002723E0E021820C0A437B
:102890002270020B114361703F2280218309134093
:1028A00080251D43A57002401143E1700020207176
:1028B00002A905A801F013FB0023DB43002201005D
:1028C000049801F0CBFA0022012105A801F017FBC2
:1028D0003F1D00980069C01E874250D2009801F049
:1028E000F9FBC15D0198FFF7AFFF0500009801F00B
:1028F000F1FB2D03401CC15D0198FFF7A5FF00020D
:102900002D18009801F0E6FB801CC15D0198FFF7CF
:102910009BFF0600009801F0DDFB31016D18C01C23
:10292000C15D0198FFF790FF2818802803D220701E
:1029300000206070BCE78021090188420BD2810928
:10294000C0220A4322708006800E802101436170FC
:102950000020A070ACE74901884296D2010BE0222A
:102960000A4322703F2280218309134080251D43A2
:10297000657002401143A1700020E07098E70BB031
:10298000F0BD00001C9101082C91010804580020A2
:102990003C910108085800205C9101086C910108E5
:1029A0000A59002088910108949101084490010877
:1029B0000D0A0000905800208C58002030A8010813
:1029C000C8A101081A5900200000000010B5040039
:1029D00004F0A9FC00220021200001F090FA200060
:1029E00010BD80B503000800190004F0ADFC02BD65
:1029F00010B535E080B52E48002181800721817116
:102A00002C49C8612C4A2D49411804F0E5FC01BD50
:102A10004268514211400A011143294A8B0119436E
:102A20000B04591A890E515C026891420BD0C160A7
:102A300080214905234A116062B600BF72B6016861
:102A4000C2689142F8D170471A490A6A92008A58BE
:102A50001060C86A800008580068CA6A0A62704735
:102A6000040010001A000023A380A0711148A3796C
:102A70009B00C450200004F0AFFC200010BD0000FB
:102A800010B5EFF3108472B60A490A6A9300CB5866
:102A90009880486A0123934098434862886A0028D6
:102AA00003D108002030FFF7B3FF84F3108810BD76
:102AB00058450020F40A0020C92A00080808000030
:102AC0001CA4010804ED00E005F05CFDFCE770B516
:102AD00004000D00280001F029FB06002900200059
:102AE00005F06CFD002809D0200001F0F3FA330056
:102AF0002A1A2100200005F073FD70BD002231006C
:102B0000200001F0F9FB00280AD0200001F0E2FAD1
:102B10003200290001F0A2FD3100200001F057FC35
:102B2000200070BD38B5040001D1012032BD250060
:102B300040356878002803D12870200005F0DBFDBF
:102B40002420687020680168012291430160606858
:102B50008949014020680161216888488A680240EB
:102B60008A60E1680129A16801D1C24301E08422A1
:102B700012020A4321688A60E168022921684A68D2
:102B800003D180231B01134301E07D4B13404B60B5
:102B900021684A687B4B13434B602168CA68104028
:102BA000C860206961690143A06900020843216887
:102BB000C860E069216A01432068016020680168FB
:102BC00001220A43026000206860202169702063AE
:102BD000A87032BDFBB505001700403041782029B0
:102BE00000D0C4E04021695C012900D1BFE001218F
:102BF000017005F0FFFD0600286880242402816929
:102C000021401CD032001921280001F05DF8002875
:102C100000D083E005F0EEFD801B1928ECD9286870
:102C200080690440E8D028004030202142680A43EF
:102C30004260417000210022827001706EE02C0021
:102C40003500694609892122230040335A70102239
:102C5000230040339A700022230040335A60676299
:102C60006185626369468F88089E618DFF2904D95A
:102C7000FF21218580235B0405E0618D2185802370
:102C80009B04002911D0616A09788162606A401C46
:102C900060629A48618D09186185218D0A18228524
:102CA00097480090521CD2B201E09548009039003C
:102CB000200001F088F80BE0FF2020852068B9058E
:102CC000890D42688F4B13400B438F491943416074
:102CD000608D002830D02A003100200000F042FF33
:102CE00000281BD1606A007821688862606A401CF5
:102CF00060628248618D09186185218D08182085E0
:102D0000618D0029E4D00004E2D100953300002257
:102D10008021200000F0E7FE002801D0012027E0FC
:102D2000608DFF28C8D8608D20850020009080230A
:102D30009B04228DD2B2BAE731002A00200000F0B5
:102D400042FF01000ED120202268D0612268536822
:102D50006E4D1D405560220040325070002000230F
:102D600093701070481E8041C043C00F00E00220E5
:102D700003B0F0BD00000000FFFFFFF0FF7FFFFF8A
:102D8000FFF7FFFF00800002FBB505001700403091
:102D90004178202900D0AEE04021695C012900D1B2
:102DA000A9E00121017005F025FD06008024240220
:102DB0002868806920401BD032001921280000F0CB
:102DC00083FF002873D105F015FD801B1928EDD96C
:102DD000286880690440E9D02800403020214268FA
:102DE0000A434260417000210022827001705EE05F
:102DF0002C003500684600892221220040325170A3
:102E00001021220040329170002122004032516096
:102E10006762608561633E4869468F88089E618D60
:102E2000FF2906D9FF212185009080235B04FF2222
:102E300006E0618D2185009080239B04228DD2B213
:102E40003900200000F0BFFF0BE0FF202085206844
:102E5000B905890D42682B4B13400B432A4919438E
:102E60004160608D00282BD02A003100200000F046
:102E7000D6FE00281BD12068406A616A0870606A2B
:102E8000401C60621D49208D40182085628D5118BC
:102E90006185618D0029E4D00004E2D10095330002
:102EA00000228021200000F01EFE002801D0012019
:102EB00022E0608DFF28C8D8608D20850020BAE709
:102EC00031002A00200000F07EFE01000ED12020FB
:102ED0002268D061226853680C4D1D405560220065
:102EE000403250700020002393701070481E8041C3
:102EF000C043C00F00E0022003B0F0BDFFFF0000A0
:102F000000200080009C00FC0000FF0100E800FEA3
:102F100000240080FEB582B00500403041782029B1
:102F200000D0F6E00A99002902D00B9F390003D1A6
:102F3000802189004160C0E04021695C012900D105
:102F4000E7E00121017005F055FC06008024240211
:102F50002868806920401CD032001921280000F028
:102F6000B3FE002800D0A8E005F044FC801B19281F
:102F7000ECD9286880690440E8D02800403020213E
:102F800042680A4342604170002100228270017051
:102F900093E02C0001962120210040314870402010
:102FA00021004031887000202100403148600A989B
:102FB0006062678500206063802676045648009032
:102FC00033006846028AD2B20189200000F0FBFE7D
:102FD000019A0C99200000F0C5FD00281BD168461D
:102FE0008589008A012809D0280A21688862019A07
:102FF0000C99200000F0B6FD00280CD1EDB220683D
:103000008562019800900C9B00228021200000F036
:103010006AFD002803D00020402160544DE0608DFF
:10302000FF280FD9FF202085002000903300FF22C9
:1030300068460189200000F0C6FE684607890C9E9C
:10304000019D07E0608D2085002000907300228D97
:10305000D2B2EDE72A003100200000F083FD002805
:103060002BD1606A007821688862606A401C6062C7
:10307000AC48618D09186185218D08182085618D06
:10308000002928D0000426D1009533000022802199
:10309000200000F028FD00280FD1608DFF280ED9F8
:1030A000FF2020852068B905890D42689E4B13409A
:1030B0000B439E49194341600DE001202AE0608DD9
:1030C00020850020009080239B04228DD2B23900FD
:1030D000200000F078FE608D0028BBD131002A006E
:1030E000200000F070FD01000ED120202268D06188
:1030F000226853688E4D1D4055602200403250704A
:103100000020002393701070481E8041C043C00F00
:1031100000E0022005B0F0BD00200080FEB582B0C6
:10312000050040304178202900D0F7E00A990029B5
:1031300002D00B9F390003D1802189004160C1E09A
:103140004021695C012900D1E8E00121017005F00E
:1031500051FB0600802424022868806920401CD08E
:1031600032001921280000F0AFFD002800D0A9E0AE
:1031700005F040FB801B1928ECD9286880690440C1
:10318000E8D028004030202142680A434260417064
:10319000002100228270017094E02C0001960C9EA8
:1031A00022202100403148704020210040318870A9
:1031B00000202100403148600A9860626785002045
:1031C00060635C48009000236846028AD2B201899D
:1031D000200000F0F8FD019A3100200000F0C2FC50
:1031E00000281BD168468589008A012809D0280A51
:1031F00021688862019A3100200000F0B3FC0028A9
:103200000CD1EDB220688562019800903300002255
:103210004021200000F067FC002803D0002040215E
:1032200060544FE04448618DFF290ED9FF2121856C
:10323000009080235B04FF2268460189200000F093
:10324000C2FD68460789019D07E0618D21850090D8
:1032500080239B04228DD2B2EEE70095330000223A
:103260000421200000F03FFC00282BD12068406A98
:10327000616A0870606A401C60622A49208D4018AB
:103280002085628D51186185618D002928D0000448
:1032900026D10095330000228021200000F023FC7D
:1032A00000280FD1608DFF280ED9FF2020852068CF
:1032B000B905890D42681C4B13400B431B49194348
:1032C00041600DE001202AE0608D20850020009003
:1032D00080239B04228DD2B23900200000F073FDC0
:1032E000608D0028B9D131002A00200000F06BFC6D
:1032F00001000ED120202268D061226853680C4D55
:103300001D40556022004032507000200023937011
:103310001070481E8041C043C00F00E0022005B07D
:10332000F0BD0000FFFF0000009C00FC0000FF015A
:1033300000E800FE0020008000240080F8B586B080
:1033400000240194040040346478202C00D085E0EF
:103350000468A469240400D580E04024045D012CA5
:103360007CD00124402544552424050040356C7050
:103370000024050040356C608905890D394C0C43EB
:103380000494394C0C4303940400059202930027E3
:10339000FF43E068012801D1039800E00498216808
:1033A000486005F027FA226893699906C90F936966
:1033B000DA06D20F029D060006E0206882699106B7
:1033C000C90F8069C206D20F0A4309D1BD42F4D0A9
:1033D00005F010FA801B854234D3002DEDD131E089
:1033E0000295102520688069284015D00096029B20
:1033F00000222021200000F076FB00282CD120683C
:10340000C56120202168C8610198401C0190019885
:1034100005998842BDD315E0029B00960022202129
:10342000200000F060FB010007D120202268D0615D
:1034300022004032507000201070481E8041C0436E
:10344000C00F0CE020004030202120224270426852
:103450001143416000210170012000E0022007B00B
:10346000F0BD0000002800020020000202689169FF
:103470001268436B002B00D1704780B5984701BD9F
:1034800070B501688A690B461B688024640022427B
:1034900006D01D0604D5456C01262E434664CC613A
:1034A000A1000A4207D01C0605D5446C0825254317
:1034B00045640468E16149080A4007D01A0605D549
:1034C000426C0223134343640268D161416C0B22B6
:1034D0000A4001D000F038FA70BD406C704738B532
:1034E0000400E06A4023E35C012B01D1022032BDDD
:1034F0002500403501232B702023194205D01340AD
:1035000003D0200000F010F976E0102319422DD0EE
:103510001A422BD0628D002A18D16A78282A06D147
:103520005A05904203D1200000F0DCF964E069788C
:10353000292908D13249884205D02068C36120007A
:1035400000F0ADFA55E02068C36155E02168CB6119
:10355000696804220A436A60002802D0190588427B
:103560004AD16968200000F0EFF945E004231942D0
:1035700019D0134017D0618D00290DD02168496AF8
:10358000626A1170616A491C61621E49228D52187B
:103590002285628D51186185618D00292CD11849D1
:1035A000884229D025E00823194205D0134003D0D2
:1035B000200000F029F81FE0022319401CD013401E
:1035C0001AD0618D00290ED0606A00782168886267
:1035D000606A401C60620B48618D09186185218D0D
:1035E0000818208508E080214904884201D000287D
:1035F00002D1200000F050F80020287032BD0000F9
:103600000000FFFFFFFF0000F8B503001C0040347E
:103610001D68607828210140282938D1A869C00395
:10362000C10FFE20AA69170C0740AA689205920DE7
:10363000EE683040DE68022E1CD106263740BC46BC
:10364000D7093E40B4450BD1A068401CA060A068DB
:10365000022820D10020A0600826EE61207012E030
:103660002A461268B825AA431D682A6000222270E3
:10367000020008E028460068B82290432A461060FD
:10368000002020703A00180005F0BAF8F1BD0820BB
:10369000E86100202070F1BD38B501680A680300B8
:1036A0004033002400259D70550402D50A681C4D46
:1036B00003E0120403D50A681A4D15400D605978CD
:1036C000292914D1282128225A702122026342225A
:1036D000D2435D782940282901D0F222D2430168E3
:1036E0000D682A400A601C7005F08BF831BD5978CE
:1036F0002A2913D1282128225A7022220263442227
:10370000D2435D782940282901D0F422D2430168B0
:103710000D682A400A601C7005F074F831BD000085
:10372000FFBFFFFFFF7FFFFFF0B583B004002068FD
:10373000006802900091E06A0190250040356878A9
:1037400020272168CF610026212801D0292807D110
:10375000687820680168FA229143016021200AE01C
:10376000222801D02A2808D1687820680168FC2224
:10377000914301602220206309E0282807D168785E
:10378000687820680168FE22914301602663206802
:103790004168BA020A43426020684168694A0A40A7
:1037A0004260200000F07BF90298400406D52068B2
:1037B0000168AC4A0A400260A06B08E0029800046D
:1037C0000AD520680168A84A0A400260E06B002818
:1037D00002D000684068608504200099014012D042
:1037E0000099814300912168496A626A1170616A97
:1037F000491C6162218D002905D09C4A89182185C8
:10380000618D89186185618D002902D06968014345
:1038100069601021009A0A4033D0029A0A4030D0E1
:10382000628D002A1ED16878282808D101984A059F
:10383000904204D10099200000F054F821E068780B
:1038400029280CD101989D4A904208D02068C16176
:10385000200000F024F92000FFF71EFF11E020688F
:10386000C1610EE02268D16169680843686001980F
:10387000002802D0F904884203D16968200000F0D2
:1038800063F80020A8706663686800280BD0696838
:10389000200000F059F86878282821D100992000EC
:1038A00000F020F81CE0E06A844988420BD0200038
:1038B000FFF7F2FE8148E0626F7026632E702000F1
:1038C00004F0A1FF0CE0687822286F7026632E7048
:1038D00003D1200004F096FF02E0200004F091FFE5
:1038E00003B0F0BD38B5754AC2620022026303001E
:1038F000403320245C7000249C70426304242140E7
:1039000012D00168496A456A2970416A491C4162BE
:10391000018D002908D0554D49190185418D49195E
:10392000418559680C435C605978597801680C6886
:10393000FE25AC430C6010210468E1611A7004F0AC
:1039400062FF31BD00E800FE70B50400250040357F
:10395000687800260022AA70584AE2620022628536
:103960006A6811436960282803D0292801D02A28D1
:1039700013D1462028216A780A40282A00D0F62050
:103980006A780A40282A00D0F62022681368834308
:10399000136069704A4860631FE06878687820683F
:1039A0000168FE2291430160200000F078F86878F9
:1039B000602811D020202021697021688A69024086
:1039C0000AD010228B69134004D0CA6169680422AE
:1039D0000A436A602168C8616663206BA16B002995
:1039E0001BD0112801D0212817D120680168490473
:1039F00003D501681B4A0A400260A06B04F046FF31
:103A000001282BD02F48A16B88632E70A06B04F087
:103A1000FBFE002825D0A06B1DE0E16B00291DD026
:103A2000122801D0222819D120680168090403D581
:103A300001680D4A0A400260E06B04F027FF01288C
:103A40000CD02048E16B88632E70E06B04F0DCFE44
:103A5000002806D0E06B816B884770BD200000F025
:103A600007F870BDFFBFFFFFFF7FFFFFFFFF0000F4
:103A700010B50100303100224123C35C602B08D116
:103A80002023412403550A604021425404F001FFE1
:103A900010BD0A604021425403F050FA10BD006886
:103AA0008169890701D500218162012182690A406B
:103AB00002D1826911438161704700000000FFFF5D
:103AC000DF340008C93A000880B5806A816B00299C
:103AD00001D000228A63C16B002901D000228A63D1
:103AE000FFF7C6FF01BDF8B50092002405000F00E6
:103AF0001E00286880693840B84201D1012000E0EA
:103B00000020009988422BD1069A3100280000F04D
:103B1000DBF8002810D10020C0438642E9D004F031
:103B200069FE0699401A864208D2286880693840A2
:103B3000B84206D1012005E00120F2BD002ED8D107
:103B4000F3E7002000998842D3D12800403020219B
:103B500042680A4342604170002181700470EBE7C3
:103B60000020F2BDF8B5022604000D001700206801
:103B70008069304025D13A002900200000F0A4F8E7
:103B800000280DD10020C0438542F0D004F032FE61
:103B9000C01B854206D2206880693040E7D104E02E
:103BA0000120F2BD002DE2D1F5E7200040302021B8
:103BB00042680A4342604170002100228270017015
:103BC000EEE70020F2BDF8B5202504000E00170036
:103BD00020688069284020D13A003100200000F0A0
:103BE00073F8002801D00120F2BD04F003FEC01BD1
:103BF000864204D2206880692840E9D102E0002E84
:103C0000E6D1F7E720004030416829434160457024
:103C10000021002282700170E5E70020F2BDFEB5B0
:103C200000240600403607000091019215E0706004
:103C300004F0E0FD0199401A009981423ED2200033
:103C40000BD138688069054007D120207168014395
:103C5000716070700020307001240425386880691C
:103C600028402ED120002CD1019A0099380000F074
:103C70002BF8002800D00124396888698006D7D540
:103C80002000D5D100208A692A4003D03A8D002A2D
:103C900000D000248A69D206C9D51022CA61756095
:103CA00020223968CA6139684B68514C1C404C600D
:103CB00072700021B17030700124B9E70029CCD1B5
:103CC000BDE7200003B0F0BDFEB50600002430685B
:103CD0008369002517001022134040D0C261009173
:103CE00031E0200033D100980021C94388422AD016
:103CF00004F080FDC01B0099814201D3002922D12C
:103D00003068416832004032927883691B040BD5D9
:103D10008023DB01194007D1202A05D041680B43DD
:103D2000436004F067FD07000196202601980068B3
:103D30008069304006D104F05DFDC01B1A28F5D320
:103D400020250124019E316888698006C9D5280094
:103D5000002C01D12022CA610425054301243068CA
:103D6000816980225200114202D001242543C261A0
:103D70009000014205D02A00082515433268D06121
:103D800001244008014006D0290002250D43316876
:103D9000C861012401E0200012D03000FFF77FFE4F
:103DA00030684168124A0A40426030004030416841
:103DB0000D43456020214170002100228270017076
:103DC000200003B0F0BDF0B4049C00684568660DA7
:103DD000084F3743BD438905890D12040A43134335
:103DE0001C436100490829434160F0BC7047000052
:103DF00000E800FEFF63FF0310B5040004F07FFD40
:103E000001002000C96A884710BDF8B505000C0004
:103E10002F690020C043C01B012801D804F078FDA1
:103E20007F1C00223900280000F066FA002808D024
:103E30002E69280000F04EF984553900280000F062
:103E4000C6FA2800F2BD10B504008C4204D000234D
:103E5000DB43002204F0C4FB200010BDF8B50E00C7
:103E600015003169A94201D204F052FD07004C1B34
:103E70009C4200D91C0038690021C943091A8C42B0
:103E800001D304F045FD002C19D000190090002248
:103E90000146380000F030FA002810D0300000F061
:103EA000BBF94519380000F015F9220029003B69DB
:103EB000C01800F0D3FB0099380000F088FA3800F1
:103EC000F2BD70B5040008001500066900F0A4F901
:103ED00033002A000100200004F01FFD70BD38B53A
:103EE00004000D0003F01FFA00220021200000F062
:103EF00006F829002000FEF7EAFD200032BD70B56B
:103F00000400150000290CD060690F2809D9266823
:103F1000002D03D03100200000F0A0FB300004F0A1
:103F200031FD0F20606125610020605570BD38B5FE
:103F300005000C00A5421AD000220121FFF7DFFF87
:103F40006069102806D22269521C2100280004F062
:103F500021FD03E02068286000202060206928619E
:103F600060696861002200212000FFF7C8FF280077
:103F700032BD70B504000E001500300000F0D6F818
:103F800003002A003100200004F0C7FC70BD026865
:103F9000531C0360117070471206130A1A43130C66
:103FA0001A4300BF094205D083070FD00270401C9E
:103FB000491EF9D1704700000022F3E7002205E016
:103FC0001206130A1A43130C1A4300BF13001039C8
:103FD00006D330B41400150010393CC0FCD230BCFC
:103FE000490700D30CC000D504C0890002D3028069
:103FF000801C002900D5027070472E000CB418B543
:1040000083B004000A0006A80290019400200090EA
:1040100002AB01A9084878441E3004F0CFFC00210F
:10402000019A1170002801D40198001B04B0019975
:1040300010BC03B0084700BF57FFFFFFF8B50400EE
:104040000D00280000F072F806002900200004F09E
:10405000B5FA002809D0200000F03CF833002A1AF5
:1040600021002000FFF7FAFEF2BD20690021C943BC
:10407000091A8E4201D304F04BFC002E14D087198C
:1040800000223900200000F037F900280CD0200071
:1040900000F020F8320029002369C01800F0DEFA91
:1040A0003900200000F093F92000F2BD38B504007B
:1040B0000D00002020616061002200212000FFF738
:1040C0001EFF0023DB4300222900200004F088FAB1
:1040D000200032BD4169102900D30068704710B537
:1040E000040004F00CFC010020000969884710BDA1
:1040F00010B5040004F003FC01002000096A8847A1
:1041000010BD10B5040004F0FAFB01002000C969DD
:10411000884710BD10B504002069884201D204F020
:10412000F7FB200000F053F9200010BD431C01787C
:10413000401C0942FBD1C01A7047FBB582B0050094
:1041400014000A9F194604F039FA00280DD02800FF
:10415000FFF7C0FF01970499081A00902B00220076
:104160000399280005F0E9FB54E028690399884287
:1041700001D204F0CDFB411AA14200D20C00001B79
:104180000021C943C91B884201D304F0C1FB039934
:10419000401A0190A7420FD22800FFF79BFF0600AC
:1041A0002800FFF797FF019A039971180919039BDB
:1041B000C018C01904F0EEFB2000384329D028694C
:1041C000C019001B009000220146280000F094F85E
:1041D00000281ED0BC420FD22800FFF77BFF06004C
:1041E0002800FFF777FF019A039971180919039BBB
:1041F000C018C01904F0CEFB2800FFF76BFF3A008F
:104200000499039BC01800F029FA0099280000F0D7
:10421000DEF8280005B0F0BD4169102900D3006820
:104220007047F8B50F000169B94201D204F070FB84
:104230001400C91BA14200D20C00069D0093260069
:10424000AC4200D92E00FFF7E7FF32000099C019F9
:1042500005F052FC002806D1AC4202D20020C04337
:10426000F2BD00D00120F2BD38B504000D002800D9
:10427000FFF75CFF00902B00226900212000FFF770
:10428000D0FF401E8041C00F32BD4300BAB5EFF3EE
:10429000108772B6174D04000EE02968012088408F
:1042A000216801432160696881436960A86800282A
:1042B00002D12800FEF7ACFB207A4142C9B2E029C6
:1042C000EBD020280FD000980078A17A6118C8722E
:1042D000A07A401CA072207A401C2072A07A20286C
:1042E00001D10020A072201D05F016FC87F3108874
:1042F000B3BD00BF140B0020FEB50D000021C94363
:104300008D4201D104F004FB04006769AF4245D23D
:104310002069019000900F262E438E4201D12E007D
:1043200011E03000032100F075F8790888420AD2C4
:10433000606940080121C943091AB94201D33E18F6
:1043400001E00126F643701C01D1002702E005F0D0
:1043500039FC07000098002809D06069102801D3B3
:10436000216800E02100009A380000F077F900226F
:1043700001212000FFF7C3FD2760102E01D338462E
:1043800000E020006661009921610021019A8154BA
:10439000681E8041C043C00F03B0F0BD002A0BD09F
:1043A000102D09D220692A00854200D9020001217E
:1043B0002000FFF7A4FDEBE7002DE9D1102F01D37A
:1043C000216800E02100002020610870E4E74269D4
:1043D000102A01D3026800E002000161002050545D
:1043E0007047F446002804D4494200F013F84042D4
:1043F00060474042002905D45FD000F00BF84042EE
:1044000049426047494200F005F849426047034687
:104410000B43E6D40022030A8B420BD203098B42E2
:1044200019D243088B422ED2411A00D20146524182
:1044300010467047FF2209023FD012068B4205D377
:10444000121209028B4201D31212090203098B4294
:1044500019D300E0090AC3098B4201D3CB01C01A6A
:10446000524183098B4201D38B01C01A5241430947
:104470008B4201D34B01C01A524103098B4201D335
:104480000B01C01A5241C3088B4201D3CB00C01AA2
:10449000524183088B4201D38B00C01A524143081A
:1044A0008B4201D34B00C01A5241884200D3401ABC
:1044B0005241CFD201461046704708B505F096FB31
:1044C00008BD7047FCB587B00C001500002B01D06B
:1044D000002119600390064600E0761C3078FFF753
:1044E00007FE0028F9D1300001782D2901D02B29B1
:1044F00003D16A461170401C02E02B216A461170FC
:104500000194002D03D4012D01D0252D04DB002CB6
:1045100055D00398206052E0002D0ADD102D16D1F1
:104520000178302913D1417820220A43782A0ED10C
:104530000AE00178302901D00A2508E041782022DC
:104540000A43782A02D11025801C00E00825069035
:1045500000E0401C01783029FBD0002405902B4A54
:104560007A44A83228326B465A700295049F05009F
:104570000494264E7E44943608E0049469464978B3
:10458000471AFFB202984443E4196D1C287805F0DD
:104590002EFB029A01003000283005F031FB002884
:1045A000EBD1029938002F002500049C069ABA42EC
:1045B00007D10198002802D00398019908600020D3
:1045C00022E0059ABA1A735CD21A002A11D405DCCB
:1045D000281A03D3FFF71EFFA0420AD005F025FBDF
:1045E0000898002802D00120089908600025ED43B2
:1045F00005E0684600782D2801D168420500019841
:10460000002800D00760280009B0F0BD0C5C010054
:1046100080B50023FFF756FF02BD80B5FFE70A22F1
:104620000021FFF7F5FF02BD70B4103A03D378C93B
:10463000103A78C0FBD2530701D318C918C001D56E
:1046400008C908C0D20704D30B880380891C801CCA
:10465000002A01D50B78037070BC70478B0701D11D
:104660008307E1D0124205D00B78491C0370401C2F
:10467000521EF9D170477047F8B50700A025ED0527
:104680004B480078012805D100228021090228002A
:1046900005F098FB474E00228021C900300005F04C
:1046A00091FB00220421300005F08CFB00228021C8
:1046B0004900280005F086FB00243F484470012291
:1046C000411C032005F002FCE22040003D182C6054
:1046D0006C603A4804600020394908600021394A7A
:1046E00003C2FF20AE3038188174C174364A11708D
:1046F00001748173C173354A1170354A1170354A9E
:104700001170C170344A1170344A1170344A1170FA
:10471000344A1170344A1170344A1170344A11709D
:1047200041718171334A117081708172C172324A54
:104730001170017301704170304A11704173304A39
:10474000117041722F490C702F490C702F490C7059
:104750002F490C702F490C702F490C702F490C7089
:104760002F4804702F48006802F03AFD01002E48DF
:1047700005F0C4FB2D4908602D480178E1221201A3
:104780005143427813019A1A9200891880780818C8
:10479000A8600122D103300005F014FB0120254A56
:1047A0001070254908702548006825490860F1BD4A
:1047B00024590020000400505C5700204C58002071
:1047C00044580020B85700204A5900202E59002094
:1047D0002C5900202D5900204E5900204F590020FF
:1047E0004D590020305900203159002047590020F0
:1047F00032590020335900205059002037590020E9
:104800003959002041590020405900201F590020EB
:104810001D590020205900201E5900202159002038
:10482000225900201458002000007A4448580020E3
:10483000A45600203F5900205A590020D857002084
:1048400050580020F8B50400C24805F0C2FB00280B
:1048500036D0C1480078012806D100228021090203
:10486000A020C00505F0AEFABC480078002800D0B2
:104870009AE2200002F007F80024D2490C700120CF
:10488000D1490870D14D00228102280005F09AFA22
:1048900000220421280005F095FA00228021490019
:1048A000A020C00505F08EFAC94844700122411CC1
:1048B000032005F00BFBC748006805F05CFCF1BD68
:1048C000C54805F086FB00281DD0C44800780028A4
:1048D00000D069E2D42040002018417A002909D193
:1048E000017B002900D05FE201214172200001F02C
:1048F0000FFEF1BD00210022427201730421B34872
:1049000005F060FAF1BDD24805F063FB002850D0F5
:10491000EFF3108172B6CF48006981F31088D4217B
:10492000490061180860AD480078002800D03BE2DB
:104930008A4A1078002829D1C7480078002815D065
:10494000022813D000D32FE2012010700020C8717C
:104950009F48417802220A4342700122411C0320F1
:1049600005F0B4FA200001F011FCF1BDBB4800785D
:10497000012807D0022800D016E2B94800780128A3
:1049800000D011E2200000F075FAF1BD0020107097
:1049900088710120C8718E484178FD220A4042701A
:1049A0000122411C032005F091FA200001F02AFCAD
:1049B000F1BDD14805F00DFB002868D0EFF3108061
:1049C00072B6A449096980F31088D42040002018E9
:1049D0000160CA490978012900D1E5E17F490978D8
:1049E000002900D0E0E19C490A78012A00D1DBE1EE
:1049F0009A4A1378012B00D0D6E1C14B1B68002BDB
:104A000000D0D1E1BF4B1B78002B00D0CCE10223BA
:104A100013700025C5750878022801D1BA4800E056
:104A2000BA480068BA490860200001F083F8200005
:104A300001F029FF63480570012563490D70644C3E
:104A400060782021014361700122611C032005F080
:104A50003DFA60781021014361700122611C03203E
:104A600005F034FA6078FB21014061700122611C7D
:104A7000032005F02BFA60780821014361700122C0
:104A8000611C032005F022FAC8480570F1BDC84832
:104A900005F09FFA002863D0EFF3108072B66D49DD
:104AA000096980F31088D420400021509348007891
:104AB000012800D178E149480078002800D073E14E
:104AC00065480078012800D16EE16448007802282A
:104AD00000D069E18A4F3868002803D0B5480078D3
:104AE000012804D12000216889688847F1BDAF4EB4
:104AF00030780838022800D856E1354D68782021F2
:104B0000014369700122691C032005F0DFF9687810
:104B10001021014369700122691C032005F0D6F9B8
:104B20006878FB21014069700122691C032005F0AF
:104B3000CDF968780821014369700122691C0320BE
:104B400005F0C4F9002038606C490870012030700D
:104B5000CDE000BF380B002024590020315900203F
:104B6000954805F036FA00283AD0EFF3108072B677
:104B70003849096980F31088D42040002150174833
:104B80000078002800D00FE133480078012800D1D8
:104B90000AE132480078022800D005E15848006850
:104BA000002800DC00E155490878002800D0FBE02F
:104BB0000120087007217D4A1170804A1170A949AF
:104BC0000870F1BD595900205859002000040050C8
:104BD0005C57002034580020500B00202E59002034
:104BE000A14805F0F6F9002840D0EFF3108072B626
:104BF0001849096980F31088D420400021503F48AB
:104C00000078012800D1CFE098480078002800D033
:104C1000CAE0114D2878012800D1C5E00F4800787E
:104C2000022800D0C0E0AF48417804220A43427015
:104C30000122411C032005F049F9314801682A7816
:104C4000002A02D0022A0DD04BE0304A0BE000BF10
:104C5000E00B0020140B00204A5900205A59002074
:104C600051590020284A126889183AE0804805F016
:104C7000B0F900284ED0EFF3108072B69A49096956
:104C800080F31088D420400021501C48007801286F
:104C900000D189E075480078002800D084E0934D69
:104CA0002878012800D17FE09148007802287BD144
:104CB0008C48417804220A4342700122411C03209F
:104CC00005F004F90E4801682A78002A02D0022A69
:104CD00002D006E00D4A00E00B4A126893009A18D1
:104CE0008918844A12688A4200D2110001602000AB
:104CF00000F020FFF1BD00BFF80B0020325900206A
:104D00004C58002035590020E0570020DC57002087
:104D100050580020784805F05CF9002821D0EFF3C6
:104D2000108072B67049096980F31088D420400061
:104D300021504E480078002836D16C480078002871
:104D400001D0022830D16A480078012805D0022815
:104D50002AD16A480078012826D1200000F030F8D6
:104D6000F1BD674D280005F034F9002806D06548EC
:104D70000178002918D101210170F1BD280005F04A
:104D800043F9002810D06048017800290CD1012196
:104D90000170EFF3108072B65349096980F31088EF
:104DA000D420400020184165F1BD00005C5900206E
:104DB000100C00204E590020280C00205D590020C6
:104DC00052490968012900DA704770B5AB49097882
:104DD000002946D1AA4E05003078002827D1434843
:104DE000007801283DD00124A6490C703470FF21C1
:104DF000AE316C54A4480078A44908700122110215
:104E0000A020C00504F0DEFF364841780C43447012
:104E10000122411C032005F059F8EFF3108072B60F
:104E20003149096980F310889948016070BD0022FA
:104E300080214900A020C00504F0C4FF2948417822
:104E4000FE220A4042700122411C032005F03EF878
:104E5000002030708B490870FF21AE31691808704E
:104E6000487070BD38590020400C00202E59002099
:104E7000580C002025490968012900DA7047F8B567
:104E80007F49097800292BD1070001247B490C7048
:104E9000D72040003D182C7000266E70380001F0BD
:104EA000F2FC7C4806707C490C701148007801289F
:104EB00009D17A480078012805D1A878002802D1C4
:104EC000AC70774804700748417802220A43427068
:104ED0000122411C032004F0F9FF380001F056F9CB
:104EE000F1BD00005C570020140B00204A5900203F
:104EF0005A59002054580020700C002037590020C7
:104F0000880C00201F590020405900204C580020D8
:104F100010B56449097808295FD0092900D182E0D9
:104F200061490978002900D0A7E0FF21B831441871
:104F30005A490978002924D1F421490041185B4AD3
:104F40002378002B11D1EFF3108072B6126980F331
:104F500010880A605648002141700122411C03203C
:104F600004F0B4FF0120207010BDEFF3108372B67F
:104F7000126983F310880968511A4E4A91427CD312
:104F800078E0002020704C480078002825D1484C5B
:104F900060782021014361700122611C032004F02C
:104FA00095FF60781021014361700122611C03208C
:104FB00004F08CFF60780821014361700122611CBC
:104FC000032004F083FF60783C490968012902DB73
:104FD0000421014320E0FB211DE0354C60782021B5
:104FE000014361700122611C032004F06FFF6078AF
:104FF000EF21014061700122611C032004F066FF73
:105000006078FB21014061700122611C032004F0E3
:105010005DFF6078F721014061700122611C03206F
:1050200004F054FF10BDF42149004118FF22B832AA
:1050300084181E4A6378002B11D1EFF3108072B6EA
:10504000126980F310884A601948002141700122DA
:10505000411C032004F03AFF0120607010BDEFF303
:10506000108372B6126983F310884968511A114A85
:10507000914202D301688968884710BD31590020E8
:10508000475900204659002019590020485900204E
:105090003858002059590020585900204B590020F9
:1050A0002F5900205C59002050590020140B00207B
:1050B0005C570020B80B0000325900204C580020EB
:1050C000FEB504006F4870490978002934D1017891
:1050D000C91F032930D9FF21BA3161188A79130019
:1050E0000CD0042A0ED0082A10D00C2A12D0102A74
:1050F00014D0142A16D0182A18D01BE001220270EE
:105100008A7917E0022202708A7913E00322027082
:105110008A790FE0042202708A790BE0052202707E
:105120008A7907E0062202708A7903E00122027080
:10513000002200E0521C8A710078401E092800D924
:105140009AE002A1095C49008F4400BF050E1720B8
:1051500029323B44848E4D484D490978002901D1BC
:105160004C4987E04C4985E048484949097800297D
:1051700001D148497EE049497CE0444844490978E6
:10518000002901D1434975E0454973E03F48404952
:105190000978002901D13F496CE042496AE03B4867
:1051A0003B490978002901D13A4963E03E4961E071
:1051B000364837490978002901D136495AE03B4938
:1051C00058E0324832490978002901D1314951E08B
:1051D00037494FE0FC20400026183F382718354D4E
:1051E000387800280DD13449284805F02DF8EFF320
:1051F000108072B6296980F3108831600120387000
:1052000020E0EFF3108072B6296980F310883068CF
:10521000081A2A49884215D32948006801F0E0FF9E
:1052200005002848008801F0CBFF0100280004F0A9
:1052300065FE01F0E1FF00900191234A23491348E4
:1052400005F002F82248026822480168200000F0B8
:105250008DFA11E00D4D2049280004F0F5FF1F499B
:10526000280005F037F807E009480078002803D146
:105270000849064804F0E8FF2000FFF749FE03B0A4
:10528000F0BD00005C590020505900208C510020D6
:105290004B590020F49C01086C9D0108809D010879
:1052A000949D0108A89D0108BC9D0108D09D01089E
:1052B000E49D0108140B0020F89D0108B80B0000C4
:1052C000DC5700200E590020E09C0108A89C010832
:1052D0004C580020445800200C9E0108209E0108D4
:1052E000F8B58AB0B5490978002907D0B44CB5495A
:1052F000200004F0A9FFB449200007E20890FF2134
:10530000AE3144182078012802D1BB4841780FE023
:10531000A078012814D1B9480078002810D1B648E7
:105320004178B74A1278012A02D102220A4301E0E9
:10533000FD220A4042700122411C032004F0C6FDF8
:105340006078002802D0AC48417812E0A0780128AB
:1053500017D1BC480078002813D1BB480078012839
:105360000FD0A5484178A64A1278012A01D10A43F4
:1053700001E0FE220A4042700122411C032004F099
:10538000A5FDB6480078012803D0022800D12DE100
:10539000BEE1AC480078012806D1B8480278B84987
:1053A000874804F051FFCCE0B6480078002802D0CE
:1053B000012825D0C5E0B44805F00DF8002801D03B
:1053C000B2A100E0B2A1B3484078002801D0B2A257
:1053D00000E0AFA2B1480078002801D0B0A300E0FF
:1053E000ABA3B048B04CE578059565780495A478F2
:1053F000039402910192417800910278AB4962E0F6
:10540000AB480078002801D0C74997E0C74800782A
:10541000002801D0C64991E08B480078002803D0CD
:10542000022854D017D38CE0C248006801F0D8FE9F
:105430000400C148008801F0C3FE0100200004F010
:105440005DFD01F0D9FE00900191BC4ABC495C4869
:1054500004F0FAFE75E0914D2878002801D090A361
:1054600000E08BA38F4F78788F4C904EE1780491B9
:1054700061780391A1780291019000903A7831000F
:10548000B048FEF7BBFDB04908802878002801D05D
:1054900083A500E07EA578780990AC48006801F00B
:1054A0009FFE01F0A9FE06900791E07804906078D5
:1054B0000390A078029009980190099800902B0021
:1054C0003A78310024313E4804F0BEFE39E0A0486D
:1054D000A0499C4F4A780392097802914178019142
:1054E000007800909C48006801F07AFE0400924821
:1054F000008801F065FE0100200004F0FFFC01F0CF
:105500007BFE02000B0095493800FEF777FD3C005A
:10551000934D07263B21200005F06CF80400287805
:10552000002801D0641C05E0002C03D0611CE01EA3
:1055300005F06AF8AD1C761EECD13900204804F065
:1055400083FE41480078002803D0022801D03FD3D1
:10555000DEE0844803C8002900D087E0002800D09E
:1055600084E0784CB94D8048006801F039FE0600AF
:105570007148008801F024FE0100300004F0BEFCF8
:1055800001F03AFE00900191B14AB2482978C90071
:1055900041182000FEF732FD2878002800D1BBE03A
:1055A0002E21200005F026F8002800D1ACE03B4970
:1055B000097800290AD12021A5E000BF3D5900202B
:1055C0008C510020449D0108589D01082E219AE02D
:1055D000A1480068A14904F091FC01F00DFE020011
:1055E0000B009F499F4804F075FE91E03048007819
:1055F000002807D04C490AE05C57002031590020B0
:105600002759002049480078002804D04849954887
:1056100004F01AFE7CE00B480078012806D11748F8
:10562000027817498F4804F00FFE02E00898FFF750
:1056300047FD8D4800788D490978014306D18C4992
:1056400063E000BF475900204A590020894800788C
:1056500089490978014303D0884956E05A59002006
:10566000404803C8002901D1002823D03E480268E1
:1056700079480168089800F079F849E04859002015
:105680007C9C01085B5900206056002086000000C9
:1056900020000000604D0020A600000026590020D8
:1056A0003A000000F456002030580020349E0108D3
:1056B0002E590020234C654D2B48006801F090FDC9
:1056C00006001D48008801F07BFD0100300004F059
:1056D00015FC01F091FD009001915D4A5D4829782B
:1056E000C90041182000FEF789FC2878002813D053
:1056F0002E21200004F07EFF002805D060490978A3
:10570000002907D1202101702146564804F0E2FD0E
:105710000BB0F0BD2E21F6E7594800780028F3D1F0
:105720002020E073F0E700BF309D010835590020CC
:105730001C9D0108D85700200E590020E09C01084C
:10574000A89C0108505300200C5900201858002034
:10575000B8560020CC560020E0570020A09E01083B
:1057600029570020B85700204C580020F8B50800F1
:1057700017003A4904F0C2FB060004F07FFF04F072
:10578000CFFF642801D2002416E001006439E12231
:105790009200914201D20A240EE03A4941183A4A55
:1057A000914201D2142407E0384940183849884210
:1057B00001D21E2400E02824364D300001F01CFDEB
:1057C00002000B00344801192800FEF717FC040002
:1057D0001E4E380001F0F4FC07003048008801F04C
:1057E000EFFC0100380004F089FB01F005FD020028
:1057F0000B00A64831784F0079184900411864B26F
:105800002819FEF7FBFB3078002818D04C2128001F
:1058100004F0F0FE00280BD02E21401C04F0EAFE1C
:10582000002805D016490978002906D120210170E9
:1058300029000C4804F04EFDF1BD2E21F7E7104879
:1058400000780028F4D12020E873F1E713590020F4
:10585000E89C0108909C01084458002000007A440C
:10586000CC9C01088C5100204B590020505900203D
:10587000089D01084E5900204F590020209E010824
:105880002659002018FCFFFF28230000F0D8FFFF56
:10589000905F010050530020B4A501080E5900206C
:1058A00038B50400974805F028FC0500964805F037
:1058B00071FC002D25D0002810D094484078002895
:1058C00036D0EFF3108172B691482022037AD21AB3
:1058D00081F3108812062BD0092124E0012D27D155
:1058E0008A484078002823D0EFF3108172B68848A8
:1058F0002022037AD21A81F31088120618D00A21C6
:1059000011E0012814D181484078002810D0EFF32D
:10591000108172B67E482022037AD21A81F3108851
:10592000120605D00B216A4611706946FEF7AEFCDF
:1059300078480178012914D1EFF3108172B6764AC4
:10594000126981F31088D62149006118096D511A36
:10595000724A914205D300210170714A1170714859
:105960000170B84D2878012802D0022823D025E004
:10597000200001F093F8200000F08AFA200000F0E7
:10598000DFFA200000F0CAFB674908780028674862
:10599000006808D1002811DD01200870D6214900D7
:1059A0006118C8700AE0002808D1D6235B00E3180C
:1059B0001871087002E0200000F022FB5C480078BB
:1059C00000282BD0D620400020180178002925D1AE
:1059D0000121017000259C4A157085719B490D704D
:1059E000BA490D70BA490D70002280214900A020EB
:1059F000C00504F0E7F900220421954804F0E2F91B
:105A0000200000F0FFFB200000F002FE91484570EE
:105A10000122411C032004F059FA31BDEFF310803C
:105A200072B68D490A79012A00D0002280F31088CD
:105A3000002A0ED0EFF3108072B600220A7180F3B4
:105A40001088200000F0DEFB20002168896888476C
:105A500031BD200000F002F9200000F06DFD9D48EE
:105A60000078002806D099480078002802D120004C
:105A700000F00EF82878022806D195480078002812
:105A800002D1200000F004F831BD0000B89C0108EC
:105A9000F8B50400EFF3108072B61F4D2F6980F344
:105AA00010888D4E300005F079FED42149006158F0
:105AB000791A8A4A8018814210D3894801780029CE
:105AC0000CD101210A00017086480160EFF31080BB
:105AD00072B6296980F31088B7480160EFF310802F
:105AE00072B62D6980F31088300005F057FED4217E
:105AF00049006158691A814203D3200021688968EE
:105B00008847F1BDD8030020F4030020604D002039
:105B1000C455002040590020140B0020C027090064
:105B20001F59002020590020515900204C580020B6
:105B30002E590020F1B584B0974F644800780028B2
:105B40000BD03868800702D47868800702D502201D
:105B500038607860052006F08AFC984830C898487C
:105B600003C802AA03C29748026836480078012891
:105B700002D002280FD041E093480078002803D0DB
:105B800002281DD00ED339E090480668904800687E
:105B9000704390491AE08C480078002809D0022808
:105BA0000ED02BD2894806688B4804687443E517E9
:105BB00011E086480668864800687043874905E01A
:105BC0008248066882480068704385490968FEF784
:105BD0001EFC0400C51702A830C02000290001F0F7
:105BE000DBFA01007F4806F065FC0090300001F010
:105BF000F7FA0100009804F081F90200049E6F4852
:105C000030C002A803C86E4B03C36E480260300068
:105C100000F056FC00966946994806F0A3FC2B4814
:105C2000007800280BD002203968014002D1796841
:105C3000014001D038607860052006F00FFC05B007
:105C4000F0BD00005A59002030590020475900206B
:105C5000000400505C570020845700205A490978FE
:105C6000012900D1704738B5864C217800292CD005
:105C7000050085480278FA20800042438348016885
:105C8000280000F08BF800281FD000228021490056
:105C9000A020C00504F096F8A4484178FE220A40EE
:105CA00042700122411C032004F010F900202070F2
:105CB000D4214900691848718871EFF3108072B6D9
:105CC0009B4A126980F310880A6031BD3159002067
:105CD00032590020335900201C090020B88EFFFFE4
:105CE0002459002040580020F8B50400914800785D
:105CF00000284ED0904E8E4F314D0CCD083D2F4890
:105D000003C850405940002930D100282ED1EFF36C
:105D1000108072B6396980F310883068081A874994
:105D2000884236D3AD480178002932D10121017073
:105D30007E48002141700122411C032004F0C6F876
:105D4000A7484078002824D0EFF3108172B6A54808
:105D50002022037AD21A81F31088120619D0082162
:105D60006A4611706946FEF791FA12E0EFF310806F
:105D700072B6396980F310883160EFF3108072B623
:105D8000396980F31088D420400021500B4803C8A3
:105D900003C592480078F2BD0C180240EFF3108062
:105DA00072B6634B1B69591A80F310889142804187
:105DB000C043C00F704700003C580020B857002077
:105DC000C0570020445800204A5900201458002091
:105DD0004C580020D857002018580020DC570020CD
:105DE000E057002000007A4438B505007E4804F0F2
:105DF00014FB01F07BFA41B27C4A11707F20C04352
:105E000081420ED17A480178002938D101210170F0
:105E100078490978012901D100BF31BD0021017005
:105E200031BD754C2800754A0023D256891A0322C9
:105E3000D2439142217816DA002920D10121217024
:105E40006C490978012901D100BF01E000212170CE
:105E5000EFF3108172B6364A126981F31088EE2191
:105E60004900425031BD012909D1C64AEE214900FD
:105E70004158FFF793FF002801D00020207031BD6A
:105E8000C4520020475900201959002038580020DA
:105E9000F8B5EFF3108172B6994D2A79012A00D036
:105EA000002281F31088002A3ED0009095480168B6
:105EB000009AD4235B00D218D26989180160924FEE
:105EC0003968009AD218D269891839608F4E3168C2
:105ED000009AD218D2698918316000240099C91833
:105EE000CC6101688A4806F073FB3968894806F07E
:105EF0009BFB3168884806F0C3FB01228021A0206B
:105F0000C00503F05FFFEFF3108072B62C7180F3D1
:105F10001088EFF3108172B60548006981F310888C
:105F20000099D42252008850F1BD00005C57002037
:105F3000140B002031590020785800201027000051
:105F4000F8B5EFF3108172B68F4D2A79012A00D08F
:105F5000002281F31088002A3ED000906948016831
:105F6000009AD4235B00D218126A89180160984FF6
:105F70003968009AD218126A89183960954E3168CA
:105F8000009AD218126A8918316000240099C91841
:105F90000C6201685E4806F01BFB39688E4806F00B
:105FA0009BFB31688D4806F0C3FB01228021A020B5
:105FB000C00503F007FFEFF3108072B62C7180F379
:105FC0001088EFF3108172B6D248006981F310880F
:105FD0000099D42252008850F1BD00002E590020B3
:105FE000604D0020C4550020605600204559002017
:105FF0002C590020185900202D5900201459002038
:1060000077490978002900D17047F0B585B0049030
:1060100000F039FC002673480670012572490D70A6
:1060200072480168724A1268891803910421714A02
:10603000118003990160704CFA27BF003B00962243
:106040005200A0216D48FDF779F9002812D102977E
:1060500068480088019003A8009002233622A021FE
:106060006648FCF757FF002804D12670052006F08B
:10607000AFFB00E02570234801685D4A126889186B
:106080000160234806F0A4FA5D4C607820210143AA
:1060900061700122611C032003F018FF6078EF217A
:1060A000014061700122611C032003F00FFF607842
:1060B000FB21014061700122611C032003F006FFF7
:1060C0006078F721014061700122611C032003F018
:1060D000FDFE434806700498D42149004018C5715C
:1060E00029008D4A15708D490D70EFF3108172B63D
:1060F000884A126981F31088026005B0F0BD000083
:106100006C570020F4570020F85700200458002056
:10611000D0580020D2580020D6580020F8B5304E74
:10612000317800292DD007007D4C31480168226864
:10613000891801603800FFF7FDFC2168794C206860
:1061400040182060784D2868401828607748026819
:1061500051180160764806F067FA2168754806F024
:1061600037FA2968744806F08BFA00203070EFF394
:10617000108072B66749096980F31088D420400006
:106180003950F1BDA0BB0D007457002080B502202E
:106190006A490A68024002D14A68024001D0086098
:1061A0004860052006F05AF9012065490870002072
:1061B00064490870EFF3108072B65649096980F39C
:1061C00010886148016001229102B9486BE3000028
:1061D000FC57002008580020D4580020D858002030
:1061E0004D590020595900205859002000580020CE
:1061F0004C580020FE580020AC570020D0530020FF
:106200005C570020F8B584B000259D490D704D49BC
:106210000D709C484178FD220A4042700122411CC9
:10622000032003F053FE00228021C900A04803F0A0
:10623000C9FD022041490A68024002D14A68024071
:1062400001D008604860052006F011F9994C9A4881
:106250000168200006F02EF904F010FA210003F086
:106260004DFE95490860954F3968200006F022F9E7
:1062700004F004FA210003F041FE03900426A14833
:10628000068003983860A04CFA27BF003B00962296
:106290005200A0219D48FDF751F8002812D1029725
:1062A00098480088019003A8009002232222A02190
:1062B0009648FCF72FFE002804D12570052006F033
:1062C00087FA01E0012020707B4800680390B748FE
:1062D00006808E4E3B0096225200A0213000FDF732
:1062E0002DF8002812D10297B0480088019003A829
:1062F000009002231E22A0213000FCF70BFE002894
:1063000004D12570052006F063FA01E00120207019
:1063100005B0F0BD140B0020505900203759002063
:1063200080580020F457002004580020F85700201F
:10633000D2580020D0580020D65800200C18024017
:10634000335900202459002078580020F8B5050062
:10635000FF20B4302C18964F964E300003F04BFEC1
:10636000002804D1300003F03DFE00281ED038780C
:10637000002840D101263E70280000F049F9EFF3D3
:10638000108172B68C48026981F31088E8214900B7
:1063900069180A602278002A2DD1EFF3108272B6B4
:1063A000006982F310880861267027E03878002899
:1063B00021D0824AE820400029582800FFF7EEFC4F
:1063C000002818D0300003F01FFE002809D000205C
:1063D00038708C48007801280DD0280000F0F0F8C3
:1063E00009E0EFF3108072B67349096980F31088F1
:1063F000E820400029502078012820D1E8204000E2
:106400002E18814A31692800FFF7C8FC002816D0F1
:1064100000207E4908703978002908D12070794819
:10642000007801280BD0280000F0CAF807E0EFF34D
:10643000108072B66049096980F310883161607814
:1064400000281AD1834C200003F0D5FD002804D188
:10645000200003F0C7FD002803D00120AE490870DA
:1064600003E0AD480078002807D0200003F0CCFD01
:10647000002802D00020A84908703878F2BD00003A
:10648000315900205C570020DA214900415C002985
:1064900000D0704780B57E4909687E4A12689142F3
:1064A00005D19E490968002901D000F031F801BDED
:1064B0000004005000401C46E8570020EC57002024
:1064C00038B5040083480568002D19D0DA20400053
:1064D000205C002814D180480068804903F00EFD3C
:1064E00000F004FFA8420BDB2900FDF790FF002914
:1064F00006D18A480068002802D0200000F008F881
:1065000031BD0000CC580020AC570020D0530020F3
:1065100010B5DA214900441801202070012204211D
:106520007F4803F04FFCEFF3108072B622490969EF
:1065300080F31088216310BD10B5FF21B2314418DB
:10654000E178002913D075490A68FA2189004A4385
:10655000F22149004158FFF721FC002807D0002014
:10656000E0702070002204216D4803F02BFC10BD68
:1065700003B58BB000200090019002900CA88078A9
:106580000390302068440078401E06900CA84078A4
:10659000401E04900CA8C07864300590684606F050
:1065A0002BF9069A5F4B1A700DB000BDCA58002037
:1065B00035590020B00B0020140B0020204E0000A5
:1065C00010B559480078401E8041C043C00F57495C
:1065D000087000245648047056480078401E8041D8
:1065E000C043C00F544908705448047001228021F0
:1065F000A020C00503F0E6FB012051490870C14806
:10660000047010BD4A590020A0BB0D002259002083
:1066100010B545480078401E8041C043C00F00249B
:1066200042490C704249087042480078401E80413F
:10663000C043C00F40490C704049087000228021BF
:10664000A020C00503F0BEFB3D4804700120AD4909
:10665000087010BDC80B002038B50400FF20B03012
:106660002018017B002911D1012590490D70057377
:106670000021417381738E4A116005702000FFF77D
:1066800059FA2000FFF7C4FFAE48057031BD000085
:10669000585800205C58002038B50400FF20BC305A
:1066A00020184178002913D10221804A117000215D
:1066B00001700125457081708B4800687C49086035
:1066C0002000FFF737FA2000FFF77AFF9D4805709A
:1066D00031BD0000F0570020E857002000007A4448
:1066E00038B50400FF20BC3020188178002911D172
:1066F0006E4A1170017041700125857089480068EB
:106700006B4908602000FFF715FA2000FFF758FFDB
:106710008C48057031BD00003659002060580020BB
:1067200000040050495900204B59002053590020C3
:10673000525900204C59002056590020555900202C
:1067400059590020874909680968874A914200D051
:106750007047F8B555490978002903D002296CD053
:1067600072D3F1BD8149097801293FD18049814A1D
:1067700013780C78A34212D193788C78A3420ED16F
:1067800053784C78A3420AD1D278C9788A4206D18C
:1067900079490968002902D0FFF75EFFF1BD77490A
:1067A0000978012960D176490722714B1B786C4624
:1067B0002370744B1B68744C2568744C2668040065
:1067C000684600780027CF57B84204D1487801289E
:1067D00001D19E4203DA891C521EF1D104E0AE427F
:1067E000F9DA2000FFF758FF20003BE06349097801
:1067F000012937D1624907265D4A12786B461A7023
:10680000604A1268604B1B68604C2568040068464B
:1068100000780027CF57B84204D14878012801D129
:10682000954203DA891C761EF1D104E09D42F9DA23
:106830002000FFF731FF200014E054490968524A54
:106840001268914210DB0DE04949AF4A93788C7889
:10685000A34209D24B785478A34205D3C978D278A1
:10686000914201D3FFF73CFFF1BD80B58848007825
:10687000401E8041C043C00F0021864A11708649E6
:10688000087001220CE080B581480078401E8041EC
:10689000C043C00F7F49087000207F490870002264
:1068A0008021A020C00503F08DFA01BD4A590020C7
:1068B0005058002076480078002807D000207649FC
:1068C000087074490870012090490870704790481A
:1068D0000078401E8041C043C00F00218D4A1170D6
:1068E0008D49087070470000E05700208848007804
:1068F000401E8041C043C00F864908700020864971
:10690000087070475859002081480078002807D047
:106910000020814908707F49087001207F49087074
:1069200070470000D857002010B5594C2178002935
:1069300007D1183005F0F4FF401E8041C043C00F5E
:10694000207010BD5B59002010B5714C21780029D2
:1069500007D1703006F074FA401E8041C043C00F6A
:10696000207010BD345800209805002015590020D3
:1069700030580020245800201858002016590020B4
:1069800028570020645800206858002058580020DC
:1069900038B504003E4D2878002803D12000FFF7C9
:1069A000C3FF27E02000183006F0C0F800281FD1F0
:1069B000384D2878002804D02000183006F08FF8D1
:1069C00016E0354D2878002804D02000183006F055
:1069D00064F80DE04D4D287800280BD020001830C9
:1069E00005F09EFF002028702000FFF74CFF01E01B
:1069F00000202870464D2878002803D12000FFF79A
:106A0000A3FF31BD2000703006F07EFA00283CD193
:106A1000434D2878002808D042480078012836D114
:106A20002000703006F0EDF92FE03F4D2878012866
:106A300004D12000703006F09DF926E0354D28780D
:106A4000002804D02000703006F08BF91DE0324D94
:106A50002878002804D02000703006F07DF914E07A
:106A60002E4D2878002809D02000703006F0E8F973
:106A7000002028702000FFF739FF31BD2B48017836
:106A8000002904D00021017031BD0020287031BDE3
:106A90004C5900205559002056590020F8B50400E3
:106AA0002100EC31088800220A8000282BD02049E0
:106AB0000A6812180A601F4E3168091831601E4FAB
:106AC0003968091839601D4D2968081828602000A8
:106AD000FFF730F831681A4805F07AFD396819482F
:106AE00005F0FAFD2968184805F022FED420400080
:106AF00020180121C171EFF3108172B6134A126997
:106B000081F310880260F1BD2858002057590020F9
:106B10004B5900205259002053590020545900204D
:106B20002F5900205A590020385900203959002087
:106B30004C580020F4570020FC5700200858002033
:106B4000D0580020D4580020D8580020140B002022
:106B500080B5D03006F020FD01BD704738B5040087
:106B600001250120002C4FD02920205C002807D1CE
:106B700028216054882000026060200006F03EFE5C
:106B80000220292160542068C168C90639D4CA216D
:106B90004162532021684862200000F04DF9010055
:106BA00019D120688169A04A0A4082612068816900
:106BB000A2680A4361691143E2690A43826120695C
:106BC0002168086120680169E26812040A430261D1
:106BD000200000F052F901000DD121688A69D2002D
:106BE000D2088A6121688A69636A1343226A1A4358
:106BF000A36913438B61FF2122685162010003D115
:106C000000E000202921655432BDF8B504000F00D2
:106C100015002820205C012801D10220F2BD0126A8
:106C200028216654022029216054CA202168486224
:106C3000532021684862200000F0FEF801003AD19C
:106C40002800216840223D000028886912D10240B6
:106C500001D10020E870287800F04BF9070468782B
:106C600000F047F9000238430700A87800F041F926
:106C700038430AE0024001D10020E870287800047F
:106C8000697809020143A8780843E9788905014336
:106C9000664808402168086020688169644A0A40A3
:106CA000826120688169EA680A4329691143816128
:106CB000200000F0E2F8FF2122685162010001D1BA
:106CC0002921665400212822A154F2BD10B4006885
:106CD00083684B6003695B045B0C8B6003685348FB
:106CE000184083029B0E0B70030A4B708870800D56
:106CF000C870002A18D108780F2203099C00E318F5
:106D00005B00104018180870487803099C00E318CD
:106D10005B00104018184870887803099C00E3183D
:106D20005B00024098188870002010BC7047F8B5CE
:106D300004002820205C012801D10220F2BD0F00B0
:106D40000125282165540220292160547878002AE1
:106D500033D1C10603D5EF2101400A317970F878AB
:106D600000F0C7F80604787800F0C3F8000230435A
:106D70000600B87800F0BDF8304339784E0306437A
:106D8000CA2021684862532021684862200000F030
:106D900053F8010006D127483040216848602000A0
:106DA00000F06BF8FF2122685162010001D1292116
:106DB000655400212822A154F2BDF978090400028B
:106DC0000843B9780143387846030E43D8E710B436
:106DD0000068436817481840030CCB70C304DB0EEF
:106DE0004B7088700004400F0870002A18D1C878D2
:106DF0000F2203099C00E3185B0010401818C870AC
:106E0000487803099C00E3185B001040181848708C
:106E1000887803099C00E3185B000240981888708A
:106E2000002010BC70470000BFFF8FFB7F7F7F00FA
:106E3000FFFFFBFF3FFFFF00F8B5040000252068BF
:106E4000C168490617D4C16880220A43C26001F0B4
:106E5000D1FC0326070008E001F0CCFCC01B32493E
:106E6000884202D30325292026542068C0684006A2
:106E700001D4032DF0D12800F2BDF8B5040000259F
:106E80002A48016880229143016026492027C26870
:106E90003A4013D12068C16001F0ACFC06002068C4
:106EA000C068384008D101F0A5FC801B1E4988420B
:106EB000F5D30325292025542800F2BDC268BA4322
:106EC000C2602068C16001F095FC06002068C068BF
:106ED000384008D101F08EFC801B13498842F5D35D
:106EE00003252920255428001049CA681743CF607C
:106EF000F2BD002101E0491C0A38C2B20A2AFAD2C6
:106F000009010843C0B270470068CA214162532199
:106F100041628169802292020A438261FF214162BB
:106F2000704700005F000100E90300000C280040EA
:106F3000006880698021C9020840704710B50400CC
:106F4000E06C702809D17D48FCF7C7FA002802D010
:106F500001217B4AD1707B490860E06C902809D1FF
:106F60007648FCF7BAFA002802D00121744A517021
:106F700074490860E06CA02809D17048FCF7ADFAAC
:106F8000002802D001216E4A11706E49086010BDC0
:106F900006F06AFC00F087F806F07AFC01F080FB4E
:106FA00006F02AFD06F0CAFD06F0D8FB06F070FEDA
:106FB00001F07AFB06F04EFE06F034FD06F030FFDD
:106FC000614C0025656007F07BFA206000283BD00B
:106FD0006068802149050143616000BF2068002886
:106FE00032D060688021C9040143616000BF20681D
:106FF000002829D06068802189040143616000BFB6
:107000002068002820D06068802109050143616064
:1070100000BF2068002817D06068802189050143DF
:10702000616000BF206800280ED060688021C9051B
:107030000143616000BF2068002805D0606880219E
:1070400009060143616000BF404807F07FFBEFF392
:107050001080012181F3108820213D4A13680B43E1
:10706000136080F31088EFF31080012282F3108800
:10707000384A13681943116080F31088022036499A
:107080000A68024002D14A68024001D008604860A4
:10709000052005F0ECF931480560314800680068CA
:1070A00000F0A6F900BF30B591B0342104A8FCF778
:1070B00085FF684600210022002300241EC0802096
:1070C000800007F05FFC07F085FC26480168182265
:1070D000914301600D200490802040020590012022
:1070E00006900A9002240B9403200C9000250D9525
:1070F00010200E9040030F900003109004A806F09B
:10710000D3FE002801D000F031F807200090019450
:10711000029503950221684607F0B6F8002801D0D1
:1071200000F024F811B030BD00680F49884200D04B
:10713000704780B507F056FC01BD0000D053002019
:10714000AC570020B4570020445700208C51002039
:1071500000380140004C00400C180240140B002085
:10716000F40A00205C1002400048014038B5A02518
:10717000ED058024240201222100280002F022FED5
:10718000FA20800005F024FB00222100280002F0F4
:1071900019FE72B600BF31BDBD22094210D003D422
:1071A000521E00184941FBD5D20501288041401CE0
:1071B0000143080A0906494100D30129504170479B
:1071C0009D2102000AD002D4491E9218FCD5C9059F
:1071D000100A1206524100D3012A484170470000AC
:1071E0009D210200EED55242F446FFF7EBFF01224B
:1071F000D207104360477047012212060118CA42A5
:107200000AD28A420DD83822120609098918C20FFB
:10721000D20711434007704700D0490809090143CC
:1072200001E0C10FC90700207047F0B40E005E40B6
:107230000125ED072E40B446AE0ADF184C18F44283
:107240003BD2F74241D2640D43D07F0D38D0E41BCE
:10725000C902DB0229432B43CF0ADB0A0600B61A18
:107260009F4104D2641EB6197F41B6185F4168126F
:10727000800D24180018844222DCE80C0021B61985
:107280007F41B61A9F4102D2B6185F413F1C404170
:107290004941F4D3241C21DD2405B6197F41B61AD7
:1072A0009F4105D33743C60737430026012F70415E
:1072B000614166463143F0BC7047FCD1F74205D2CC
:1072C0000020C14349054908F3E704D00020C14329
:1072D000F1E77F0DFAD000206146ECE72442FAD1B5
:1072E000401C61410F03F6D30020E2E70122D207E0
:1072F0000118090E7F3910D449421F310FD40018EC
:1073000005D2C0011043C84000D5D0437047C0012A
:107310001043C84005D440427047002070470042E7
:10732000F3D510007047002101614161704770473B
:1073300038B505000C00A54205D0286840198047E3
:107340002D1DA542F9D131BDF8B504000F0015007F
:1073500000BF00BF1C480168002900D11B491C4A1E
:10736000914201D3002601E00E000C31016000BF04
:1073700000BF002E01D10120F2BD37607460B560FE
:107380000020F2BD80B51049124800F001F801BD9F
:10739000F8B50D682E0002D1F1BD884710E0070056
:1073A0000C0001E005002E00BE42F5D00C3E7168D5
:1073B0000800F9D00020706030680028EDD08847C0
:1073C00020688542F0D0EDE7A058002060590020E9
:1073D000345B00206059002007239943091F802354
:1073E0005B040B600B1F1A603C39016070470000A2
:1073F00002003C480168FF231B040B430360946BAD
:10740000403282F30988022080F31488BFF36F8F23
:107410003349884762B62047FEE70000F8B5EFF32E
:10742000108072B6304CA168491CA16080F31088AE
:10743000EFF31080009072B600F00EFDEFF31083B2
:1074400072B62069401C2061284807210668B5886B
:10745000002D0AD0B5886D1EB5802D0405D1656854
:10746000B6790127B7402F436760001D491E0029E8
:10747000ECD183F31088009880F31088EFF310802C
:1074800072B6A168491EA16002D080F31088F1BDD8
:107490006268514211400A011143154A8B01194398
:1074A0000B04591A890E515CE1602268914203D0A5
:1074B000802149050F4A116080F31088F1BD094809
:1074C00001680902090A802212060A4302600A487A
:1074D0000A49416000218160072101607047000076
:1074E000BF74000820ED00E0140B0020F40A002017
:1074F0001CA4010804ED00E010E000E0FFF900002A
:1075000010B5844C844B0022844821182000FBF7DE
:107510006FFA834B01228348211840082018FBF79B
:1075200067FA814B0222814821187E482018FBF718
:107530005FFA7F4B05227F4821187C482018FBF713
:1075400057FA7D4B06227D4821187A482018FBF710
:107550004FFA7B4B03227B48211878482018FBF711
:1075600047FA794B04227948211876482018FBF70E
:107570003FFA10BD38B50500754C00222100FFF719
:10758000A5FB002273492800FFF721FC2800FFF724
:10759000CFFC012802D12078401C2070EFF310802E
:1075A00072B66D494A686D4B1C68D543254005D0BD
:1075B0004D6825434D6022401A6001E00121197198
:1075C00080F3108831BD000080214901884200D03D
:1075D000704730B4EFF3108072B65F494A68604B71
:1075E0001C68D543254005D04D6825434D60224099
:1075F0001A6001E00121197180F3108830BC7047D6
:10760000FEB5022804D08021490188426BD07EE07B
:10761000544D03CD083D544A1278002A05D000226B
:10762000401C514103C5083D5DE04B4C002901D190
:10763000002844D0401E91416A4603C24B4800686E
:10764000C1176A460CCA07F0D5F9494A1268D31720
:1076500007F008FA4749086047480768474E30680E
:10766000390007F03DFA3060454E3068390007F0C8
:1076700037FA3060434E3068390007F0C1FA03D85A
:1076800007F066FA020000E00022684603C803C55E
:10769000083D3260EFF3108072B661683A4A1368B1
:1076A000CD431D40002D05D065681D436560194020
:1076B000116001E00121117180F3108813E0EFF3F4
:1076C000108072B66168314A1368CD431D40002DA9
:1076D00005D065681D4365601940116001E0012116
:1076E000117180F31088EFF3108172B61A48426866
:1076F0001B4B1C68D543254005D045682543456094
:1077000022401A6001E00120187181F3108803B053
:10771000F0BD0000200D002091770008080800004F
:10772000257C000810100000D57C00081818000007
:10773000597D000820200000997D000828280000BD
:10774000C97D000830300000FD7D00083838000099
:10775000F456002030580020140B002064570020FD
:10776000A4570020B857002034590020505800205A
:10777000145800204C58002048580020E85700209A
:10778000EC570020445800207C57002084570020EC
:1077900082B0B44802F002FE02F03CFBB24807F0AF
:1077A000D6FA07F009FCAF4802F03BFEAF4908608B
:1077B000AC4802F04BFEAE490860AE4F3800D03006
:1077C00001900026A6E1AC480078002800D099E19D
:1077D000002280210902A94802F0F4FA0022802147
:1077E000C900A64802F0EEFA00220121A44802F0E6
:1077F000E9FA002280214900A020C00502F0E2FA47
:1078000000228021A020C00502F0DCFA3800FFF73A
:107810003AF83800FFF76AF89A494E7001229A49FF
:10782000032002F053FB0120934908706AE1974955
:107830000E7004F029FE6AE13800FEF787FD7CE156
:1078400093484078002800D187E1EFF3108172B6A9
:1078500090482022037AD21A81F31088120600D1B0
:107860007BE111216A4611706946FCF70FFD01208A
:107870008949087071E186484078002800D175E197
:10788000EFF3108172B683482022037AD21A81F373
:107890001088120600D169E112216A46117069460A
:1078A000FCF7F4FC01207D4908705FE178484078DE
:1078B000002800D163E1EFF3108172B675482022F1
:1078C000037AD21A81F31088120600D157E11321EE
:1078D0006A4611706946FCF7D9FC0120C34908705B
:1078E0004DE16B484078002800D151E1EFF3108161
:1078F00072B668482022037AD21A81F310881206E1
:1079000000D145E107216A4611706946FCF7BEFCCB
:107910000120B74908703BE15D484078002800D15C
:107920003FE1EFF3108072B620215A4A127A891A89
:1079300080F31088090600D133E1142069460870ED
:107940005448FCF7A3FC012020702AE1002180F3B9
:1079500010884948002909D04660EFF3108072B6BC
:107960000021A44A117180F3108804E04168491C89
:107970004160C8291DD2A0480078032803D09F4841
:10798000007801281AD09E480078002800D0B9E07D
:107990009C480078002800D0AFE0C94800789A4998
:1079A0000978012901D100287AD0012800D196E078
:1079B000A8E04660019805F0BDFEDCE73800FEF760
:1079C00013FA284C200002F028FD904908609048E6
:1079D0000078012802D089490E70D4E7224D280092
:1079E00007F06FFA8B490860280007F07CFA8A4993
:1079F00008600868FFF77AFC88490022895640B27F
:107A0000884210DA814D2968FE20800507F068F869
:107A10000100200002F01EFD28688021C90507F042
:107A20005FF8010006E011480168200002F012FD35
:107A30000F480168200002F022FD794800214456D9
:107A4000002CC8DD73480068FFF750FC40B2844248
:107A500001DA012002E000209A4A16709A49087063
:107A6000B9E700BF60560020584F0020985800200A
:107A70009C58002098050020545700200004005016
:107A8000000C00505C5700205D5700203E5900203C
:107A9000604D0020C45500201D5900201E590020B3
:107AA000EFF3108072B68949096980F3108888481D
:107AB0000160002280210902A34802F083F9B44941
:107AC0000E703800FEF7F6FE3800FEF71DFF019835
:107AD00005F030FE4C490E70012079490870EFF333
:107AE000108072B67949096980F310887848006877
:107AF000081AFA21C900884261D242480078012858
:107B000000D160E691480078002800D08FE69048C8
:107B100007F0EBFD8F48F8F71DFB0A20FAF7B0FFDE
:107B20003800FEF7E1F834480078032805D099487A
:107B300000680068B84200D17EE6964D286800686B
:107B4000016809688847286800680168C96888472B
:107B500099480078002800D172E6984800780128FA
:107B600004D197480078002800D184E69548007831
:107B7000012804D11D480078002800D196E69E48CF
:107B80000078012804D11A480078002800D1A8E61E
:107B90004D480078012804D14A4C2078002800D1B3
:107BA000BAE628680068B84200D0E4E6EFF3108037
:107BB00072B610490979012900D0C7E6C7E6380036
:107BC000FEF753FE3800FEF782FE0122D1035E4825
:107BD00002F0F8F801206E49087091490E700949C9
:107BE0000E7009490E7036490E708BE7205900203F
:107BF000225900209C5700204A5900202359002078
:107C00002E5900203D5900203C5900209458002056
:107C10001A5900208C580020905800201459002038
:107C20001B59002082B07F4CE12636017E4D1CE0BE
:107C300038003C21FCF7EBFB002913D17B4840784E
:107C400000280FD0EFF3108072B62021227A891A13
:107C500080F31088090605D01020694608702000BE
:107C6000FCF714FB3A4807F040FD0021704801F092
:107C700069FF2878704369780A01511A8900401811
:107C8000A97840186B4908606B48FEF7FDFB69480E
:107C9000076838003100FCF7BAFB0029C8D16348F7
:107CA00040780028DED0EFF3108072B62021227ACF
:107CB000891A80F310880906D4D01120CDE700007E
:107CC0003B5900202159002041590020140B00206D
:107CD0007458002082B01F4C524E584D584F07E048
:107CE000684601782000FAF793FB564807F0FDFC40
:107CF000FA2201A9380007F003FD002803D00198FB
:107D000001684968884728780028EED1EFF3108091
:107D100072B6317A80F310880029E6D001202870ED
:107D200000226946300007F03BFD684600781028C5
:107D300002D0112804D0D3E72000FAF70BFAD4E7D9
:107D40002000FAF730FAD0E7000400503E59002036
:107D500008570020604D0020EFF31080012181F3CF
:107D6000108839490A68202313430B6080F3108878
:107D7000344C314D1920FAF783FE2800FEF708FE37
:107D80006420FAF77DFE200007F0AFFCF2E7000068
:107D90003F590020345800202A4E244C2B4D3221CC
:107DA000280001F0CFFE002802D02000F8F7E4FB05
:107DB000300007F09AFCF2E71D5900203A590020E4
:107DC0001E5900201F5900201B4C2500EE351D4E6A
:107DD00001E0322006E028780B2802D90C38F8D0D0
:107DE00002E01920FAF74CFE2000FEF7B1FE300049
:107DF00007F07BFCEFE7000035590020114E144DD1
:107E0000144C1921200001F09DFE002804D001220D
:107E10002900002002F04CF8300007F066FCF0E783
:107E200054570020C4550020F4560020604D002017
:107E30006457002058580020980500201C59002045
:107E4000C452002008570020004400408C570020F6
:107E500062570020A4570020F8B51021A020C005CB
:107E600001F0A9FF411E8941C90FD04802F098F8DE
:107E7000CF4C80210901200001F09DFF411E894166
:107E8000C90FCC4802F08CF84021A020C00501F0B9
:107E900092FF411E8941C90FC74802F081F8C74DC2
:107EA0008021280001F087FF411E8941C90FC44885
:107EB00002F076F88026B6013100280001F07BFF41
:107EC000411E8941C90FC64802F06AF8C54D28789D
:107ED00020218143C44802F063F8287801218143BE
:107EE000C24802F05DF8287802218143C04802F0C0
:107EF00057F8287810218143BE4802F051F82878BD
:107F000004218143BC4802F04BF8287808218143C2
:107F1000BA4802F045F8287840218143B84802F079
:107F20003FF8297880200140B64802F039F8310046
:107F3000200001F040FF411E8941C90FB24F3800B7
:107F400002F02EF87100200001F035FF411E89413A
:107F5000C90FAE4802F024F8AD4C380002F039F8F1
:107F600000281CD0AB480068AB490A6812180A60A8
:107F7000B4490A6810180860B34D2800FDF7DAFD0F
:107F800000228021A020C00501F01CFFEFF310802B
:107F900072B6216980F31088D42040002950002651
:107FA000AA4D380002F030F8002809D0EFF3108015
:107FB00072B6216980F3108869600120287002E0A0
:107FC0002878012820D1EFF3108172B6206981F35F
:107FD00010886968962292008918884214D330006C
:107FE0002E70EFF3108072B66168994A1368CF4320
:107FF0001F4005D067681F4367601940116001E0AA
:108000000121117180F31088804F380001F0E1FFE9
:1080100000281AD08F4800688F490A6812180A6031
:1080200088490A68101808608748FDF783FD002218
:108030008021A020C00501F0C5FEEFF3108072B6CC
:10804000216980F3108885480160380001F0DCFF69
:10805000002809D0EFF3108072B6216980F31088F0
:10806000A9600120687002E06878012820D1EFF350
:10807000108172B6206981F31088A9689622920057
:108080008918884214D330006E70EFF3108072B6F6
:108090006168734A1368CF431F4005D067681F4368
:1080A00067601940116001E00121117180F31088AF
:1080B0006C4800786C49097801436C4800780843A3
:1080C0006B49097801431FD16A48007800281BD109
:1080D000EFF3108072B6216980F310886648814200
:1080E00015D3EFF3108172B6206981F310886349CC
:1080F000FCF790F900290AD161480178002903D0E2
:10810000012904D1067002E001205D490870E87879
:1081100001005C4A1278022A00D081E05A4A1278A3
:108120006B461A706A461278584B1B78584F3F7846
:108130001F4329D0092254480270E970EFF31081DF
:1081400072B6206981F31088FA218900FCF762F980
:10815000002900D0B0E04F480168491C01600120AF
:108160004D4908704D48017801295BD14C49097887
:108170004C4A1170EFF3108172B6226981F31088B6
:1081800049490A60067057E0484B1B78002B01D024
:108190000822D0E7464B1B78002B13D1002802D1D0
:1081A000A6490A7001210A22C5E700BF380B00204A
:1081B00000040050680B0020500B00200008005005
:1081C000B00B00200028B6D000219C4802789C48C3
:1081D00000780028AFD1072A20D10722ABE700BFE3
:1081E000C80B002062570020E00B0020F80B002095
:1081F000100C0020280C0020400C0020580C0020FF
:10820000700C0020880C0020800B0020980B0020B0
:10821000140B0020D05700208458002032008AE739
:1082200031008AE787480078012805D11D48017888
:10823000002901D0491E017083480178012939D1F4
:10824000310038E04C5800209805002038570020B5
:108250006C570020D4570020885800204007002089
:108260007457002030590020315900202E59002029
:10827000355900203D59002088130000983A00002D
:108280005B5900205A5900205C5900204E590020AB
:108290004F590020705800202359002046590020D3
:1082A0001959002048590020385800205059002002
:1082B0004B59002001210170EFF3108172B6206943
:1082C00081F31088FA214900FCF7A4F8002905D1B0
:1082D0009A480178491E8941C90F0170A64F387824
:1082E000012800D0C6E0EFF3108072B6216980F358
:1082F0001088A2480068081AFA218900401A00D1A3
:10830000A8E0323800D1A1E09D49401A00D1A1E097
:10831000323800D19AE0401A00D19BE0323800D1C7
:1083200094E0401A00D195E0323800D18EE0401A36
:1083300000D18FE0323800D188E09549401A00D151
:1083400088E0323800D181E0401A00D182E0323832
:108350007CD0401A00D17DE0323877D0401A79D0F5
:10836000323873D0401A75D032386FD0401A71D07D
:1083700032386BD0401A6DD0323867D0401A69D08D
:10838000323863D0401A65D032385FD0401A61D09D
:1083900032385BD0401A5DD0323857D0E1214900E5
:1083A000401A57D0323851D0401A53D032384DD0BD
:1083B000401A4FD0323849D0401A4BD0323845D0CD
:1083C000401A47D0323841D0401A43D032383DD0DD
:1083D000401A3FD0323839D0401A3BD0323835D0ED
:1083E000401A37D0323831D0401A33D032382DD0FD
:1083F000401A2FD0323829D0401A2BD0323825D00D
:10840000401A27D0323821D0401A23D032381DD01C
:10841000401A1FD0323819D0401A1BD0323815D02C
:10842000401A17D0323811D0401A13D032380DD03C
:10843000401A0FD0323814D01CE000BF5D59002024
:10844000325900204759002026590020002280215F
:10845000090201E00122D103A020C00501F0B2FC15
:1084600008E0002280210902A020C00501F0AAFC3A
:1084700030003E70EFF3108172B6206981F31088EE
:10848000FA21FBF7C7FF002916D14248FEF75AF937
:10849000EFF3108172B640482022037AD21A81F39A
:1084A0001088120608D03D490968002904D00968DF
:1084B0000091694604F056F8394F38480068006862
:1084C0003849884246D03878012850D1364800785B
:1084D00000281ED03548A978002906D1EFF3108175
:1084E00072B6226981F3108823E0EFF3108172B62F
:1084F000226981F310880068101A322837D30022CD
:1085000080210902A020C00501F05CFC3E702649D4
:108510002BE02748007827490978014327D02348D2
:10852000A97800290CD1EFF3108172B6226981F38A
:10853000108802600120A87019E000BF27590020B0
:10854000EFF3108172B6226981F310880068101A67
:10855000FA280CD3002280210902A020C00501F0D6
:1085600031FC3E7012490E7012490E70AE70124806
:1085700007F0BBF8F1BD00BF245900203C58002093
:108580009E07000080B50C4807F0AFF801BD000061
:10859000B603000098050020C45200203458002083
:1085A0002859002008000020295900206C5800207C
:1085B0002A5900202B5900200857002000290BD0F1
:1085C0004269102A01D3026800E00200914203D3FD
:1085D00000691018814201D30020704701207047C4
:1085E000F8B50D0016002969B1420BD30400881BB1
:1085F000834200D903001F00AC4230D1F019216939
:10860000814201D200F084F96169102901D3216807
:1086100000E02100206100250D5421698E4208D31D
:108620006069102801D3206800E0200025610570F2
:1086300033E0002E31D06069102801D3206800E0BB
:1086400020008F1B3A00811900F0A4F960691028FE
:1086500001D3206800E020002761C5551DE00022FD
:1086600039002000FBF748FE002816D06869102862
:1086700000D32D686069102801D3206800E0200035
:108680003A00A919FBF7EAFF6069102801D32068B6
:1086900000E0200027610021C1552000F2BD704795
:1086A00010B54D4C4D4802E010B54D4C4D48206082
:1086B0004D4860600020A0600121E16020616061A0
:1086C000A061E06120622000FAF72CFA002801D0B6
:1086D000FEF74CFD0021200007F0B2F8002801D081
:1086E000FEF744FD0021200007F0D1F8002801D05A
:1086F000FEF73CFD10BD30B58DB004001421002202
:108700006846FBF749FC1C21002206A8FBF744FC45
:1087100020683249884230D12020069000250995F2
:1087200006A807F0DDF8002801D0FEF71FFD0220A3
:108730002E4C21680143216021680840059005986E
:10874000C020800000901220019002950395062021
:1087500004906946264801F07DFA80208003A168D4
:108760000143A160A16808400590059800220021FE
:10877000172003F06FFE172029E01A49884228D1FC
:1087800001201A4C216801432160216808400590AE
:108790000598C02040010090122001900020029016
:1087A0000390062004906946A020C00501F052FA0B
:1087B0008020C003A1680143A160A1680840059022
:1087C000059800220021182003F044FE182003F031
:1087D00045FE0DB030BD0000D053002000540040D5
:1087E00024540020005800406621C100341002408B
:1087F0000004005001484068704700BF280B00206B
:108800007047704770477047F8B500210024012277
:108810002523C35C022B03D00421C16301242EE075
:1088200003681D680E26B5431D6003681D689543E7
:108830001D60456C144B2E681E402E60114D2E6835
:10884000B4464026875D1C263E400127B740664659
:1088500037432F60C56C866C7560056D002D06D0A2
:108860002D682B40056D2B60836D456D6B60252356
:10887000C25424228154816B002900D088472000F3
:10888000F2BD000004000240FFFEFFFF2521405C16
:1088900070477047613807E005E0010061391A2927
:1088A00001D20120704741381A288041C00F70471B
:1088B000010021390F290AD301003A39062906D9C6
:1088C00001005B39062902D37B380428EDE701203B
:1088D000704701000939052901D3202801D1012061
:1088E000704700207047010041391A2900D220301A
:1088F0007047010061391A2900D2203870470248B8
:108900007047024870470000D80C0020A00C0020DF
:1089100080B5012007F094F801BDFEB504000D00FC
:1089200016002069002B03D1B04201D3300027E0AC
:10893000864223D2801B984220D3C71A7F1C200076
:10894000FBF76AFC8619019400953C0003E0601B6C
:108950008419641E6E1C220000980178300001F01A
:108960004FF905000AD0029A009901F0C5F80028D5
:10897000EDD10198FBF750FC281A01E00020C0431C
:1089800003B0F0BD002800D1704780B507F062F851
:1089900001BD7047814202D25318984203D300B5FB
:1089A000FBF75CFE00BD521E03D38B5C8354521E4A
:1089B000FBD270470100202008437047FDB5B2B0DC
:1089C0003A98049102A93B22885400200D9027A8D0
:1089D000401C31900DE00498329A90470490002892
:1089E00001D100F0D3FE0D98401C0D903398401C2F
:1089F00033903398017800290FD02529EBD100203E
:108A00000790089009900A900B900C900225012184
:108A1000149108211291339C05E00D9800F0B8FEE6
:108A2000010014980843641C21782029F8D02329D8
:108A30000BD02B2904D02D2904D0302908D00AE0EE
:108A40002843F0E701000420ECE701000820E9E7F3
:108A500001001020E6E72A290FD134990A6811682D
:108A6000121D349B1A600F91002904D54A420F92BF
:108A7000010004200843641C12E000210F91644BA4
:108A800009E00F99994205DA8E007118490089189A
:108A900030390F91641C2278110030390A29F0D343
:108AA00021782E2903D00021C9430E9126E0641CB1
:108AB00021782A2908D134990A681168121D349B3B
:108AC0001A600E91641C19E02D2901D1641C00E08C
:108AD000002100220E920CE0002909D10E9A4C4E82
:108AE000B24205DA9600B2185200D218303A0E920D
:108AF000641C23781A00303A0A2AEDD302A90887A9
:108B00002678310040487844FF30401E01F072FD65
:108B1000002801D0641C00E0002602A83A21465437
:108B2000682E04D1207868280BD1622005E06C2ED5
:108B300007D120786C2804D1712002A93A228854E8
:108B4000641C18A80690207869460870601C339051
:108B5000684604782000253833D01C3800D1CDE198
:108B6000001F022800D8C9E1133801D100F036FDFA
:108B7000093800D1C2E1801E01D100F0CCFD401EB9
:108B800001D100F079FD401E022800D8B6E1001F97
:108B900001D100F071FD401F00D109E1401E01D15B
:108BA00000F01CFD401E00D1F1E0C01E0ED0801E62
:108BB00001D100F013FDC01E01D100F00FFD00F047
:108BC000B6FD14980790252000F0ADFD349800689C
:108BD0000468001D349908600594002C00D0C2E0A0
:108BE00002A83B21405C002800D1B6E00024E44309
:108BF00006487844163006F031FF201A01D000F004
:108C0000C5FD00F0A2FD00BF0415010038150100EC
:108C1000CBCCCC0C01236A4602A9280000F072FEDE
:108C2000002801D000F0B2FD641EF3D13295079DFB
:108C300018AC002D0FD0329E21780498B0470490D4
:108C4000002801D100F0A2FD0D98401C0D90641C7D
:108C50006D1EF1D132963020694608700A9C002CB6
:108C60000DDD329D01236A4602A9280000F04AFE6C
:108C7000002801D000F08AFD641EF3D13295059CD6
:108C8000089D002D0FD0329E21780498B0470490A3
:108C9000002801D100F07AFD0D98401C0D90641C55
:108CA0006D1EF1D13296302769460F700B9C002C57
:108CB0000DDD329D01236A4602A9280000F022FE44
:108CC000002801D000F062FD641EF3D132950598B2
:108CD00008994418099D002D0FD0329E21780498E0
:108CE000B0470490002801D100F050FD0D98401CC1
:108CF0000D90641C6D1EF1D13296684607700C9C75
:108D0000002C0DDD329D01236A4602A9280000F0E7
:108D1000F9FD002801D000F039FD641EF3D1329531
:108D200002A83821405C400700D462E62020694652
:108D300008700198002800DC5BE6019C329D01234D
:108D40006A4602A9280000F0DDFD002801D000F0ED
:108D50001DFD641EF3D132954BE61B487844683004
:108D6000059000F0F2FC0E9D002D03D52000FBF7CE
:108D7000DDF909E02A000021200000F041FF002871
:108D800001D0001B00E02800089000F0DEFC3498C1
:108D900000680268001D349908600020C04300216B
:108DA000104002AA03C218A80590782100F0AFFC79
:108DB00002A83B21415C002908D00024E4434B4831
:108DC0007844FF30293016E7981301003A21405CBF
:108DD00062286AD0682819D06A2845D06C2806D045
:108DE00071284FD0742831D07A2821D06FE0349880
:108DF00001680868091D349A116000287AD100249E
:108E0000E4433B487844FF301738F4E6349801686F
:108E10000868091D349A1160002805D10024E44334
:108E200033487844CA30E6E60D99018000F08DFCA5
:108E3000349801680868091D349A1160002859D1D6
:108E40000024E4432A487844A630D4E634980168E4
:108E50000868091D349A116000284BD10024E443AE
:108E6000234878448A30C6E6349800680268001DBA
:108E700034990860002A13D10024E4431C48784444
:108E80006E30B8E6349800680268001D34990860B6
:108E9000002A05D10024E443154878445230AAE65C
:108EA0000D98C11703C200F050FC3498016808689F
:108EB000091D349A1160002805D10024E4430C48B0
:108EC00078442C3097E60D99017000F03EFC349800
:108ED00001680868091D349A116000280AD100242D
:108EE000E44303487844083085E600BF28120100B7
:108EF0003C1201000D99016000F027FC34980068D5
:108F0000C21D072082433498026003CA349B1A6052
:108F100002AA03C22022C80F04D007982D2118AA44
:108F200011540DE002A8008F284204D007982B218D
:108F300018AA115404E0C00704D5079818A90A54C8
:108F4000401C079018A8079940181390059027AD6A
:108F500002A803C816AA03C268460078202101436C
:108F600068464170612909D00E98002801D5062075
:108F700003E003D1672901D114980E9002A803C819
:108F80000F0006187F417E15FF17BBA20CCA9F4237
:108F900012D1964210D10903020D1143000300299A
:108FA00001D1002808D003200890613C1A2C19D365
:108FB000244979448E3110E002A803C8080041001A
:108FC0004915994212D1000310D103200890613C49
:108FD0001A2C21D31C4979446E3103221398FBF7D4
:108FE0003DFBB2E3194979446231F6E701AA02A8D0
:108FF00003C806F057FD02AA03C2684640786128FC
:1090000013D1059830210170811C059169460978BA
:10901000612905D1782104E00D4979443231DCE73A
:10902000582141700798801C079002A803C894A299
:109030000CCA02400B400DD1002A0BD1002400269F
:1090400069E100BF2411010028110100181101007D
:109050001C11010068464078612800D097E00E9806
:10906000002801D5212000E0401C1390139F7F1C95
:1090700016A803C80022002306F029FD02A830C864
:1090800002D28020000645400198001F01909C21DB
:1090900069440A7027A8461C002F31DD20002900F2
:1090A000002280235B0306F02BFD29D81C2206F04A
:1090B00040FD04000D0006F075FD1590FF1F002F08
:1090C00009DD06F0A9FD02000B002000290006F0D2
:1090D00010FE04000D00F01D0722159900290ADD7D
:1090E000521E08D4401E0B071B0F03700911F5E731
:1090F000401E00210170521EFAD5C61D002FCDDC86
:1091000027A83199711A27AA551C139A0C0091426D
:1091100000DD1400002C33D48C4205DA411C095DBB
:10912000082901DB0F2100E00021220027AB9B185A
:1091300001E0641E5B1E521E1E788E42F9D00F297C
:1091400004D1411C895C491C401C8154002A04D56F
:1091500027AD641C0198001D0190611E10D46A188F
:109160006846007813783033DEB23A2E01DBC3183C
:10917000C6331370491E521E0029F3D56946087084
:109180000E98002800D4C5E0601E0E90C2E016A81C
:1091900030C86D006D0801986C4948436C49FBF775
:1091A00036F9019007200199401A002805DD0200D8
:1091B0002000290000F080FB0AE0424200206649BE
:1091C00000F07AFB02000B0020002900FEF72DF8CA
:1091D0006A465278662A02D1019A0A3200E00622D3
:1091E0000E9B9A18142A00DD142227AB30241C7021
:1091F0005C1C02E016A803C8139A002A44DD16ABD3
:1092000003C3139216A803C806F0DEFC15900546AA
:109210000834042628000A21FBF7FCF80F00280078
:109220000A21FBF7F7F805003037601E07702800A9
:109230000A21FBF7EFF80F0028000A21FBF7EAF8F4
:109240000500A41E30372770761EE3D1083413982A
:10925000083813900028CDDD159806F0CDFC0200EB
:109260000B0016A803C806F044FD00223B4B06F095
:10927000B7FD16AA03C2C5E7FFFFFFFFFFFFFFFF11
:10928000FFFFFFFFFFFFFF7F3198201A27A94D1C2A
:1092900004E0401E0199491E01916D1C2978302976
:1092A000F7D020216A46127811436A465170694608
:1092B0004978662902D10199491C06E06946497836
:1092C000652901D1149900E000210E9A5418A0429A
:1092D00000DA441E002C1DD4844204DA285D3428B0
:1092E00001DD392000E0302021006A1E531801E022
:1092F000641E5B1E491E1E788642F9D0392802D1B1
:10930000685C401C6854002904D51500641C019851
:10931000401C0190019E139568460078694688704C
:10932000FFF7EFFA406A0078694608700E9D20B298
:10933000002804DC149C07487844183013906846D1
:10934000407866280CD1761C24E000BF9775000099
:10935000A0860100200E01000000F03F84D7974155
:1093600068464078672846D130B20321C943884215
:1093700047DBA84245DA761C02A8008F1299C0B2DA
:10938000084203D120B2A84200DC050030B22D1AF9
:1093900000D5002537B2002F00DDBAE00898411C47
:1093A00008913021059A1154002D05DC02A8008F88
:1093B0001299C0B2084206D00898411C089169462B
:1093C0000978059A11547842854200DA6E4236B225
:1093D00070420B90AD1920B2854200DA2C0024B205
:1093E0000994220013990598089BC018FBF736F9D9
:1093F000281B0C90DAE068468078612818D170202C
:109400001BE020B2A84206DA02A9098F129AC9B25B
:10941000114200D105006D1E00D5002568468078F8
:10942000672802D16520694607E04520694604E0C7
:1094300068468078412801D1502088700898411CE6
:10944000089113990978059A11541398411C002D1D
:1094500005DC02A8008F129AC0B2104219D00898F9
:10946000421C08926A461278059B1A54002D10DDA2
:10947000641E20B2854200DA2C0022B20598089BB7
:10948000C018FBF7EBF824B2089800190890281BC5
:109490000B9005980899411868468078087030B29A
:1094A000002803D42B2048708F1C03E02D224A7023
:1094B0008F1C4642002412AD300008E00A21FAF762
:1094C000A6FF15AA03C229701598641C6D1C00B272
:1094D0000028F3DC012C08DC684680782021014359
:1094E000652902D1302038707F1C002C09D1302032
:1094F00038707F1C07E0641E12A8005D30303870A1
:109500007F1C002CF7DC059808994018381A099040
:109510004CE020B231B288421DDA22B2139905988C
:10952000089BC018FBF79AF824B208980019089015
:10953000391B0B91002D05DC02A9098F129AC9B2C3
:10954000114206D069460978059A11540998401CC1
:1095500009900C952AE032B213990598089BC0181F
:10956000FBF77CF80898C0190890A41B002D05DCB7
:1095700002A9098F129AC9B2114205D0411C089163
:1095800069460978059A115420B2854200DA2C0008
:1095900022B21398C1190598089BC018FBF75EF812
:1095A00024B2089800190890281B0B9002A83821B3
:1095B000405C14210140102900D0C6E007980899AA
:1095C00040180B994018099940180C9940180F99A8
:1095D000884200DBB9E0081A0A90B6E002AA3A20F5
:1095E000105C622808D068280ED06A2814D06C2835
:1095F0001DD0712810D01AE0349801680868091D40
:10960000349B1960C0B218E0349801680868091DDD
:10961000349B196080B210E034980068C31D0720A5
:1096200083433498036003CB349C236006E0349872
:1096300001680868091D349B1960002102AB03C34F
:10964000108F1299C0B208425BD002A803C800294B
:1096500001D1002855D0684600782021014378299F
:109660004FD1079818A930220A54401C421C079277
:109670006A4612780A5444E002AA3A20105C622832
:1096800008D068280ED06A2814D06C281DD0712804
:1096900010D01AE0349801680868091D349B1960DD
:1096A00040B218E0349801680868091D349B1960BD
:1096B00000B210E034980068C31D0720834334983B
:1096C000036003CB349C236006E03498016808688B
:1096D000091D349B1960C11702AB03C3002902DACC
:1096E00007982D2109E0108F284202D007982B21DE
:1096F00003E0C00705D50798202118AA1154401C83
:10970000079018A80799401805906846017802A8A4
:1097100000F040F819E01498079034980168086840
:10972000091D349A11606021694408700DE0149895
:109730000790252060216944087068460078002859
:1097400003D007956846007848700F980799401A2B
:109750000A99401A0899401A0B99401A0999401A17
:109760000C99401A019002A83821405C400701D5AD
:10977000FFF75DFA2020694608700198002801DC97
:10978000FFF755FA019C329DFFF744FA0020C043D1
:1097900035B0F0BDF2B586B0040025696F2901D15E
:1097A000082707E00846FFF705F9782801D00A27BF
:1097B00000E010273C2603CC083C04AA03C26A46FA
:1097C000127E642A03D06A46127E692A09D10029D2
:1097D00007DA04A803C800220023121A8B4104A848
:1097E0000CC004A803C800290DD100280BD1206BA0
:1097F000002808D1082F3DD13820205C000739D53A
:109800003B26302035E00294009504A830C8761E2F
:109810000196200029003A00002305F023F9303298
:10982000D0B23A280DDA00988255200029003A007B
:10983000002305F017F904000D0007D1002C05D115
:109840000AE06846007E8218AF32ECE70298C068F2
:10985000009989198842DAD3029C009D082F09D10A
:109860003820205C000705D5A85D302802D0761E80
:109870003020A8553C20801BA061A919E160216B14
:10988000884206DA081A2062208F1C49014021878D
:1098900010E000290ED53821615C14220A40102AFC
:1098A00008D1616B6269891A226A891A081A00282C
:1098B00000DD206207B0F0BDF8B50026104F0400AF
:1098C0000D00009214E0C00707D532003B002000D5
:1098D000290006F085FA04000D0000984010009061
:1098E0003000390032003B0006F07AFA06000F0023
:1098F00000980028E7D120002900F4BDEFFF000008
:1099000000002440F8B50024002B11D007000E0001
:1099100014001D002178B068B847B060002809D055
:10992000F06A401CF0620020641C6D1EF2D104003D
:109930002000F2BD0020C043F9E7F8B584B0040070
:109940000E002069B04204D303931B690A998B422D
:1099500001D2FEF7DDFF0092811B914200D20091FF
:109960000B990A9A9F1A8F4200D90F000099411A49
:109970000022D243D21B914201D3FEF7C9FF891BBB
:109980000191C119009A891A0291884203D20022DA
:109990002000FAF7B1FC039884421CD02000FAF7AB
:1099A00099FB05002000FAF795FB019AA919009B85
:1099B000C9188019C019FEF7EDFF0398FAF72CFCBF
:1099C0000A9945182000FAF785FB3A00290080190A
:1099D000FAF744FE89E00098B8421AD32000FAF75B
:1099E00079FB0A9945182000FAF774FB3A00290020
:1099F0008019FEF7CFFF2000FAF76CFB050020006E
:109A0000FAF768FB019AA919009BC9188019C019B7
:109A100069E00A9886421AD32000FAF75BFB05003A
:109A20002000FAF757FB019AA919009BC918801961
:109A3000C019FEF7AFFF2000FAF74CFB0A99451852
:109A40002000FAF747FB3A00290080194BE0009903
:109A5000711888421DD32000FAF73CFB0500200056
:109A6000FAF738FB019AA919009BC9188019C01987
:109A7000FEF790FF2000FAF72DFB05002000FAF713
:109A800029FB3A000A99C919009BC91A691880195B
:109A900029E02000FAF71EFB05002000FAF71AFB68
:109AA000009A0A9969188019FEF774FF2000FAF7E6
:109AB00011FB05002000FAF70DFB019AA919009B84
:109AC000C9188019C019FEF765FF2000FAF702FBDC
:109AD0000A9945182000FAF7FDFA00997A1AE9194F
:109AE0008019009BC018FEF755FF02992000FAF775
:109AF0006EFC200005B0F0BDA446521E08D30378CA
:109B00000C78401C491CA342F7D0181B64467047D0
:109B1000002064467047704710B50100264842682F
:109B20000B68D4431C400BD044681C4344601A406B
:109B30000A608168002901D1F8F76AFF012010BD91
:109B4000002010BDF8B50400EFF3108572B620793F
:109B5000002804D00020207185F310882AE0174FD8
:109B60001748006880003858818001261448016831
:109B700001208840216801432160114949688143DF
:109B80000F4841608068002802D10D48F8F740FF77
:109B90000B48006886402168314205D0B1432160FE
:109BA00085F310880020F2BD0021800038588180A4
:109BB00085F310880120F2BD140B0020F40A002068
:109BC000140B002010B5040001E006F0CBF92000D2
:109BD00006F012FA002805D1034800680028F4D0E6
:109BE0008047F4E710BD00BFA8580020704710B5AB
:109BF0000400FEF784FE01002000896A884710BD3A
:109C0000C9B2521E05D30378401C8B42F9D1401EC5
:109C100070470020704770470FB581B007F0E8FC2F
:109C20000A492122425001B00FBD0FB581B007F0A3
:109C3000DFFC06492222425001B00FBD80B507F07B
:109C4000D7FC0349401802BD00000000B4580020B2
:109C5000B4580020F0B484B000220F23029327E010
:109C6000AE402643009C2660634C2568DC432540BB
:109C70004E68F60200D51D435F4E3560756825407D
:109C80004F68BF0200D51D4375605C4D6D6825406F
:109C90004E68B60300D51D43584E756035682C409C
:109CA0004D68ED0302D525001C002C433460521C86
:109CB0000B681C00D4407BD0012595402B40F6D08A
:109CC00054000326A640F74301974E68B707BF0F1D
:109CD000012F03D0B607B60F022E0ED18668019F62
:109CE0003740CE68A6403E4386604668AE434D6826
:109CF000EF06FF0F9740374347600D79AD07AD0F73
:109D0000032D25D0C5680326019F2F408D68A540EF
:109D10003D43C5604D682E40022E19D1D508AD00D7
:109D200045192E6A039696001C2737406E463770F9
:109D3000039EB446029F6E463678B7406646BE43E1
:109D4000B4460F696E463678B740664637432F6291
:109D500007680326019D3D404F683740A7402F43C9
:109D600007604C6835042540A1D0254C9508AD000E
:109D700064190094009C2468D70018253D40029F78
:109D8000AF40BC43A027FF05B8420BD01D4FB842DF
:109D90000AD01D4FB84209D01C4FB84200D15FE72E
:109DA00005265DE700265BE7012659E7022657E70F
:109DB00004B0F0BC704700690840401E8041C043B9
:109DC000C00F7047002A01D08161704781627047DF
:109DD00070B5040025000E4E3068284003D0356071
:109DE0002000FDF7F1FB7068284003D0756020006B
:109DF000FDF706FC70BD000000180240801802400C
:109E0000601802400004005000080050000C005090
:109E10000C18024030B583B0364CFF202071002171
:109E20006171618020706170334DFA239B0096222E
:109E3000520040212800F9F781FA002836D1022289
:109E4000211D062000F042F80222A11C042000F08F
:109E50003DF802222100022000F038F80222A11D64
:109E6000002000F025F86420029002200190009468
:109E70000123022240212800F9F750F964200290C2
:109E800002200190A01C0090012304224021280000
:109E9000F9F744F96420029002200190201D0090FF
:109EA0000123062240212800F9F738F903B030BD1C
:109EB00018B583B00024642302930192009101231A
:109EC000020040210C48F9F729F90CE018B583B0DD
:109ED0000024642302930192009101230200402197
:109EE0000548F9F717F8002800D10124200004B034
:109EF00010BD00005C5700202454002030B4050041
:109F00004D400122D20715404B180418240E25D0CD
:109F10001B0E2CD0FF2C31D0FF2B34D0E41A0002C2
:109F200009021043114343084808D10D1B1A02D2FD
:109F3000641EDB181B18DB18834200D31B1A49412F
:109F4000F9D37F3423DDFF2C05DAE40548086041AE
:109F5000284330BC7047FF20C005F9E728001B0EDE
:109F600003D0FF2BF5D14902F3D0D043F1E7FF2C0A
:109F700001D14002F9D1FF20C005E9E74002F4D148
:109F8000FF2BF8D1F1E728004902E2D0EDE70B0200
:109F900000202442DCD15B129B1CD9D9D805D7E71D
:109FA00080B54268521C4260027D002A05D0022A18
:109FB00009D005D3032A09D001BD00F02EF801BD58
:109FC00000F048F801BD00F069F801BD00F092F81A
:109FD00001BD0178012903D10021017001207047E2
:109FE000002070470178022903D10021017001206F
:109FF0007047002070470178032903D100210170C8
:10A0000001207047002070470178042903D1002106
:10A010000170012070470020704710B5002916D04C
:10A0200041688268914214D3002141600124047583
:10A030000470407800280CD00122D103A020C00574
:10A04000FFF7C0FE27490C702748047010BD41601F
:10A05000017510BD80B54268002916D0C1688A42DA
:10A060001BD3002141600221017501704078002856
:10A0700013D001228903A020C005FFF7A3FE012011
:10A08000184A10701949087001BD81688A4204D3CA
:10A090000021416001750421017001BD80B5426855
:10A0A000002916D001698A421BD300214160032197
:10A0B000017501704078002813D00122D103A0203F
:10A0C000C005FFF77FFE0120064A1070084908709E
:10A0D00001BD81688A4204D30021416001750421D9
:10A0E000017001BD28590020295900202A5900205B
:10A0F0002B590020002902D000214160704741689F
:10A100008268914204D300214160017504210170ED
:10A11000704770470269002A06D000E01A005369B0
:10A12000002BFBD1516100E00161C86070470069FC
:10A13000002806D0002904D04069002801D0491E1B
:10A14000FAD17047002904D04069002801D0491E87
:10A15000FAD1704710B5040001212068FFF7F2FF23
:10A16000002807D001212068FFF7ECFF0100200044
:10A1700000F012F810BD10B5040000212068FFF7B0
:10A18000D6FF002807D000212068FFF7D0FF01008C
:10A19000200000F001F810BD38B5040021601E4D0C
:10A1A000280004F0B6FB280004F09EFB280004F011
:10A1B000A9FB002019490870206801688968884750
:10A1C0002100174802F0CEF931BD80B51548FFF7E0
:10A1D00000FF002804D014480068FFF7CCFF01BD41
:10A1E0001248FFF7F6FE002803D00F480068FFF77B
:10A1F000B1FF01BD0000000038B50400064D6168E4
:10A20000280000F021F8A168002900D109A1280048
:10A2100000F060F831BD00008C510020255900206D
:10A22000C4520020380B002034580020500B00206E
:10A2300070470000202020202020202020202020E7
:10A2400020202020000000000CB470B504000E0097
:10A2500004F0D3FA01220021200004F05EFB8021EB
:10A2600020000830F9F7AAFE25009C3504A82860D4
:10A27000024631002000083007F0BCF9144E2000DF
:10A280000830F9F753FF112807D200203070210061
:10A290000831200004F061FB16E03078002802D17C
:10A2A000E8800120307020000830E988405C0028F8
:10A2B00000D1E880E888411CE980102221000831A3
:10A2C0000918200004F033FB039870BC03B000476A
:10A2D000255900200CB470B504000E002500883507
:10A2E00011212800F9F76AFE20009C3004A90160C2
:10A2F0000A463100280007F07DF9200004F07DFABD
:10A3000002220021200004F008FB2900200004F0B4
:10A3100024FB039870BC03B00047F2B5040016009C
:10A320001D00079F11218830F9F748FE20009C305E
:10A3300008A901600A4639002000883007F05AF960
:10A34000200004F05AFA022268460178200004F046
:10A35000E4FA21008831200004F0FFFA02223100E3
:10A36000200004F0DAFA002D02D0012D04D006E01E
:10A37000200004F0B9FA02E0200004F0AEFA0698DA
:10A38000002802D0012804D0F1BD200004F0BAFA60
:10A39000F1BD200004F0AFFAF1BD704710B5040024
:10A3A0006423012290214748F8F7C8FF00280ED106
:10A3B0000121200000F088F87B220240A2710121D7
:10A3C000200000F0A7F8200000F06EF810BD01207A
:10A3D0006049487010BD70B504000025257000F07C
:10A3E0001CF8E060200000F01CF82061200000F064
:10A3F0002DF802002378E6683000216904F000FCA3
:10A4000001D8002305E01000310004F0F9FB00D86A
:10A41000012323706261180070BD38B5040000216B
:10A4200002E038B50400032100F096F8E080A0793E
:10A430000502E079054328B2FCF7D2FE0100EE20C8
:10A44000800502F037F8A060658032BD38B50400A1
:10A450000221E9E710B504008720C00502F02AF8C0
:10A46000FCF744FF608000040016A0716088E07172
:10A47000E08802B20321200000F093F810BD10B56F
:10A4800004008720C00502F015F8FCF72FFF60805C
:10A4900000040016A0716088E071E08802B2022119
:10A4A000200000F07EF810BD10B50400012100F07E
:10A4B0000BF87D220240FFE7A2710121200000F08D
:10A4C00029F810BDD0530020F0B583B005000E0070
:10A4D000204C464F6423012290213800F8F72EFFCC
:10A4E000002812D132006420029001200190681CE3
:10A4F0000090012390213800F8F710FE002805D0C5
:10A50000012060708020687001E001206070687830
:10A5100003B0F0BDF6B583B006000D000124347021
:10A52000324F6423012290213800F8F707FF0028FA
:10A530000ED12A0064200290019404A80090012307
:10A5400090213800F8F7E6FC002801D1002434708F
:10A5500046E00000AC57002078B583B004000D0041
:10A56000224E6423012290213000F8F7E7FE0028F4
:10A5700011D12A006420029002200190201D009039
:10A58000012390213000F8F7C9FD002804D00120F4
:10A590008021A18000E0012015494870A08804B006
:10A5A00070BDF6B583B006000D00012434700F4F66
:10A5B0006423012290213800F8F7C0FE00280FD153
:10A5C0002A00642002900220019004A80090012338
:10A5D00090213800F8F79EFC002801D10024347047
:10A5E00003484470307805B0F0BD0000D05300201F
:10A5F000AC570020C9B202788A4203D0401C002A1E
:10A60000F9D100207047704731B48B0707D00B7821
:10A610000370002B20D0401C491C8B07F7D1164C2F
:10A62000E501830722D104C9131B93432B4205D1B3
:10A6300004C004C9131B93432B42F9D0FF231A42D1
:10A64000027009D0120A1A42427005D0120A1A4248
:10A65000827001D0120AC27031BC70470270120AB7
:10A660004270120A8270120AC270001D04C9131BC4
:10A6700093432B42F2D0E1E70101010138B501001B
:10A680004A0012160023DB439A4246D04A000ED0FD
:10A690009520120E801A182804DB08008021090674
:10A6A000084004E0002801DDC140814008000100AD
:10A6B0000A0053000CD096241D0E641B182C03DBDB
:10A6C00080242406224003E0002C01DDE240A24069
:10A6D0000C0002D580252D062C1B002A02D58025D2
:10A6E0002D06AA1A944218D0002B0ED096201A0ECE
:10A6F000801A182804DB080080210906084004E0BD
:10A70000002801DDC14081400800C10F01D003498C
:10A7100001E0FE21890504F0E3F932BD000080BFAD
:10A7200000180ED2010E7F390BD449421F3105D4D7
:10A73000C0010122D2071043C84070470020401ECC
:10A740007047002070477047F8B584B08B48FFF71A
:10A7500040FC002804D08A480068FFF7FBFCB4E006
:10A760008848FFF748FC002800D1AEE0864C002264
:10A7700086492000FCF72BFB002285492000FCF7CE
:10A7800026FB0024834804608348046083480460F7
:10A7900083480460834804608348046083480460FD
:10A7A00003940427824807800125824EFA239B00E8
:10A7B00096225200A0218048F8F7C0FD002814D14D
:10A7C000FA20800002907A480088019003A8009047
:10A7D00002232A22A0217848F8F79CFB002804D104
:10A7E0003470052001F0F4FF00E035706A4800681D
:10A7F000039072480780FA239B0096225200A02102
:10A800006D48F8F79BFD002814D1FA2080000290D3
:10A810006A480088019003A8009002232E22A021FC
:10A820006548F8F777FB002804D13470052001F063
:10A83000CFFF00E035705948006803908F480780CB
:10A84000FA27BF003B0096225200A0215A48F8F791
:10A8500075FD002812D1029788480088019003A84E
:10A86000009002233222A0215348F8F753FB00281E
:10A8700004D13470052001F0ABFF00E0357048488A
:10A880000168904801F0FCFE464801688E4801F0DE
:10A890004FFF454801688D4806F0C6FE43480168F1
:10A8A0008B4806F0EDFE684638490422F9F7D6FEDB
:10A8B0000099884806F010FF684635490422F9F7E8
:10A8C000CDFE0099844806F033FF05B0F0BD38B5E1
:10A8D000824C41682000FFF7B7FC2E48D7E0F8B55E
:10A8E00084B0042632480680FA27BF003B00962237
:10A8F0005200A0213048F8F721FD002810D102971E
:10A900002B480088019003A8009002232A22A0214E
:10A910002948F8F703FC401E8041C043C00F00E007
:10A920000120244D28701B4803990160002923D57C
:10A930000024046003941E4806801F4E3B009622AC
:10A940005200A0213000F8F7F9FC002812D102973C
:10A9500017480088019003A8009002232A22A02112
:10A960003000F8F7D7FA002804D12C70052001F048
:10A970002FFF01E00120287005B0F0BD380B00204A
:10A9800034580020680B0020985500201C580020E7
:10A9900020580020F4570020F8570020FC570020D2
:10A9A00004580020085800200C580020105800209F
:10A9B000D0580020AC570020D0530020D25800209F
:10A9C000F8B584B04648FFF704FB002804D045489A
:10A9D0000068FFF7BFFB4FE04348FFF70CFB002880
:10A9E0004AD0424C0022B5492000FCF7F0F9002281
:10A9F0003F492000FCF7EBF900243E480460B048D2
:10AA00000460B048046003940420AF490880AF4D4F
:10AA1000AF4FFA26B600330096225200A02138002C
:10AA2000F8F78CFC002812D10296A7480088019004
:10AA300003A8009002232E22A0213800F8F76AFA1A
:10AA4000002804D12C70052001F0C2FE01E0012095
:10AA500028709B4801681B4801F012FE9948016864
:10AA60001A4806F0E1FD684694490422F9F7F6FD1C
:10AA70000099184806F030FE05B0F0BDD45800200B
:10AA800038B5164C41682000FFF7DEFB1948006816
:10AA9000FCF7A6FB05008F480088FCF791FB01003E
:10AAA0002800FFF72BFAFCF7A7FB02000B008A48EF
:10AAB000BD4909780B25694341182000FFF70AFCBE
:10AAC00031BD0000D6580020D8580020DA580020A8
:10AAD000DC580020E2580020E45800208C5100206F
:10AAE000380B002034580020680B002098550020B7
:10AAF00020580020F8570020F8B584B0042072498F
:10AB000008800124724EFA25AD002B0096225200D7
:10AB1000A0213000F8F712FC002810D102956A48F5
:10AB20000088019003A8009002232E22A02130006B
:10AB3000F8F7F4FA401E8041C043C00F00E0012046
:10AB40006249087003989949086004209849088070
:10AB50002B0096225200A0213000F8F7EFFB0028CE
:10AB600010D1029592480088019003A8009002231A
:10AB70003A22A0213000F8F7D1FA401E8041C043AC
:10AB8000C00F00E001205149087003984C4908604B
:10AB90000420884908802B0096225200A021300012
:10ABA000F8F7CCFB002810D102958248008801906C
:10ABB00003A8009002234222A0213000F8F7AEFA49
:10ABC000401E8041C043C00F00E001203F4F38705D
:10ABD00003983C4908600420774908802B0096229E
:10ABE0005200A0213000F8F7A9FB002810D10295EF
:10ABF00071480088019003A8009002235222A021EE
:10AC00003000F8F78BFA401E8041C043C00F00E0CF
:10AC100001203870294803A90422F9F71FFD634871
:10AC20000068002807D426480068002803D4254877
:10AC3000006800283FD5002220496048FCF7C7F88B
:10AC400000205A4908601E4908601E4908600390A8
:10AC500004201D4908802B0096225200A0213000BC
:10AC6000F8F76CFB002812D1029517480088019074
:10AC700003A8009002232E22A0213000F8F74AF901
:10AC8000002804D13870052001F0A2FD00E03C70DE
:10AC90000B480168464801F0F3FC0A480168454842
:10ACA00006F0C2FC684605490422F9F7D7FC009972
:10ACB000414806F011FD05B0F0BD00001C58002011
:10ACC000045800200C580020D2580020AC57002017
:10ACD000D05300200E590020E8A90108F8B584B02F
:10ACE0003748FFF776F9002804D0A7480068FFF737
:10ACF00031FA4FE0A548FFF77EF900284AD02F4CE3
:10AD00000022A3492000FCF762F80022AE4920008F
:10AD1000FCF75DF800249F480460AC480460AC4830
:10AD2000046003940420AB490880AB4DAB4FFA2676
:10AD3000B600330096225200A0213800F8F7FEFA40
:10AD4000002812D10296A3480088019003A8009021
:10AD500002233222A0213800F8F7DCF8002804D1C1
:10AD60002C70052001F034FD01E001202870974887
:10AD700001689F4801F0DCFC954801689D4806F099
:10AD80007FFC684690490422F9F768FC0099C348A3
:10AD900006F0CEFC05B0F0BD38B5974C41682000F8
:10ADA000FFF752FA7B4872E613590020F85700204B
:10ADB000D6580020DA580020E2580020985500208C
:10ADC000380B0020F8B584B00420824908800124A3
:10ADD000824EFA25AD002B0096225200A0213000B1
:10ADE000F8F7ACFA002810D102957A480088019053
:10ADF00003A8009002233222A0213000F8F78EF938
:10AE0000401E8041C043C00F00E00120724908701D
:10AE10000398604908600420754908802B00962239
:10AE20005200A0213000F8F789FA002810D10295CD
:10AE30006F480088019003A8009002233E22A021C1
:10AE40003000F8F76BF9401E8041C043C00F00E0AE
:10AE500001206149087003985C4908600420654935
:10AE600008802B0096225200A0213000F8F766FAE5
:10AE7000002810D102955F480088019003A8009037
:10AE800002234622A0213000F8F748F9401E8041F5
:10AE9000C043C00F00E001204F4F387003984C4969
:10AEA000086004207D4908802B0096225200A021D2
:10AEB0003000F8F743FA002810D10295774800884F
:10AEC000019003A8009002235622A0213000F8F739
:10AED00025F9401E8041C043C00F00E001203870BA
:10AEE000394803A90422F9F7B9FB2A480068002869
:10AEF00007D436480068002803D435480068002885
:10AF00003FD5002230498548FBF761FF00202149E9
:10AF100008602E4908602E490860039004202D49DE
:10AF200008802B0096225200A0213000F8F706FA84
:10AF3000002812D1029527480088019003A80090AC
:10AF400002233222A0213000F7F7E4FF002804D1C9
:10AF50003870052001F03CFC00E03C701B480168A3
:10AF6000234801F0E5FB1A480168224806F088FBF7
:10AF7000684615490422F9F771FB0099474806F025
:10AF8000D7FB05B0F0BD000034580020680B00204E
:10AF90001C580020FC57002080B57B48FFF719F8AB
:10AFA000002804D079480068FFF7D4F801BD78483C
:10AFB000FFF721F8002806D0002090490860002102
:10AFC0008F4806F0E1FB01BD205800200858002002
:10AFD00010580020D4580020AC570020D053002037
:10AFE00038B5054C41682000FFF72EF983484EE53F
:10AFF000D8580020DC5800208C510020F8B584B0CF
:10B0000004267F480680FA27BF003B0096225200A4
:10B01000A0217C48F8F792F9002810D102977848CF
:10B020000088019003A8009002233622A0217548D1
:10B03000F8F774F8401E8041C043C00F00E00120C3
:10B04000714D28706D4803990160002923D50024B3
:10B05000046003946A4806806A4E3B0096225200C0
:10B06000A0213000F8F76AF9002812D1029764484D
:10B070000088019003A8009002233622A02130000E
:10B08000F7F748FF002804D12C70052001F0A0FB41
:10B0900001E00120287005B0F0BD0000E458002058
:10B0A0007CB504003848FEF794FF002800D066E025
:10B0B0005648FEF7A0FF00281ED001202076544CF1
:10B0C000002221001548FBF782FE524E524D28689F
:10B0D000306000202860684621000422F9F7BEFA9B
:10B0E00000994E4806F0F8FA29684D4801F0C8FA70
:10B0F00031684C4806F098FA73BD4CE070B584B0E6
:10B10000494C017E002901D1416800E047492000F7
:10B11000FFF79AF83E4D404850E000009855002057
:10B1200000BF70477CB504001748FEF752FF0028A7
:10B1300000D024E03548FEF75EFF00281ED0012035
:10B1400020763B4C002221003A48FBF740FE3A4E65
:10B150003A4D2868306000202860684621000422AB
:10B16000F9F77CFA0099364806F0E2FA2968354882
:10B1700001F0DEFA3168344806F082FA73BD034804
:10B180000068FEF7E7FF73BD380B0020345800203D
:10B19000680B002000BF0100087E00220A7670477D
:10B1A00070B584B0204C017E002901D1416800E0D7
:10B1B0002AA12000FFF748F81D4D20480068FCF741
:10B1C0000FF8060021480088FBF7FAFF0100300065
:10B1D000FEF794FEFCF710F802900391E8780090D7
:10B1E0006B78AA781A481B490978192569434118D0
:10B1F0002000FFF76FF804B070BD00000058002079
:10B20000FE580020D0530020AC570020500B0020E7
:10B210001C5800200C58002004580020E258002040
:10B22000D6580020DA5800208C5100205CB200086B
:10B230002058002098550020105800200858002061
:10B24000E4580020D8580020DC5800200E59002077
:10B2500068A201081359002000BF70472020202059
:10B2600049CDCAC0D1C0D649DF20C7C0CA49CDD751
:10B27000C5CDC0202000000038B505006748FEF7A6
:10B28000A8FE002824D0A14800214156062904D058
:10B29000092904D00E2905D031BD092100E00E2175
:10B2A000017031BDA04800214056002801D107207F
:10B2B00000E0C0B22876A34C2068CA214162532125
:10B2C00041620022290018312000FBF730FD1FE108
:10B2D0009D48FEF77EFE002821D08C480021405674
:10B2E000062804D009280AD00E2810D03BE0A87EFA
:10B2F000401CC1B2202900DB0120A87633E0687E23
:10B30000401CC1B20D2900DB012068762BE0E87EED
:10B31000401CC1B2642900DB1520E87623E08B488D
:10B32000FEF757FE002823D0784800214056062813
:10B3300004D0092809D00E280ED014E0A87E401EA3
:10B34000010600D11F20A8760DE0687E401E010690
:10B3500000D10C20687606E0E87E401EC1B21529B7
:10B3600000DA1520E87600956946794801F0FAF888
:10B3700031BD000038B586B00400684621001831A0
:10B380000422F9F76BF900997248FBF7F1F8724D56
:10B3900061682800FEF758FFE07EFA21C9004018D6
:10B3A0000590607E0490A07E039000BF0AA05E49D5
:10B3B000002289564A005118401802900CA00190B2
:10B3C0000120009001235148027800212800FEF757
:10B3D000A4FF07B030BD0000CDE400CFED00C2F205
:10B3E00000D1F000D7F200CFF200D1E10000000060
:10B3F000202573202025322E32642D25322E3264F2
:10B400002D25342E3464200080B506213F4A11706A
:10B410001830A8490422F9F721F901BD380B0020A2
:10B4200038B505009448FEF7D4FD00281BD03748F6
:10B4300000214156052904D0082904D00B2905D044
:10B4400031BD082100E00B21017031BD3D4C206869
:10B45000CA21416253214162002229001831200093
:10B46000FBF7D3FB54E03848FEF7B3FD002821D0AA
:10B47000264800214056052804D008280AD00B2869
:10B4800010D03DE0287E401CC1B2182900DB00200E
:10B49000287635E0687E401CC1B23C2900DB0020E4
:10B4A00068762DE0A87E401CC1B23C2900DB00205C
:10B4B000A87625E02548FEF78CFD002825D0134806
:10B4C00000214056052804D008280AD00B2810D0A7
:10B4D00016E0287E002802D0401E287610E01720B3
:10B4E000FBE7687E002802D0401E687608E03B201B
:10B4F000FBE7A87E002801D0401E00E03B20A87694
:10B5000000956946124801F02DF831BD43590020DD
:10B51000002801D0FBF72AFEFF20216848629C48E2
:10B520000068FEF717FE31BD4959002030B5A6E08E
:10B5300080B50521974A1170183097491422F9F700
:10B5400073F801BD98550020680B0020500B0020B7
:10B55000C4520020980500208C5100201CB5040026
:10B560004548FEF736FD002833D08A480021415671
:10B57000052904D0082904D00B2905D013BD0821C2
:10B5800000E00B21017013BD207EE1210901484339
:10B59000617E0A01511A89004018A17E4118FA20E3
:10B5A00080004143A848814206D2E1620021217611
:10B5B00002226276A1760100E1622100183183B097
:10B5C00068461422F9F730F80EBCA04806F008F9D6
:10B5D0008AE19F48FEF7FDFC002821D06D4800213C
:10B5E0004056052804D008280AD00B2810D03DE08A
:10B5F000207E401C2076C0B2182837DB217635E04B
:10B60000607E401C6076C0B23C282FDB61762DE066
:10B61000A07E401CA076C0B23C2827DBA17625E0A6
:10B620008C48FEF7D6FC002825D05A480021405609
:10B63000052804D008280AD00B2810D016E0207E58
:10B64000002801D0401E00E0172020760EE0607E2A
:10B65000002801D0401E00E03B20607606E0A07E7E
:10B66000002801D0401E00E03B20A07600946946EF
:10B67000A54800F077FF13BD380B002030B585B02A
:10B680000500A24C69682000FEF7DEFDA87E04904C
:10B69000687E0390287E02909D48019001200090D2
:10B6A00001233C48027800212000FEF736FE05B059
:10B6B00030BD000030580020F8B588B006000025E5
:10B6C0000024052033490870142060490880FA27B7
:10B6D000BF003B0096225200A0218E48F7F72EFEB5
:10B6E000002810D1029759480088019003A80090C3
:10B6F0000223DC22A0218748F7F710FD401E80417D
:10B70000C043C00F00E001208349087030001830AA
:10B7100003A91422F8F788FF307EFF2801D01828EB
:10B7200001DB35760124707EFF2801D03C2802DB46
:10B73000022070760124B07EFF2801D03C2801DB76
:10B74000B5760124307EE12109014843717E0A016A
:10B75000511A89004018B17E401878433A4988420E
:10B76000F06205D2357602207076B576F16201E09E
:10B77000002C0AD03100183183B068461422F8F743
:10B7800053FF0EBC314806F02BF809B0F0BD0000A5
:10B790003458002043590020F4560020C06A7047F6
:10B7A000F8B584B0042693480680FA27BF003B0012
:10B7B00096225200A0215748F7F7C0FD002810D16B
:10B7C00002978C480088019003A800900223D92298
:10B7D000A0215048F7F7A2FC401E8041C043C00F93
:10B7E00000E001204C4D28708348039901700178D6
:10B7F000FF2901D03D2922DB0124047003947D48F8
:10B800000680444E3B0096225200A0213000F7F7FC
:10B8100095FD002812D1029776480088019003A870
:10B8200000900223D922A0213000F7F773FB0028F3
:10B8300004D12870052000F0CBFF00E02C7006201A
:10B84000AB49087005B0F0BDC0D401000859002014
:10B85000680B0020500B00201CB504009E48FEF72A
:10B86000B8FB002805D064480178624805F0E8FF7D
:10B870003AE0A048FEF7ADFB002815D19E48FEF740
:10B88000A8FB002828D113BD012004E05A490878FC
:10B890003C28F9DA401C0870FA20F7F7F1F8009418
:10B8A0006946194800F05EFE802109019348FEF7C1
:10B8B00082FA0028EAD0E3E23C2104E04E48017815
:10B8C0000029F9D0491E0170FA20F7F7D9F8009441
:10B8D00069460D4800F046FE4021A020C005FEF755
:10B8E0006AFA0028EAD0E6E7B0480068FEF732FCC2
:10B8F00013BD30B583B00500044C69682000FEF725
:10B90000A3FC3D480078CFE2C45200208C510020B7
:10B9100018BD0008D0530020AC57002070B588B087
:10B92000082073490870A24E14203080A14DFA24DB
:10B93000A400230096225200A0212800F7F7FEFC65
:10B9400000280FD102943088019003A800900223B0
:10B950005A22A0212800F7F7E1FB401E8041C04396
:10B96000C00F00E0012094490870944C200003A906
:10B970001422F8F759FE207840B200280DD46178DF
:10B9800049B2002909D4A27852B2002A05D4182855
:10B9900003DA3C2901DA3C2A0DDB20001421F8F7F8
:10B9A0000DFB210083B068461422F8F73DFE0EBC63
:10B9B000300005F071FF207840B200280BDD002038
:10B9C0002070210083B068461422F8F72DFE0EBCCB
:10B9D000300005F061FF2078E121090148436178DA
:10B9E0000A01511A89004018A1784018744908606A
:10B9F00008B070BD02590020195900201CB5040080
:10BA00003548FEF7E6FA002822D039480021415691
:10BA1000082902D00B2903D013BD0B21017013BDDF
:10BA200066490878E122120150434A7813019A1AB4
:10BA3000920080188A788018614A106083B0684646
:10BA40001422F8F7F1FD0EBC594805F025FF4BE72D
:10BA50002848FEF7BEFA002819D025480021405694
:10BA6000082802D00B2809D02FE054484178491CFF
:10BA7000CAB20A2A00DB0021417026E04F488178D3
:10BA8000491CCAB23C2A00DB002181701DE01A4823
:10BA9000FEF79FFA00281DD01548002140560828BF
:10BAA00002D00B2809D010E044484178002902D088
:10BAB000491E417009E00921FBE7404881780029CF
:10BAC00001D0491E00E03B21817000946946C248C4
:10BAD00000F048FD13BD0000380B002018B585B0FC
:10BAE0008B4C41682000FEF7AFFB3448FCE00000BF
:10BAF00043590020680B0020500B00200004005028
:10BB000070B588B005202F490870824E142030800F
:10BB1000284DFA24A400230096225200A0212800D8
:10BB2000F7F70CFC00280FD102943088019003A88D
:10BB3000009002236E22A0212800F7F7EFFA401EA2
:10BB40008041C043C00F00E001201B490870A34C96
:10BB5000200003A91422F8F767FD207840B21828C6
:10BB600007D2607840B23C2803D2A07840B23C288B
:10BB70000DD320001421F8F721FA210083B0684684
:10BB80001422F8F751FD0EBC300005F0B5FE207808
:10BB9000E1210901484361780A01511A89004018DE
:10BBA000A1784018B949086008B070BD3458002029
:10BBB000E6580020D0530020AC57002090560020BB
:10BBC00060580020435900201CB504008448FEF74B
:10BBD00000FA002826D0A94800214156052904D0A2
:10BBE000082904D00B2905D013BD082100E00B2142
:10BBF000017013BD79490878E122120150434A7857
:10BC000013019A1A920080188A7880189F4A10604F
:10BC100083B068461422F8F707FD0EBC3D4805F0D6
:10BC20006BFE61E69A48FEF7D4F9002824D09348C9
:10BC300000214056052804D008280BD00B2812D02C
:10BC400043E066480178491CCAB2182A00DB00218B
:10BC500001703AE061484178491CCAB23C2A00DBD5
:10BC60000021417031E05D488178491CCAB23C2A0C
:10BC700000DB0021817028E09448FEF7AAF9002833
:10BC800028D07E4800214056052804D008280BD033
:10BC90000B2812D019E051480178002902D0491E22
:10BCA000017012E01721FBE74C484178002902D0CF
:10BCB000491E417009E03B21FBE748488178002993
:10BCC00001D0491E00E03B21817000946946424842
:10BCD00000F048FC13BD000018B585B00C4C41685D
:10BCE0002000FEF7B1FA3D48817804914178039134
:10BCF0000078029008A001900120009001235F4885
:10BD0000027800212000FEF708FB06B010BD0000FD
:10BD10008C510020E85800202020202025322E328F
:10BD2000643A25322E32642E25322E3264202020B1
:10BD300020000000F8B584B0042687480680FA2762
:10BD4000BF003B0096225200A0218448F7F7F6FA84
:10BD5000002810D1029780480088019003A8009025
:10BD600002232622A0217D48F7F7D8F9401E804102
:10BD7000C043C00F00E00120794D28707948039935
:10BD80000160B94223D900240460039472480680FC
:10BD9000724E3B0096225200A0213000F7F7CEFAF7
:10BDA000002812D102976C480088019003A80090E7
:10BDB00002232622A0213000F7F7ACF8002804D196
:10BDC0002C70052000F004FD01E0012028700A20FD
:10BDD0002A49087005B0F0BDC4520020A4560020C6
:10BDE000380B00201CB504005F48FEF7F2F800286D
:10BDF00005D05C480168584805F0D2FD74E5244838
:10BE0000FEF7E7F8002817D13048FEF7E2F80028DF
:10BE10002BD113BD002006E052490868FA22920097
:10BE20009042F7DA401C0860FA20F6F729FE0094E9
:10BE30006946B54800F096FB802109018F48FDF75F
:10BE4000BAFF0028E8D01BE0FA21890004E0454849
:10BE500001680029F8D0491E0160FA20F6F710FEAB
:10BE600000946946A84800F07DFB4021A020C00551
:10BE7000FDF7A1FF0028EAD0E5E7000043590020C4
:10BE800000946946A04800F06DFB13BD5C5800208B
:10BE9000680B002030B583B00500794C696820003C
:10BEA000FEF7D2F92F4800680290A868019001209F
:10BEB000009001239548027800212000FEF72DFA1A
:10BEC00003B030BD0620914908707047500B002028
:10BED0001CB504002448FEF77CF800280CD08C48E0
:10BEE00000688A4900228956062901D1894900E063
:10BEF0008949FEF751F913BD8848FEF76AF8002812
:10BF00000DD0824800214156062901D1082100E0C8
:10BF100006210170009469467B4800F023FB13BDA5
:10BF20001CB5574C41682000FEF78EF905A0019022
:10BF30000120009001237548027806212000FEF7B9
:10BF4000ECF913BDD22FCD0000200021744A03C2AA
:10BF500001209D4908707047CE580020D053002022
:10BF6000AC570020F0570020380B0020F8B584B003
:10BF700005009648FEF72DF8002847D00024924887
:10BF80000470280000F04EF9B44804709048047022
:10BF900090484178FD220A4042700122411C032052
:10BFA000FDF794FF5E4803C8002901D1002828D07E
:10BFB0000390042097490880039897490860974D9B
:10BFC000974FFA26B600330096225200A02138007F
:10BFD000F7F7B4F9002812D102968E480088019034
:10BFE00003A8009002234A22A0213800F6F792FF0E
:10BFF000002804D12C70052000F0EAFB01E00120AC
:10C00000287043480068FEF7A5F835E04348FDF77F
:10C01000E0FF002803D092480078002808D191481A
:10C02000FDF7D7FF00280AD08D480078002806D0F9
:10C0300000208B4908700021394A03C21CE08A485D
:10C04000FDF7C7FF002817D084480178002909D1DF
:10C050008649097800290FD101210170280000F0DC
:10C06000BBF809E000210170280000F0DBF8009522
:10C070006946254800F076FA05B0F0BD000400508E
:10C080008C51002080B579490978754A12780B00E7
:10C09000134319D14168CD48FEF7D6F84D48417891
:10C0A0006E4A1278002A06D1494A1278012A02D033
:10C0B000FD220A4001E002220A4342700122411C93
:10C0C0000320FDF703FF16E0002A01D015A102E0CE
:10C0D000002910D018A1BD48FEF7B6F83D484178B8
:10C0E000FD220A4042700122411C0320FDF7EEFEB2
:10C0F00000205A4908700A480CC800BF13A1B34871
:10C10000FEF7E8F801BD0000C452002043590020AA
:10C1100034580020E8040020AC090020680B0020FF
:10C12000B857002020CFCECCC8CBCAC020CDC0CBC2
:10C13000C8C2D32000000000CF49C4C3CED2CEC2B3
:10C14000CAC020C2CEC4C820000000002020202089
:10C150004E203D2025342E346C6420202020000009
:10C160003E490978002900D1704780B53C490978DB
:10C17000002902D000F056F801BDEFF3108072B62E
:10C1800093490A79012A00D0002280F31088002AFE
:10C1900018D0EFF3108072B600220A7180F3108875
:10C1A000EFF3108172B68B482022037AD21A81F302
:10C1B0001088120606D08849096809680091694606
:10C1C00000F0D0F901BD000034590020380B0020E8
:10C1D000275900205C57002080B502207F490A685B
:10C1E000024002D14A68024001D008604860052040
:10C1F00000F034F9EFF3108072B67949096980F3E1
:10C20000108878480160012291027748FDF7DAFD35
:10C2100001BD0000DE58002014580020AC5700205B
:10C22000D053002080B500200C4908706F4803C827
:10C230006F4A03C200228021C9006B48FDF7C2FD8E
:10C24000022066490A68024002D14A68024001D0D1
:10C2500008604860052000F001F901BD3159002057
:10C260002E590020500B0020E00B002035590020F3
:10C27000F8B584B004255F4805805F4FFA26B60004
:10C28000330096225200A0213800F7F757F8002813
:10C2900010D1029657480088019003A8009002230D
:10C2A0004A22A0213800F6F739FF401E8041C043E2
:10C2B000C00F00E00120514C2070514803990160EB
:10C2C000491E504A914223D3E12149000160039164
:10C2D00048480580330096225200A0213800F7F725
:10C2E0002DF8002812D1029642480088019003A838
:10C2F000009002234A22A0213800F6F70BFE002806
:10C3000004D12070052000F063FA01E001202070C4
:10C310000B203D49087005B0F0BD38B504003B481E
:10C32000FDF757FE002806D035480168314805F072
:10C3300063FBFFF7F4F83648FDF74BFE0028254D68
:10C3400011D13448FDF745FE002827D131BD2C48D6
:10C350000168491C01607D20F6F792FB0094694654
:10C36000280000F0FFF8802109011F48FDF723FD98
:10C370000028ECD000946946280000F0F3F831BDA5
:10C380001F480168002901D0491E01607D20F6F791
:10C3900077FB00946946284600F0E4F84021A0208D
:10C3A000C005FDF708FD0028EAD00094694628463C
:10C3B000E3E730B583B00500044C69682000FDF761
:10C3C00043FF0F48006800B26EE500008C5100206A
:10C3D0007C570020C4520020345800200C18024022
:10C3E000140B00207858002000040050B85700209B
:10C3F000C0570020DE580020D0530020AC5700204A
:10C40000145800200F27000043590020380B00204B
:10C41000680B0020500B002010B4C30018221A40F3
:10C42000FF249440E3438907090E9140020004D49D
:10C430001A4892089200801806E0194A0007000F77
:10C440000838800880001018026813401943016002
:10C4500010BC704780B5FFF7DFFF01BD010005D4B8
:10C460000121C006C00E81400E48016070470100E6
:10C4700009D40121C006C00E81400B480160BFF302
:10C480004F8FBFF36F8F7047BFF34F8F0748084937
:10C490000860BFF34F8F00BFFDE7000000E400E03D
:10C4A0001CED00E000E100E080E100E00400FA059E
:10C4B0000CED00E030B405004D400122D2071540DC
:10C4C0004B180418240E2ED01B0E32D0FF2C34D063
:10C4D000FF2B3AD0E4180002090210431143000A6E
:10C4E000090A9446C2B24A43000AC3B24B43000A47
:10C4F0004843110A5B181A43D2B2190A091801D429
:10C500004918641E080A7F3C23DBFE2C08DAE40588
:10C5100009061143634699416041284330BC704786
:10C52000FF20C005F9E728001B0EFF2BF6D1D043F2
:10C53000F4E72800FF2CF1D1F9E74002F7D1FF2BF7
:10C5400001D14902F3D1E005E7E7D8054902E4D07B
:10C55000EDE743020020641CDFD15B129B1CDCD999
:10C56000D805DAE7BAB5EFF3108772B6174D0400B5
:10C570000EE0296801208840216801432160696834
:10C5800081436960A868002802D12800F6F740FAC4
:10C59000207A4142C9B2E029EBD0202810D000987F
:10C5A000A17A890061180068C860A07A401CA07256
:10C5B000207A401C2072A07A202801D10020A0728D
:10C5C000201DFDF7A9FA87F31088B3BD140B0020D6
:10C5D000F3B583B0070004203880114C114EFA25C2
:10C5E000AD002B0096225200A0213000F6F7A6FEE7
:10C5F000002811D102953888019004A800900223E8
:10C600002A22A0213000F6F785FC002804D12070F2
:10C61000052000F0DDF801E00120207005B0F0BD3C
:10C62000AC570020D0530020F3B583B0070004209E
:10C630003880114C114EFA25AD002B009622520085
:10C64000A0213000F6F77AFE002811D10295388833
:10C65000019004A8009002232E22A0213000F6F7BA
:10C6600059FC002804D12070052000F0B1F801E049
:10C670000120207005B0F0BDAC570020D053002041
:10C68000F3B583B0070004203880114C114EFA2511
:10C69000AD002B0096225200A0213000F6F74EFE8E
:10C6A000002811D102953888019004A80090022337
:10C6B0003A22A0213000F6F72DFC002804D120708A
:10C6C000052000F085F801E00120207005B0F0BDE4
:10C6D000AC570020D0530020F3B583B007000420EE
:10C6E0003880114C114EFA25AD002B0096225200D5
:10C6F000A0213000F6F722FE002811D102953888DB
:10C70000019004A8009002233222A0213000F6F705
:10C7100001FC002804D12070052000F059F801E048
:10C720000120207005B0F0BDAC570020D053002090
:10C73000F2B586B0070004203880002603960496E0
:10C740000596042103A805F083F9002806D00421EA
:10C750000398F7F731FC0498001D04903A8806A965
:10C760000398F7F77BFF0024174D04E02E70052097
:10C7700000F02EF8641C388884421FDAFA239B00EC
:10C7800096225200A0211148F6F7D8FD002802D0C9
:10C7900001202870EEE7FA2080000290012001902D
:10C7A000039800190090022322003E3292B2A02189
:10C7B0000648F6F7AFFB0028D8D0E9E703A805F054
:10C7C00059F907B0F0BD00BFAC570020D05300208E
:10C7D00038B50400FCF70EF805000020C043844281
:10C7E00002D0044800782418FCF704F8401BA0424B
:10C7F000FAD331BD280B0020F0B585B006003469AE
:10C8000020000C21F7F703FE8100411A890061180E
:10C8100001D50C31401E00286BD5726980231B06A0
:10C820001B1A9A426BDB72691018009005F048F9E8
:10C8300071680491B168039131680291334FB42556
:10C84000ED000099FF226E3251434018F168411803
:10C85000009103981821F7F7DAFD00990918009163
:10C8600004982900F7F7D3FD009909180091029860
:10C870003900F7F7CCFD0099081825494018C11771
:10C880003A46002302F0B6F800900191039818216F
:10C89000F7F7BDFDE120000141430C000498290099
:10C8A000F7F7B5FD0801401A8000241802983900F6
:10C8B000F7F7ADFD6418E5170098019924184D416C
:10C8C000306A009022002B00300005F049F9306AF0
:10C8D000002805DD200029000EA430CC24184D418D
:10C8E00005F002FAC117241A8D412000290005B075
:10C8F000F0BD98DD094A121A73699A4293DA01A0D1
:10C9000003C8F4E7FFFFFFFFFFFFFFFF80510100B7
:10C91000209CFFFFF0F1FFFFFFFFFFFFFFFFFF7F06
:10C920007CB504000026002500950023002230215C
:10C9300005F0F2F96420F6F7A3F80095002303222E
:10C940003021200005F0E8F9200005F054FA002815
:10C9500035D1A14800680088C0B206282FD1200038
:10C9600005F0C4F9200000F02CF8002827D02000A2
:10C9700005F0BCF9A08C010A22681170216848708A
:10C9800002200090236802223021200005F0C4F923
:10C99000200005F030FA002811D1200005F0A6F99A
:10C9A000200000F04AF8002809D0200005F09EF988
:10C9B000200000F072F8002801D02676012528001A
:10C9C00076BD7CB5040000200090002301223021B8
:10C9D000200005F0A1F9200005F00DFA00282AD169
:10C9E00021001C317C4A04E06D005B5B0B70401C35
:10C9F000491C13685568ED1A6E10751EA84204D2C2
:10CA00000500B542F0D3FBF783FFE07F641CE17FB4
:10CA1000641E0906090C0843000A6083E07F641C59
:10CA2000E17F641E0906090C0843618B000208437C
:10CA30006083012076BD002076BD1CB50400012076
:10CA4000009066A307223021200005F065F9200040
:10CA500005F0D1F9002811D1210038315E4A04E0F7
:10CA600044001B5B0B70401C491C13685468E41A9B
:10CA70006410641EA042F3D3012016BD002016BD31
:10CA80001CB50400080AE3681870E0684170100AD9
:10CA9000E1688870E068C2702CE058B5002100237E
:10CAA0000400273401229A402678002E02D19143B7
:10CAB0000A0000E00A435B1C01269E4061780029C1
:10CAC00002D11100B14301E0310011435B1CA41CF1
:10CAD000102BE7DB8AB289B2FFF7D2FF52BD1CB53B
:10CAE00004000020E1680870E1684870E16888701F
:10CAF000E168C870E3682069C01A80B2009004221F
:10CB00003021200005F008F9200005F074F9401EDE
:10CB10008041C00F16BD13B504000120009001AB89
:10CB200005223021200005F0F7F8EDE738B50400C4
:10CB300000200090002303223021200005F0ECF8B3
:10CB4000200005F058F9050041D1200005F0CEF88D
:10CB5000214800680088C0B201062CD5F0220240AE
:10CB6000802A0AD0902A16D0A02A21D0B02A1FD01D
:10CB7000C02A1AD0F02A1BD029E00007000F201885
:10CB80002721405C618B48431549086000202076CE
:10CB90000120144919E0207E002819D101202076B7
:10CBA00001212000FFF7B7FF12E0002020760EE001
:10CBB000002020760CE0401E012804D9C01E02D0BF
:10CBC0003C3804D004E000200749087000E000BFB2
:10CBD000280032BD000000001C57002000000000AB
:10CBE000805800204D5900204C5900201CB50400ED
:10CBF00000204E2160540090002300222178200064
:10CC000005F08AF86420F5F73BFF00200090002330
:10CC100002222178200005F07FF8200005F0EBF8D3
:10CC200000280BD1854800680188090606D1408894
:10CC300080214900884201D1012016BD002016BD87
:10CC400030B583B00400002501A8057003214170B0
:10CC5000102181700221C170012101710520009015
:10CC600001AB01222178200005F056F8200005F0E4
:10CC70003DF8200005F0BFF8002819D16F48016881
:10CC80000988C9B2012913D1A11C04E06B00D25A52
:10CC90000A706D1C491C026843689B1A5C10631E75
:10CCA0009D4203D2A542F1D3FBF732FE012000E002
:10CCB000002003B030BD38B5040008001500012184
:10CCC0004F22A1542100503105F0ACF8210054311D
:10CCD000280005F0A7F80520009023004F3301221B
:10CCE0002178200005F018F831BD38B58AB004006D
:10CCF00001A82421F7F762F91E20009001AB07225A
:10CD00002178200005F008F8200004F0EFFF200053
:10CD100005F071F800281CD1484801680988C9B29B
:10CD2000092916D1002122000A3204E064001B5BAD
:10CD30001370491C521C03684468E41A65106C1E89
:10CD4000A14204D20C00AC42F0D3FBF7E1FD01207C
:10CD500000E000200BB030BD80B501210091A2A3FE
:10CD600003E080B50121009165A30422017804F05D
:10CD7000D3FF01BD1CB5040023005833002045E05B
:10CD800038B50400032000905EA303222178200020
:10CD900004F0C2FF200005F02EF8002817D1274D1F
:10CDA00028680088000612D1012000908FA303227A
:10CDB0002178200004F0B0FF200005F01CF80028C6
:10CDC00005D128680088000601D1012032BD00206D
:10CDD00032BD1CB504000120009084A303222178F9
:10CDE000200004F099FF200005F005F8002806D186
:10CDF0007F4800680088000601D1012016BD002090
:10CE000016BD1CB50400230058330520187079485E
:10CE100001680912597000689870FF20D870187165
:10CE20000520009003222178200004F075FF2000E7
:10CE300004F0E1FF401E8041C00F16BD1C570020CA
:10CE4000F8B584B004000025FFF7D0FE002854D0C8
:10CE50002000FFF7F5FE00284FD02000FFF745FF28
:10CE600000284AD0002264492000FFF724FF052053
:10CE7000009000BF6CA307222178200004F04CFF33
:10CE80000120009058A304222178200004F044FFE0
:10CE9000E579280002F0B0FE02000B00002057499F
:10CEA00004F0CAFF02AA03C2684202F0B5FE020003
:10CEB0000B000020514904F0BFFF06000F002000C6
:10CEC000503005F02FFB0090A07902F095FE02AAE9
:10CED0000CCA02F085FF04000D00009802F08CFEE1
:10CEE00022002B0002F07CFF32003B0002F078FFB2
:10CEF00002F06AFE424908600125280005B0F0BD35
:10CF00000000000002FFFF007CB50400002000903C
:10CF1000002302222178200004F0FEFE200004F00D
:10CF2000E5FE200004F067FF05005AD13048016893
:10CF30000A88D2B20B2A53D801A39B5C9F4400BF3E
:10CF4000A4A4A454540C36484E5CA48E4888020213
:10CF50008888104381B2274A11600121294B19703A
:10CF60000822294B1A70294A11702949088020008B
:10CF7000FFF706FF36E00120264908700020264909
:10CF800008700920204904E00120244926E00120FE
:10CF9000234908702000FFF71CFF23E04268511A64
:10CFA00049101FD0002122002C3204E064001B5BDA
:10CFB0001370491C521C03684468E41A6610741EFE
:10CFC000A1420FD20C00B442F0D3FBF7A1FC488879
:10CFD000607001201249087000201249087001E0B9
:10CFE00000BF00BF280076BD010000000400000063
:10CFF0001C5700204C580020FFFF00000000244078
:10D00000545800204D5900205C59002051590020EF
:10D01000105900204E590020325900203959002063
:10D020004F5900204B590020040000002000000050
:10D0300010B50024042100BF07A005F068FBFA2109
:10D040009D48FCF77FFD002803D0FA20F5F718FD76
:10D050000124200010BD00000200010100000000BA
:10D0600010B50024042100BF05A005F050FBFA21F3
:10D070009148FCF767FD002800D00124200010BD76
:10D08000020001FE0000000038B50024042100BFAA
:10D0900015A005F03CFBFA218748FCF753FD00285A
:10D0A0001FD0944C944D2988200005F090FB2A88CD
:10D0B00092480188091DC9B2A34803684068C01A94
:10D0C000814202D22069002801D1FBF721FC60696E
:10D0D000102801D3206800E020005918F7F7BEFAA5
:10D0E0000124200032BD0000020001F60000000013
:10D0F00038B50024042100BF16A005F008FBFA2172
:10D100006D48FCF71FFD002821D07A4C7A4D298804
:10D110002000183005F05BFB2A8878480188091D3B
:10D12000C9B2894803684068C01A814202D2A06A25
:10D13000002801D1FBF7ECFBE06A102801D3A069BD
:10D1400001E0200018305918F7F788FA0124200070
:10D1500032BD0000020001F50000000038B50024D7
:10D16000042100BF16A005F0D2FAFA215248FCF7BC
:10D17000E9FC002821D05F4C5F4D29882000303029
:10D1800005F025FB2A885D480188091DC9B2AE4813
:10D1900003684068C01A814202D2206C002801D185
:10D1A000FBF7B6FB606C102801D3206B01E0200078
:10D1B00030305918F7F752FA0124200032BD000030
:10D1C000020001F40000000038B50024002504210D
:10D1D0003AA005F09CFAFA213748FCF7B3FC002886
:10D1E00067D045480088002802D1424884645FE047
:10D1F00002280DD241480088001DC0B252490A6879
:10D200004968891A88420ED2105CB64908704FE00E
:10D2100015D83A480188091DCAB24B4B18685B689B
:10D220001B1A9A4201D3FBF773FBAE4C825C22704F
:10D23000C9B2491C9942F6D2405C607038E00428BB
:10D2400018D22E480188091DCCB23F4A1068526896
:10D25000121A9442E7D2A34B045D1C70C9B24C1C55
:10D260009442E0D2045D5C70891C9142DBD2405C48
:10D2700098701DE01DD121480188091DCCB2324AA9
:10D2800010685268121A9442CDD2964B045D1C70FD
:10D29000C9B24C1C9442C6D2045D5C708C1C944292
:10D2A000C1D2045D9C70C91C9142BCD2405CD87054
:10D2B0000125280032BD000094570020020001F231
:10D2C0000000000038B50400002504210CA005F082
:10D2D0001EFAFA21AF48FCF735FC002807D05A485F
:10D2E0000168497AA1740068807AE07401252800F9
:10D2F00032BD0000684F0020325600203456002016
:10D30000020001E6000000007CB5002402256B4607
:10D310001D705D7001259D70E726DE70867C0E43D2
:10D320000674C17C114341741E71407C5871062102
:10D33000684605F0ECF9FA219648FCF703FC002852
:10D3400000D00124200076BD3856002010B5427C64
:10D35000017CFFF7D9FF040089E63EB500240221D5
:10D3600068460170417001258570E721C170848095
:10D37000062105F0CCF9FA218648FCF7E3FB0028EA
:10D3800000D00124200003B030BD0000F0B583B010
:10D39000002602216A461170012757709770B82144
:10D3A000D17010240500B735029069460C71052133
:10D3B000684605F0ACF9FA217648FCF7C3FB002873
:10D3C00004D1641E0A3D012CEFDA3AE0661E681EA5
:10D3D00006701D4801680A31087828701A480068EC
:10D3E0000B300078687018480068007BA8701648F9
:10D3F00000680D300078E87013480068807B287161
:10D40000114800680F3000786871E8784B2806D121
:10D41000A81CF7F702F9FA218900484302E0A81C8A
:10D42000F7F7FBF86D1CE8806D1E28782E2806D0D3
:10D430000298008A0121B14001430298018201262D
:10D44000BFE7300003B0F0BD3856002070B50400CF
:10D450000025042124A005F05AF9FA214D48FCF7D3
:10D4600071FB00283BD0AA480088001DC0B2A94A21
:10D4700011685268521A904201D3FBF749FA26000C
:10D48000C036A54A128809183000F7F7E7F82500DA
:10D49000CB352078002807D10B2231002800F7F780
:10D4A000DDF8012525701AE00B2229003000FCF779
:10D4B00023FB002812D02000C1300178002902D1BE
:10D4C0004078207105E08800401840002018C08B8B
:10D4D000A0830B2231002800F7F7C0F801252800AF
:10D4E00070BD0000B04F0020020001E50000000008
:10D4F00070B5060000240025042100BF13A005F02C
:10D5000006F9FA212348FCF71DFB00281BD08148AF
:10D510000068417A002907D0491E07D0491E07D06C
:10D52000491E062909D90DE0F4600BE0807A08E075
:10D53000807A81000818400003E0807AFA2189008F
:10D540004843F0600125280070BD0000020001F989
:10D550000000000010B50024042100BF7DA005F0EC
:10D56000D6F8FA210B48FCF7EDFA00280FD06948ED
:10D5700001686A4A4068401A0C2803D3487A107040
:10D58000887A02E0087A1070487A507001242000EE
:10D5900010BD00009457002038B50400A07F0C286F
:10D5A00000D997E001A1095C49008F44060E161DC1
:10D5B000242B323940496D507D002000FFF738FDA3
:10D5C000002800D186E001205CE02000FFF748FD44
:10D5D000002800D17EE0022054E02000FFF754FD37
:10D5E000002877D003204DE02000FFF781FD0028C0
:10D5F00070D0042046E02000FFF7B0FD002869D07D
:10D6000005203FE02000FFF7DFFD002862D0062064
:10D6100038E02000FFF7BAFE00285BD0072031E099
:10D620002000FFF74FFE002854D008202AE0627C3B
:10D63000217C2000FFF768FE00284BD0092021E064
:10D640002000FFF755FF002844D00B201AE02000EF
:10D65000FFF780FF00283DD03048007800280ED02A
:10D66000801E01280AD9001F08D00C3806D00F38B8
:10D67000012803D9103801D0CE3802D10120284921
:10D6800008700A20A07725E02000FFF75FFE002841
:10D6900020D00C20A077EFF3108072B621490969E1
:10D6A00080F31088A16015E0200000F017F81E4DEF
:10D6B0002878002803D02000FFF74FFE06E01B4D1E
:10D6C0002878002806D02000FFF740FE002801D06F
:10D6D00000202870164802F008F831BD38B5040063
:10D6E0000020EFF3108172B60E4D2A6981F3108885
:10D6F000A168511AFA2909D32000FFF7A7FEEFF31A
:10D70000108172B62A6981F31088A26032BD0000D0
:10D710003456002038560020325600200A59002086
:10D720003A590020140B0020585900205959002064
:10D730000857002038B504000025257065700B21BE
:10D74000C030F6F73BFC0B212000CB30F6F734FC61
:10D75000A57731BD020001E80000000038B586B0B1
:10D760001421002201A8F6F717FC00206946086082
:10D770003A4C3B4820600025A5607F20E060FF20F8
:10D7800020616561A561E5618020C0052062656258
:10D790002000F9F7E3F9002801D0F9F7E7FC206849
:10D7A000C068C00628D401A8058085700295802035
:10D7B000400204900595012201A92000F9F725FAFD
:10D7C000002801D0F9F7D2FC0120694601220A7035
:10D7D0004A7088702420C8702000F9F7A8FA002841
:10D7E00001D0F9F7C3FC04220021200005F030F835
:10D7F000002801D0F9F7BAFC07B030BD10B588B0E9
:10D8000004001C21002201A8F6F7C6FB2068144979
:10D81000884221D1802080020190400A079001A80F
:10D8200002F05EF8002801D0F9F7A0FC0D48016A6B
:10D83000802212020A430262010D02680A4302605A
:10D840000068014000910098002200210220FEF7AC
:10D8500001FE0220FEF702FE08B010BD9855002020
:10D86000002800403C10024010B500240748016821
:10D87000820D0A430260032005F066F8002801D0FB
:10D88000012401E005F0B0F8200010BD00200240A6
:10D89000F8B586B0142100226846F6F77DFB042116
:10D8A0004E4802680A4302600268114005910599DA
:10D8B000202102680A43026002681140059105991F
:10D8C0000124016821430160016821400591059907
:10D8D00002260168314301600168314005910599D4
:10D8E000082102680A43026000680140059105981A
:10D8F0003B4F00223900A020C005FCF763FA00224C
:10D9000038493948FCF75EFA00220D213748FCF708
:10D9100059FA832080010090002501950294694600
:10D920003348FCF797F9502000900195029469461E
:10D930000006FCF78FF9009701940294039569465D
:10D94000A020C005FCF786F92A48009001940294B3
:10D95000039569462448FCF77DF9D020C00100906A
:10D960000195029469462048FCF774F92003009061
:10D97000C42080030190029469461B48FCF76AF9B1
:10D980000D20009001940294039569461748FCF716
:10D9900061F900968420800301900295694613483E
:10D9A000FCF758F9F0200090019402950395694620
:10D9B0000D48FCF74FF9002200210520FEF74AFD33
:10D9C0000520FEF74BFD002200210720FEF742FD57
:10D9D0000720FEF743FD07B0F0BD00BF3410024042
:10D9E00080810000FC84000000040050000C005006
:10D9F000000800500C84000080B50748074901600A
:10DA0000052141600649C160816001F043FE0028A4
:10DA100001D0F9F7ABFB01BD0857002000300040F2
:10DA2000FF0F0000F8B596B02021002207A8F6F7F6
:10DA3000B3FA182100226846F6F7AEFA1C2100223C
:10DA40000FA8F6F7A9FA01240F94002510950FA846
:10DA500001F046FF002801D0F9F788FB8B48A103AD
:10DA6000C2680A43C260C268114006910699016803
:10DA700021430160006820400690069860020090F3
:10DA8000022601960295039504940594A027FF05AC
:10DA90006946380004F0C0FFA0020090019602958C
:10DAA0000395049405946946380004F0B5FFAA482C
:10DAB00001680902090A0160E006A84908600795A3
:10DAC00096208001089009950A950B950C200C90E2
:10DAD0000D950E95A24D07A9280004F0EFFFEFF376
:10DAE0001080012181F31088A968C900C908A960C4
:10DAF00080F31088EFF31080012181F31088A9686A
:10DB0000BC4A0A40AA6080F310882868BA490140DC
:10DB100029606868B94901406960A8682A2188437A
:10DB2000A860286804432C60E8698002FCD5E86995
:10DB30004102C90FF8D017B0F0BD0000F8B596B09B
:10DB40002021002207A8F6F727FA182100226846AC
:10DB5000F6F722FA1C2100220FA8F6F71DFA02267A
:10DB60000F96002411940FA801F0BAFE002801D0EE
:10DB7000F9F7FCFA4548310482680A4382608268FA
:10DB8000114006910699012501682943016000684A
:10DB90002840069006980420009001960294039471
:10DBA00004950595A027FF056946380004F034FF69
:10DBB0000820009001960294039404950595694607
:10DBC000380004F029FF8E480168FF22914301606C
:10DBD000280762490860079496208001089028036E
:10DBE00009900A940B940C200C900D940E94854C83
:10DBF00007A9200004F062FFEFF31080012181F3F8
:10DC00001088A168C900C908A16080F31088EFF3EB
:10DC10001080012181F31088A168764A0A40A26031
:10DC200080F310882068744901402160606873495E
:10DC300001406160A0682A218843A06020680543F4
:10DC40002560E0698002FCD5E0694102C90FF8D087
:10DC500017B0F0BD80B56C486C4901609621890110
:10DC6000416000218160C16001610C2242618161DB
:10DC7000C1610162416281620023002204F09AFFC7
:10DC8000002801D0F9F772FA01BD000034100240FB
:10DC9000F0B58FB02021002207A8F6F77DF91821F2
:10DCA00000226846F6F778F959488021090382680E
:10DCB0000A43826082681140069106990124016836
:10DCC00021430160006820400690069800940226D7
:10DCD000019600250295039504940427059769464B
:10DCE000A020C00504F098FE0096019602950395C9
:10DCF000049405976946A020C00504F08DFE4048B5
:10DD00000168444A0A4002606007144908600795A8
:10DD100096208001089009950A950B950C200C908F
:10DD20000D950E953C4D07A9280004F0C7FE6868C4
:10DD3000324901406960A8682A218843A8602868A0
:10DD400004432C60E8698002FCD5E8694102C90FF0
:10DD5000F8D00FB0F0BD000018E400E000E100E0F2
:10DD600000380140F8B586B004001421002268464E
:10DD7000F6F712F920682549884238D124488021D5
:10DD8000C90282680A438260826811400591059940
:10DD90000124016821430160016821400591059932
:10DDA0000225016829430160006828400590059814
:10DDB00020200090019502940027039704260496E2
:10DDC0006946A020C005FBF745FF032000900195A0
:10DDD00002940397049669461048FBF73BFF002224
:10DDE00000211D20FEF736FB1D20FEF737FB07B094
:10DDF000F0BD0000FFFFFFF1FFFFFFDFFFB7FFFFF8
:10DE00001CE400E000440040305200200048004084
:10DE100034100240FF00FFFF004C0040000400509F
:10DE200030B583B0002069460860486088601A4CAD
:10DE30001A4820603F2060600025A5601848E06017
:10DE4000A561200004F0FCFE002801D0F9F78EF94E
:10DE5000009502956946200005F052F8002801D08F
:10DE6000F9F784F903B030BD00680C49884200D04E
:10DE7000704780B510200B490A6802430A600968A0
:10DE8000084000900098002200211120FEF7E2FADD
:10DE90001120FEF7E3FA01BD1455002000100040E8
:10DEA000FEFF00003C100240F0B583B0050000D139
:10DEB000DCE1AD4C2878C0071AD5A16838200840AD
:10DEC000E16810280BD18807800F032809D0686803
:10DED00080214902884236D12068014344E0082865
:10DEE000F5D12068800303D56868002800D1BDE122
:10DEF0002878800700D47EE0A16838200840E168D7
:10DF000010284FD18907890F02294DD0270DE868C5
:10DF10000028206800D19AE0B749014028690843E9
:10DF200020602068A10D01432160FAF763FC060020
:10DF30002068384000D082E0FAF75CFC801B0328A0
:10DF4000F6D3032071E1A022D2029042206805D1CD
:10DF50008A00024322602068014305E0A74901408E
:10DF600021602068A649014021608027BF026868BF
:10DF700000280BD0FAF73EFC060020683840B7D1E5
:10DF8000FAF738FC801B6528F7D3DAE7FAF732FC9A
:10DF9000060020683840ABD0FAF72CFC801B6528BF
:10DFA000F7D3CEE70028B1D12168490503D5E96848
:10DFB000002900D15AE16168AD4A0A406969090245
:10DFC0001143616000280FD120688B490140286906
:10DFD00008432060A748012122689204520F914013
:10DFE000F6F718FAA4490860A448006804F0ACFCED
:10DFF000002800D03AE1287800070BD5A068382126
:10E000000140182932D1206E800703D5A869002865
:10E0100000D12BE104272868384000D1ADE0002072
:10E020000290A06838210140202942D1E06D80078C
:10E0300000D4A2E0A868002800D09EE016E1606845
:10E040008B4901406869000208436060D3E78C494E
:10E0500001402160FAF7CEFB060020683840CAD0A4
:10E06000FAF7C8FB801B0328F7D36AE70227A869E1
:10E070000028206E0ED0012101432166FAF7BAFB79
:10E080000600206E3840C5D1FAF7B4FB801B032888
:10E09000F7D356E7012188432066FAF7ABFB060069
:10E0A000206E3840B6D0FAF7A5FB801B0328F7D3C3
:10E0B00047E7B806E16B014008D1E16B0143E1633A
:10E0C000E16B084000900098012002906D480068C4
:10E0D000C00517D46B480090800D0190009800682F
:10E0E0000199014300980160FAF784FB060000984B
:10E0F00000680199014005D1FAF77CFB801B0328D9
:10E10000F5D31EE7A868012804D00528E06D06D1E4
:10E110000743E765E06D01210143E16505E0012169
:10E120008843E065E06DB843E0650227A8680028F1
:10E130000CD0FAF75FFB0600E06D384016D1FAF715
:10E1400059FB801BA3498842F6D3FAE6FAF752FB43
:10E150000600E06D384009D0FAF74CFB801B9D4962
:10E160008842F6D3EDE600BF001002400298002876
:10E1700003D0E06B98490140E163E869002853D07F
:10E18000A16838220A40102A51D08027BF04934941
:10E190000228206836D101402160FAF72BFB0600E7
:10E1A0002068384005D0FAF725FB801B0328F7D3F9
:10E1B000C7E6E0688A490140286A0843696A014362
:10E1C000A86A00020843E96A0143286B0843E0603B
:10E1D0002068790801432160E068F9000143E160AB
:10E1E000FAF708FB0500206838401DD1FAF702FB5A
:10E1F000401B0328F7D3A4E6FFC7FFFFFFFFFEFF86
:10E20000FFFFFBFF01402160FAF7F4FA05002068E8
:10E21000384005D0FAF7EEFA401B0328F7D390E612
:10E22000E06897490140E160002003B0F0BD01289B
:10E230001CD0E0688107890F2A6A914216D17021AB
:10E2400001406A6A914211D1FE21C9010140AA6AC6
:10E25000120291420AD1F82189030140EA6A9142EF
:10E2600004D1400F4007296B8842DDD00120DCE754
:10E27000FF80FFFF0024F400340B0020300B00204F
:10E28000FFFEFFFF00700040F8B5070064D000916A
:10E290007C4800684007400F884218D2794E3068A9
:10E2A00007218843009901433160FAF7A3FA009CE3
:10E2B000050030684007400FA04207D0FAF79AFAED
:10E2C000401B44498842F4D30320F2BD00943968CE
:10E2D0007A4E022001420CD0490704D5B168E022F1
:10E2E000D2010A43B260B168734A0A40B968114367
:10E2F000B1603978C90731D57968012918D13068FA
:10E30000800329D5B068072290430143B160FAF732
:10E3100071FA38250400B06828407968C90088423D
:10E320001CD0FAF767FA001B2A498842F3D3CBE7DF
:10E33000022902D13068800103E0002903D130684E
:10E340004005DFD408E0032903D1326E1040D9D153
:10E3500002E0F26D1040D5D10120F2BD009849498C
:10E3600009684907490F884218D2464800680721C2
:10E3700088430099014343480160FAF73BFA009C47
:10E380000500404800684007400FA04206D0FAF759
:10E3900031FA401B0F498842F3D395E7387840079C
:10E3A00005D5B0684B490140F8680843B06000F0FB
:10E3B00019F84949B2681205120F9200895CC90622
:10E3C000C90EC840454908604548006804F0BCFAD9
:10E3D000F2BD000089130000FFFFFFEFFFFFFFFE0B
:10E3E0008C80C11F30B5354C3820A168014006D162
:10E3F00022683D4801219204520F91401FE0A1681C
:10E400000140082901D1394830BDA16801401029D7
:10E4100018D1E068E1684906490F491C7F2580074B
:10E42000800F032801D1314800E02F48F5F7F2FFB3
:10E43000E168090A0D406843E168490F491CF5F796
:10E44000E9FF30BDA1680140202902D180200002EF
:10E4500030BDA1680840182802D1FA20C00130BDA3
:10E46000002030BD1F4801681C480068204A49044C
:10E47000490F8900515CC906C90EC84070470000A9
:10E48000FCFFFEEF0020024030B407220260154B73
:10E490001C68144044601C68F0252D0125408560EF
:10E4A0001B6814031C40C4601248006802400A60E4
:10E4B00030BC704700000000FFF0FFFF001002407A
:10E4C0000D480168026880231B0413430360480E53
:10E4D00040067047FF8FFFFF5CA40108340B00204B
:10E4E000300B0020081002400024F40000127A00D3
:10E4F00078AA0108002002406010024030B585B0C3
:10E500000D0014216846F5F759FDF0200090012018
:10E510000190029000200390CE4C69462000FBF74A
:10E5200099FBEA0980212000FBF74CFC6806C20F2A
:10E5300040212000FBF746FCA806C20F2021200046
:10E54000FBF740FCE806C20F10212000FBF73AFC65
:10E55000012208212000FBF735FC00BF00BF00BFEF
:10E5600000BF00BF00BF00BF00BF00BF00BF00BFB3
:10E5700000BF002208212000FBF724FC05B030BDBD
:10E5800078B585B0002414216846F5F717FDF02012
:10E5900000900194012002900394AE4D694628003A
:10E5A000FBF758FBC04E012208213000FBF70AFCA4
:10E5B000012208212800FBF705FC00BF00BF00BFB7
:10E5C00000BF00BF00BF00BF00BF00BF00BF00BF53
:10E5D00000BF80212800FBF7EEFB002800D080243C
:10E5E00040212800FBF7E7FB002802D02000402450
:10E5F000044320212800FBF7DEFB002802D0200086
:10E600002024044310212800FBF7D5FB002802D06A
:10E61000200010240443002208212800FBF7D2FB2D
:10E62000002208213000FBF7CDFB200006B070BDB2
:10E6300038B50400002204219B48FBF7C3FB9B4D27
:10E640002000FFF79DFF28702000FFF799FF297831
:10E6500000090843287032BD70B520217F24802531
:10E66000060071603000FFF7E3FF2840707000BFC4
:10E6700000BF00BF00BF00BF00BF00BF00BF00BFA2
:10E6800000BF00BF00BF00BF00BF00BF00BF00BF92
:10E6900000BF00BF00BF00BF00BF00BF00BF300011
:10E6A000FFF7C6FF2040F07000BF00BF00BF00BFF3
:10E6B00000BF00BF00BF00BF00BF00BF00BF00BF62
:10E6C00000BF00BF00BF00BF00BF00BF00BF00BF52
:10E6D00000BF00BF00BF00BF7168491E70780028EE
:10E6E00002D0002902D0BCE7002901D1FF207070C0
:10E6F000716070BDF8B507000C001600FFF7ACFFA5
:10E70000694D002E01D0012200E0002204212800E2
:10E71000FBF758FB00BF00BF00BF00BF00BF00BF3A
:10E7200000BF00BF00BF00BF00BF00BFF0212140FD
:10E730003800FFF7E3FE2101C9B23800FFF7DEFE23
:10E74000002204212800FBF73DFBF1BD10B50400B9
:10E75000FA204000FEF73CF8200000F001F810BD60
:10E7600038B50400002208213A48FBF72BFB4E4D38
:10E77000002204212800FBF725FB002208212800A5
:10E78000FBF720FB00212000FFF7B8FE002120004E
:10E79000FFF7B4FE00212000FFF7B0FE00212000AB
:10E7A000FFF7ACFE00212000FFF7A8FE202120008B
:10E7B000FFF7A4FE20212000FFF7A0FEA0212000EB
:10E7C000FFF79CFE00222A212000FFF793FF002282
:10E7D00006212000FFF78EFF002217212000FFF7FF
:10E7E00089FF3349200000F067F800220221200051
:10E7F000FFF780FF0022012121E038B5040000224C
:10E8000008211448FBF7DEFA274D002204212800D6
:10E81000FBF7D8FA002208212800FBF7D3FAA02141
:10E820002000FFF76BFE002217212000FFF762FF98
:10E8300000222A212000FFF75DFF00220621200090
:10E84000FFF758FF0C20A07000220C212000FFF7DA
:10E8500051FF31BD000400500800862801D100207E
:10E860007047AF2801D101207047AA2801D10220AA
:10E870007047A62801D103207047B02801D1042099
:10E880007047BB2801D105207047A42801D106207C
:10E890007047872801D107207047C02803DB05494E
:10E8A0000818C03800787047000C0050125900203A
:10E8B0009CA30108DCA3010870B506000C0000222F
:10E8C0004021FFF717FF4025012221783000FFF794
:10E8D00011FF641C6D1EF7D170BD80B582780121D7
:10E8E00011438170002249E080B58278FE211140F9
:10E8F0008170002242E080B582780221114381704C
:10E9000000223BE080B58278FD2111408170002219
:10E9100034E080B50022012130E080B50B00022AEE
:10E9200000D14033002280211943C9B226E01300F0
:10E9300000D1704770B506000C0015002178002941
:10E940000AD03000FFF788FF012201003000FFF7F6
:10E95000D1FE641C6D1EF1D170BD38B505000C00F0
:10E9600008E02800FFF778FF012201002800FFF7E8
:10E97000C1FE641C21780029F3D131BDFFF7BAFE36
:10E9800001BD704710B50F4C21680F4A0A40024381
:10E990002260610D884212D10C48006841000818BD
:10E9A00040000B49F5F736FD401C210D00E0401EEC
:10E9B00062690A4003D00028F9D1032010BD00206D
:10E9C00010BD000000700040FFF9FFFF340B002075
:10E9D00040420F0002480168820D0A4302607047FE
:10E9E0000070004002484168027889184160704711
:10E9F000280B002030B4434351435D18010C0C0038
:10EA0000130C5C432D1980B2434392B2514300244E
:10EA1000C918644124040B04090C09195043C01897
:10EA2000694130BC704730B4DC0F03D05B425242C6
:10EA300000D25B1E0D106C4013D0F446002502D3AB
:10EA400049424042A94100F00DF8E40703D35B427C
:10EA50005242AB41244202D549424042A94130BC16
:10EA6000604730BC12422DD0994231D970B5002593
:10EA70001B4209D00C00002112E01100F5F7CAFC7E
:10EA80000A000021002370BD0942F6D000240126AF
:10EA900049186441944200D3A41A7641F8D3310056
:10EAA000012601E0764109D2001864416D41A41AA3
:10EAB0009D41F7D2A4185D41B619F5D3300022006C
:10EAC0002B0070BD1B42CFD108B504F053FA08BD2E
:10EAD00001D19042CAD202000B00002100207047F1
:10EAE0000122D20703004B402ED4431A01D2C01A90
:10EAF000C91830B44B180418240E1B0E22D0FF2C5A
:10EB000020D0E31A182B1DDC09021143C40D641E2A
:10EB10000002104394461925ED1A0A00AA40D94074
:10EB2000451801D36D08A41CE405D209280A2D0656
:10EB30002A436546AA41604103181B0EFF2B01D3EF
:10EB4000C00DC00530BC7047514006E05140CCE7D5
:10EB50000122D20703004B40F8D4431A03D2C01A53
:10EB6000C9185040514030B44B18090211430418E1
:10EB7000240E1B0E40D0FF2C3AD025009D410BD314
:10EB80001ED8C50D4002401A0BD3ED050100400A06
:10EB9000C90591416841D5E7C50D40024918401AA1
:10EBA000D0D001214008491C0018FCD58C4204D368
:10EBB0006D1A000AED054019C4E7E8051040C1E7E9
:10EBC000182DBFDCAC1C0D00E140E5414D40012D8E
:10EBD0004941C40D00021043451A01D46D199543F3
:10EBE000641EE405280A2D069541604130BC70473B
:10EBF000FF2BA7D1D843A5E72442A3D10020A1E74A
:10EC00000CB4012212060318DA4207D84B18DA4274
:10EC100004D802000A43921802D281420CBC704709
:10EC2000FCD088420CBC7047416070214170704735
:10EC3000F3B583B00500032102A8F5F7BFF901ACD5
:10EC4000702020706846007C607000276780B64E98
:10EC5000FA239B009622520069786868F4F76EFBED
:10EC6000002843D1FA2080000090042301AA69788B
:10EC70006868F3F7AFFF401E8041C043C00FF070DB
:10EC80000520F3F7FDFE71202070FA20800000902F
:10EC9000012301AA69786868F3F79CFF002825D151
:10ECA000FA2080000090032302AA69786868F4F7CC
:10ECB0006BF800281AD1F770702020706846007C2D
:10ECC000B0210143617002A84178A1708078E070A2
:10ECD000FA2080000090042301AA69786868F3F79D
:10ECE00079FF401E8041C043C00F00E00120F0705A
:10ECF00005B0F0BD30B583B00400712069460872DC
:10ED0000FA25AD002B009622520061786068F4F776
:10ED100015FB002814D10095012302AA61786068D0
:10ED2000F3F758FF00280BD10095012301AA617861
:10ED30006068F4F729F8401E8041C043C00F00E02E
:10ED400001207949C8706846007903B030BD10B51C
:10ED50000400FA239B009622520061786068F4F761
:10ED6000EDFA00281AD12000FFF7C4FF1821014056
:10ED7000182916D06C48C078002812D11B21200019
:10ED8000FFF756FF1C212000FFF752FF1E21200035
:10ED9000FFF74EFF0A20F3F773FEE4E70120624914
:10EDA000C87010BD3EB5040001A8AC21017033212C
:10EDB000417000218170FA25AD002B00962252008F
:10EDC00061786068F4F7BAFA00280BD10095032344
:10EDD00001AA61786068F3F7FDFE401E8041C043E0
:10EDE000C00F00E001205049C87003B030BDFEB52F
:10EDF000040000250027FA26B600330096225200B0
:10EE000061786068F4F79AFA00280ED10096012321
:10EE100001AA61786068F3F7B7FF002805D168465A
:10EE20000079000602D5012700E001253E48C570A3
:10EE3000380003B0F0BD30B583B00500FFF7B2FF76
:10EE40002800FFF7D4FF0028FAD1FA24A4002300F9
:10EE50009622520069786868F4F770FA00282CD17D
:10EE60000094072301AA69786868F3F78DFF0028EA
:10EE700023D100242C48C470062201A9280000F0E8
:10EE80005DF801A98A79904215D1C8784A781203B1
:10EE90008B781B01134302091A43AA600007000F75
:10EEA000C87000040A791202024348791043E860EE
:10EEB0002C7003B030BD0124FAE701201A49C87054
:10EEC000F7E710B50400FFF7B6FFA06800F094FE66
:10EED0000022164B00F084FF0022154B00F080FF4B
:10EEE00004F049F810BD10B50400FFF7A4FFE06876
:10EEF00000F082FE00220D4B00F072FF00220D4B4D
:10EF000000F06EFF00220C4B00F090FE04F033F88E
:10EF100010BD010000200978012903D00249C978F9
:10EF2000012900D101207047AC5700200000B03EFD
:10EF30000000594000006940000049C070B4FF2043
:10EF4000130011D0312380240D784540E8B2082504
:10EF50004600204202D03000584000E030006D1ED4
:10EF6000F6D1491C521EEFD1C0B270BC7047704739
:10EF700010B50C4C00206060A0600B4820602000A1
:10EF8000183004F029F8102070216054074A08490D
:10EF90002000F3F726FD07498C208000201804F09C
:10EFA00033FA10BD98050020CCAC0108A45800200D
:10EFB000B9AA0108D8A70108F8B5CB4CCB4D290058
:10EFC00020000830FBF7A6F88020800029182800D0
:10EFD000FBF7A0F894204000261831002800FBF72A
:10EFE00099F8C34F39003000FBF794F8BC2040007B
:10EFF00021183000FBF78EF8AE20400021183000B9
:10F00000FBF788F8CC20400021183000FBF782F88D
:10F01000DA20400021183000FBF77CF8E82040009F
:10F0200021183000FBF776F8F62040002118300058
:10F03000FBF770F88220800021183000FBF76AF897
:10F040008920800021183000FBF764F890208000B0
:10F0500021183000FBF75EF897208000211830005F
:10F06000FBF758F89E20800021183000FBF752F87B
:10F07000A420800021183000FBF74CF8AA20800063
:10F0800021183000FBF746F8B0208000211830002E
:10F09000FBF740F8B620800021183000FBF73AF863
:10F0A000C020800021183000FBF734F8C720800012
:10F0B00021183000FBF72EF83100C72080002018FF
:10F0C000FBF728F839003000FBF724F82100203145
:10F0D0002800FBF71FF8862080002F183900200039
:10F0E0002030FBF717F8CD208000211820002030B9
:10F0F000FBF710F8D4208000211820002030FBF707
:10F1000009F8E9208000211820002030FBF702F8E0
:10F11000DB208000211820002030FAF7FBFFE220DE
:10F120008000211820002030FAF7F4FF8C208000A6
:10F13000291820002030FAF7EDFFF0208000261873
:10F14000310020002030FAF7E5FF210020313000A7
:10F15000FAF7E0FF390020002030FAF7DBFF21004A
:10F1600038312800FAF7D6FF932080002F18390095
:10F1700020003830FAF7CEFF9920800029182000AF
:10F180003830FAF7C7FF9F20800029182000383058
:10F19000FAF7C0FFA5208000291820003830FAF7C0
:10F1A000B9FFF6208000211820003830FAF7B2FFAE
:10F1B000FD208000211820003830FAF7ABFF8220B4
:10F1C000C0002618310020003830FAF7A3FF2100D4
:10F1D00038313000FAF79EFF390020003830FAF756
:10F1E00099FF210050312800FAF794FFAB208000EE
:10F1F0002F18390020005030FAF78CFF8520C0000E
:10F20000211820005030FAF785FF8820C00026180A
:10F21000310020005030FAF77DFF210050313000DE
:10F22000FAF778FF390020005030FAF773FF210019
:10F2300068312800FAF76EFFB12080002F183900DE
:10F2400020006830FAF766FFB720800029182000F8
:10F250006830FAF75FFFBE20800029182000683070
:10F26000FAF758FF8B20C0002618310020006830C4
:10F27000FAF750FF210068313000FAF74BFF3900F0
:10F2800020006830FAF746FF26008036310028005B
:10F29000FAF740FF954F39003000FAF73BFFCC20DA
:10F2A000800029183000FAF735FFDA20800029188D
:10F2B0003000FAF72FFF8E20C00021183000FAF737
:10F2C00029FF31008E20C0002018FAF723FF3900F3
:10F2D0003000FAF71FFF2600983631002800FAF7B1
:10F2E00019FF834F06E000BF0000002098050020B2
:10F2F0004001002039003000FAF70CFF7D4821184A
:10F300003000FAF707FFE120800029183000FAF7F3
:10F3100001FFED20800029183000FAF7FBFEF320F2
:10F32000800029183000FAF7F5FEF920800029182E
:10F330003000FAF7EFFEFF20800029183000FAF7BE
:10F34000E9FE9A20C00021183000FAF7E3FE9D2064
:10F35000C00021183000FAF7DDFEBC482918300043
:10F36000FAF7D8FEA020C00021183000FAF7D2FE2C
:10F370003100A020C0002018FAF7CCFE3900300080
:10F38000FAF7C8FE2600B03631002800FAF7C2FEB0
:10F39000AF4829183000FAF7BDFEAE4829183000F2
:10F3A000FAF7B8FEA320C000271839003000FAF79A
:10F3B000B1FE31003800FAF7ADFE31003000FAF747
:10F3C000A9FE2600C83631002800FAF7A3FEA2489D
:10F3D00029183000FAF79EFEA04829183000FAF7E5
:10F3E00099FEA620C000271839003000FAF792FED7
:10F3F00031003800FAF78EFE31003000FAF78AFE4D
:10F400002600E03631002800FAF784FE944F3900D8
:10F410003000FAF77FFE374829183000FAF77AFEF5
:10F42000904829183000FAF775FE8F4829183000E7
:10F43000FAF770FEA920C00021183000FAF76AFE22
:10F440003100A920C0002018FAF764FE390030000E
:10F45000FAF760FE2600F83631002800FAF75AFE67
:10F46000824F39003000FAF755FE814829183000E4
:10F47000FAF750FE7F4829183000FAF74BFE7E4815
:10F4800029183000FAF746FEAC20C00021183000E1
:10F49000FAF740FE3100AC20C0002018FAF73AFE1F
:10F4A00039003000FAF736FE882040002618310077
:10F4B0002800FAF72FFE29003000FAF72BFE8020F3
:10F4C000800029182800FAF725FE00F015F86B4D8A
:10F4D0002C60206801688968884728680068009067
:10F4E00069466748FDF73EF8F1BD0000AC08002012
:10F4F00088040020A4040000F8B5624C802080003D
:10F50000201804F0FDF95248201804F0FAFA514886
:10F51000201804F009FDF32080002018FCF7FEF904
:10F52000FF2080002018FCF705FCB1208000201887
:10F5300004F008FEB7208000201804F0D9FEBE2099
:10F540008000201804F0CAFFC5208000201805F0B4
:10F5500089F8CC208000201805F02CF9D3208000F9
:10F56000201805F0B3F9DA208000201805F016FA0B
:10F57000ED2080002018FCF713F934482018FCF720
:10F5800077FEAB208000201805F09BFA93208000C6
:10F590002018FBF7A4F9992080002018FBF7ACFA9B
:10F5A0009F2080002018FBF70DFCA520800020186C
:10F5B000FBF724FD3448201805F0BCFB334D280030
:10F5C00005F0F4FC2748201805F058FE26482018BE
:10F5D00005F04CFF2E48201805F0B4FF24482018F1
:10F5E00006F0C4F823482718380006F0CFF922485F
:10F5F0002618300006F0DAFA280005F0D7FC194882
:10F60000201805F03BFE380006F0C0F9300006F087
:10F61000CDFA86208000201803F0FEFC8C208000AC
:10F62000201803F04DFFF92080002018FCF768FA3D
:10F630000948201806F045FB0848201806F0ACFCE5
:10F64000E12080002018FCF737F8F1BD1404000019
:10F650002C040000440400005C040000740400005A
:10F66000240A0020BC040000D4040000840A002006
:10F67000040500001C05000034050000345800207B
:10F68000C4520020980500208C0400003C0A002091
:10F69000EC04000070B5040001D1012070BD2068A9
:10F6A000144901601449016061684160A16881608A
:10F6B000F9F7A0F8072506002068C16829400AD09C
:10F6C000F9F798F8801B3228F6D32068C0682840E4
:10F6D000F2D0032070BDE16802698A4201D0016165
:10F6E00001E006490160002070BD04490068016026
:10F6F00000207047CCCC000055550000AAAA00009D
:10F70000BAB50400EFF3108772B6207A00280CD047
:10F710002000083006F0C0FC009908602000FAF7CD
:10F72000FBF987F310880120B6BD1B4D1B482968E3
:10F73000890040588280296801208840616801431F
:10F740006160696881436960A868002806D02868FC
:10F750000121814062680A420AD003E02800F3F7E1
:10F7600057F9F4E78A43626087F310880020B6BD3A
:10F77000217A0029DFD00021084A800010588180BA
:10F780002000083006F088FC009908602000FAF795
:10F79000C3F987F31088C6E7140B0020F40A002091
:10F7A000BAB50400EFF3108772B6207A00280CD0A7
:10F7B0002000083006F083FC009908702000FAF75A
:10F7C000ABF987F310880120B6BD1B4D1B48296893
:10F7D000890040588280296801208840616801437F
:10F7E0006160696881436960A868002806D028685C
:10F7F0000121814062680A420AD003E02800F3F741
:10F8000007F9F4E78A43626087F310880020B6BDE9
:10F81000217A0029DFD00021084A80001058818019
:10F820002000083006F04BFC009908702000FAF721
:10F8300073F987F31088C6E7140B0020F40A002040
:10F8400070B4020040325378202B1DD14023C35C9A
:10F85000012B19D0012313702424547004682568E7
:10F860009D432560046825681B4E2E402660046871
:10F87000256829432160006801680B43036020204C
:10F8800050700020107000E0022070BC704770B40F
:10F89000020040325378202B1BD14023C35C012B44
:10F8A00017D00123137024245470046825689D43E5
:10F8B000256004682568094E2E4009023143216005
:10F8C000006801680B430360202050700020107016
:10F8D00000E0022070BC7047FFEFFFFFFFF0FFFF6A
:10F8E000FEB50400002769460F704D4D2068800367
:10F8F00052D580204005296B014007D1296B014377
:10F900002963296B08400190019801274548006848
:10F91000A90D014343480160F8F76CFF0600414818
:10F920000068C00505D4F8F765FF801B0328F6D3EF
:10F9300022E0296DC020800008400FD0A1698842D4
:10F940000CD0296D38480840296D802252020A43A4
:10F950002A65296D354A0A402A652865C0070FD5F2
:10F96000F8F748FF0600286D800709D4F8F742FF32
:10F97000801B2F498842F6D303206946087005E0B2
:10F98000286D29490140A06908432865002F03D04C
:10F99000286B2849014029632078C00705D5A86C49
:10F9A0000321884361680143A9642078800705D555
:10F9B000A86C0C218843A1680143A96420788006C3
:10F9C00005D5A86C1C490140E0680843A864802064
:10F9D000C001216801400DD0A96C890089086269C5
:10F9E0000A43AA6461690204914203D12968820032
:10F9F0000A432A60216809050DD5A96C0F4A0A40FF
:10FA000021691143A9642169814204D128688021B8
:10FA10004902014329606846007803B0F0BD000048
:10FA20000C10024000700040FFFCFFFFFFFFFEFFD4
:10FA300089130000FFFFFFEFFFCFFFFFFF3FFFFF36
:10FA400080B500BF00BF024A11001820ABBEFBE723
:10FA50002600020080B501F0DBFA01BD80B5002868
:10FA600001D100BF07A006490B68002B03D022225A
:10FA70000021984701E0F8F74BFF222002BD00006B
:10FA8000AC580020636F6E73747261696E74206885
:10FA9000616E646C65723A20626164206D65737397
:10FAA0006167650010B5144600F002F8226010BDD1
:10FAB0004A0053155B1C08D0520D06D003231B02CD
:10FAC000FE3AD21A1305C91A70470022704730B4A3
:10FAD000012464054D00EC420BD85D00EC4208D8CF
:10FAE0000C001C4364000443144304D2994200D127
:10FAF000904230BC7047FCD08B42FAD18242F8E78A
:10FB000030B4012464054D00EC420BD85D00EC429A
:10FB100008D80C001C4364000443144304D28B42F5
:10FB200000D1824230BC7047FCD09942FAD1904259
:10FB3000F8E7124217D40023DB435B0D9C464B00D1
:10FB40005B0D06D0634504D09B18634502D21205B5
:10FB5000891870476246090D11430905002000B558
:10FB6000FAF763F800BD52424B005B0DF1D05B1C0D
:10FB70005B05EED25B0D934102D91205891A7047DD
:10FB80000BD10B031B13C90FC907821C0020434173
:10FB90001343E4D912051143E1E7C90FC907002057
:10FBA000DDE77047F4464A1805D200F00FF801D59A
:10FBB00080174008604700F009F80121C907884212
:10FBC00000D90800404260474A1812D2400DC902CD
:10FBD00008430121C9070843520D40210901521A67
:10FBE000521C06D452421F3201D4D0407047C01775
:10FBF0007047002070477047010042221201D21E58
:10FC0000004207D002D4521E0018FCD5C10A40059C
:10FC100012058918704700000100EED54042F446F5
:10FC2000FFF7EBFF0122D20711436047F0B4012533
:10FC3000ED070F005F404FD48B4200D1824205D9BF
:10FC40008446100062468C4619006346DF184C1843
:10FC5000640D7F0D3AD0661C760537D0E61B352E35
:10FC600034DCDB022B43DB0A0C0DC9022943C91229
:10FC7000202E0DDB1700203E06D01F00F741F34079
:10FC80005F400026012A7741C01871410DD217E06C
:10FC90001700F741F2405740F3415A40B340F34058
:10FCA0005A400026801859410AD3A21C52050FD091
:10FCB000C207012F724117004008CB0718434908BB
:10FCC000641C24054208AF4170416141F0BC70479B
:10FCD000641C21050020F9E76B4010E06B40ABE7A6
:10FCE000F742F3D1E943F1E72442EFD100200021AC
:10FCF000ECE7F0B40125ED070F005F40EED40C00F7
:10FD0000871A9C4105D2C01BA141D21963416940A9
:10FD10006B40AE0ADF184C18F442E1D2640D7F0D3F
:10FD2000E2D0E61B362ED1DCDB022B43DB0AA446F5
:10FD30000C0DC9022943C90A012E28DC04D1D607BB
:10FD40005208DF073A435B08EF0A76429041994137
:10FD500014D039423BD1B61940414941761C394251
:10FD600004D1761C001849413942FAD0B94367469C
:10FD7000B74208D9A41B24052143A7E70042EAD1D2
:10FD80003642E8D1A2E7E40AE10700209EE7202EF0
:10FD90000BDD203E1F00F340F7415F40012A0022A7
:10FDA00057417E42984191410BE01700F741F240E4
:10FDB0005740F3415A40B340F3405A407E4290418D
:10FDC00099410A0303D2641EB619404149410027F4
:10FDD000641E24054208AE4178416141F0BC704781
:10FDE000F0B50E005E400125ED072E40B446AE0A88
:10FDF000DF184C18F44208D2F7420ED2640D01D03D
:10FE00007F0D12D100206146F0BD05D1F74201D827
:10FE10007F0D05D10020C143F0BDFBD1640DF9D0A9
:10FE20000020C143490549088FE0E419C902DB02FB
:10FE300029432B43DB0A460DC00231438E4630B4C2
:10FE400087B295B27D432E0CADB2140C7C43A4193D
:10FE5000260C240425439CB27C43A419190C794335
:10FE6000270CC919A4B20F043C43090C000C97B22B
:10FE700047432E0CBE193543ADB2170C4743360C21
:10FE8000BF19A6B2BF193E043543240C3E0C3619E7
:10FE90009FB24743BF19BCB23E0C89191F0C4743A0
:10FEA0007F183E043443390C704680B297B2474302
:10FEB0002E0CBE193543ADB2170C4743360CBF1993
:10FEC000A6B2BF193E043543240C3E0C36199FB22E
:10FED0004743BF19BCB23E0C89191F0C47437F181A
:10FEE0003E043443390C77463F0C90B278432E0CD5
:10FEF00080190604ADB22E43050CA0B22D18120CC9
:10FF00007A435019020C80B2240CA4189AB27A4396
:10FF1000121914042043120C89181B0C7B43C918B6
:10FF200030BCEF0A394203D1B61940414941641E41
:10FF30006F12BF0DE41B0BDBFF19BC4211DA240565
:10FF400000274208AE417841614166463143F0BD29
:10FF5000641C05D1401C6141CF0201D34908F4E77C
:10FF600050E75DE780B5F8F7D3FC01BDE022520011
:10FF700080180268914203D280680028F9D1704746
:10FF80004368D2189142F7D2704718480168002997
:10FF90000ED1802149028160090941600021C943D5
:10FFA000C160016104214161114A11601149016080
:10FFB0000120704730B407230C0008341C4201D1E3
:10FFC000002304E008240D000835641B2340C918F1
:10FFD000D21A8161C260012313434B602823091D9B
:10FFE0008B5002490969C16130BC704778560020C6
:10FFF000705100206859883CF0B587B0040000BFFC
:020000040801F1
:1000000000BFF52C00D332E20B2C02D2102000905E
:1000100003E00B340720844300940098C108B448DF
:100020000068C840820747D00122824388180190A7
:10003000AF4E300028300199C90040180090846804
:100040000198C700606807218843B84201D0F8F7DB
:100050005FFCA5680098844201D1F8F759FCAC42D6
:1000600001D1F8F755FC606807218843B84201D0F8
:10007000F8F74EFC0098A84206D130680121019A99
:100080009140884330600CE03069854207D3E868CE
:10009000A04204D1009885600098E86001E0F8F77C
:1000A00037FC032038436060201DC019016801221D
:1000B0000A43026000F09EFF8D4A9268009B9A42BC
:1000C00000D3EEE30126002800D1ADE001228A40F2
:1000D0005200884051421143014048420840401EAE
:1000E000010B10221140C840420908231A40D04099
:1000F000830804242340D840440802252C40E040D3
:10010000450835408918C91809194919E8400818DF
:100110000390774D280028300399C9004718B86824
:1001200001900398C000029001984068072188431D
:100130000299884201D0F8F7EBFB01988468B84235
:1001400001D1F8F7E5FB0198A04201D1F8F7E0FBF7
:1001500001984068072188430299884201D0F8F746
:10016000D7FBA74206D12968039A0120904081431A
:1001700029600BE02869844206D3E068019988422F
:1001800002D1BC60E76001E0F8F7C2FB0298009979
:10019000401A02900098032101430198416002989F
:1001A00030430199091D009A885001980099401820
:1001B0000590029805990850A8680490C4081F2C5F
:1001C00001D9F8F7A5FB0498002826D068690090AB
:1001D000039428002830E10047183C0004981028B8
:1001E00001D2F8F795FB286803990200CA40324013
:1001F00003D18E4006432E6007E0B8682969884223
:1002000001D3040001E0F8F783FB0098B860009880
:10021000E060009884600098C7600298A860059824
:100220006861019C00F0E6FE31484168002900D178
:100230005CE348420840401E010B10221140C840B8
:10024000420908231A400192D040820804231A4030
:10025000D040430802242340D84044083440934D02
:10026000019FC9198918C9180919E04008188000A8
:1002700029580C00486807229043009A851A1046B6
:10028000072307E011004A689A43121AAA4201D2D2
:1002900015000C000A69002AF4D149690029F2D13D
:1002A000009013480069844200D2DDE06068984302
:1002B00000996918884201D0F8F72AFB00982018A5
:1002C0000590844200D3CFE0A0690190E768A7427F
:1002D00010D0A06806490969884229D3C168A142A3
:1002E00026D1B968A14223D1C760B86022E000BF1F
:1002F000B44F0020200014300768002F07D12000E1
:1003000010300768002F15D001E008000768390099
:1003100014310A68002AF8D1390010310A68002A1D
:10032000F3D1A2490969884202D30021016001E0AA
:10033000F8F7EEFA0198002840D0E2695B48910096
:100340004118086884420AD1002F27D1974B5F6873
:100350000120904087435F60002008602EE00198F4
:1003600092490969884216D30069A042019810D1C8
:100370000761002F22D08D48006987421CD3019964
:10038000B961216900290DD0814209D339618F619A
:1003900008E04761EDE7F8F7BBFAEAE70F60EAE744
:1003A000F8F7B6FA6069002808D0804909698842E0
:1003B00002D37861876101E0F8F7AAFA0320102DD3
:1003C000009908D2691808436060201D4018016830
:1003D0000E43066043E00843606001202843211D6E
:1003E000009A885005984551704880680490C70865
:1003F0001F2F01D9F8F78CFA049800282BD06B48EE
:100400004069029003976A48F90040180190074636
:100410000498102801D2F8F77BFA64490868039A17
:100420000300D340334003D1964006430E6008E0FA
:10043000019880680969884201D3070001E0F8F754
:1004400067FA0298019988600298F86002988760BC
:1004500001980299C8605548856005994161083442
:1004600000D11EE200F0C9FDF8F752FA19E23F2070
:10047000C043844203D30020C043009011E20B34F8
:10048000072084430094494840680390002800D125
:1004900007E200240098414201910098000A27D009
:1004A00080214902884203D31F2021E0E45000202C
:1004B000FF21C9434118090C082211408840BC4A59
:1004C0008218120C04231A4090403A4BC3181B0C9C
:1004D00002252B400E25691A891AC91A9840C00BAB
:1004E00008184100009AC01DC240D007C00F08186C
:1004F0000290314802998900405800282BD0029977
:100500001F29009B04D01921029A5208891A8B4096
:1005100000250099019A00E05B0046680727BE436A
:10052000761A964207D346691030DF0FBF00C059D4
:10053000002E07D003E00400320006D0F3E7864225
:1005400000D035000028E7D1280000910192002852
:1005500042D1002C46D101200299884041004842F6
:1005600008430399014000D19BE148420840401EE6
:10057000010B10221140C840420908231A40D04004
:10058000830804252B40D8404508022635400295B3
:10059000E8408507ED0F084E8918C918029A891896
:1005A0004919E84008188000305815E0B44F002081
:1005B000DC4F002000C0FFFFE4500020180043681B
:1005C000AB435B1A934201D21A0004000369002B6B
:1005D000F4D1009101924069002803D00099019A5A
:1005E0000725ECE7002C00D15BE1B94E0198B1681A
:1005F000009A891A884200D353E13069844200D2BC
:1006000032E70198801803906068072188430399B6
:10061000884201D0F8F77CF900982518AC4200D345
:1006200022E7A0690290E768A7420CD0A068316970
:10063000884225D3C168A14222D1B968A1421FD105
:10064000C760B8601EE0200014300768002F07D193
:10065000200010300768002F14D001E00800076860
:10066000390014310A68002AF8D1390010310A68BB
:10067000002AF3D13169884202D30021016001E0F0
:10068000F8F746F9029800283ED0E0699821490021
:100690007118820089180A68944209D1002F24D168
:1006A0007268012383409A437260002008602BE047
:1006B00002983169884215D30069A04202980FD18F
:1006C0000761002F20D0306987421BD30299B9619E
:1006D000216900290DD0814209D339618F6108E079
:1006E0004761EEE7F8F714F9EBE70F60EBE7F8F78F
:1006F0000FF96069002807D03169884202D3786118
:10070000876101E0F8F704F901210320019A102A1A
:1007100009D2039A10436060201D039A8018026872
:1007200011430160BAE0009A1043606001980843E9
:10073000221D009BD050019828500198C0081F2806
:1007400022D832002832C300D7180197326813002C
:10075000C3400B4003D181401143316007E0B868CA
:100760003169884201D3019001E0F8F7D1F8BD600A
:100770000198C560019821000831009A8850200036
:100780000C300099475089E00198000A01D10022FD
:100790002AE00A04904201D31F2225E0FF22D2431F
:1007A0008218120C08231A4003929040004A01E07C
:1007B00000F0FFFF8218120C04231A4090407E4B79
:1007C000C3181B0C02273B4002930E23039FDB1B25
:1007D0009A1A029BD21A9840C00B10184200019B33
:1007E000C01DC3400B40D218982040003018930021
:1007F000C0180290EA61002023001433009FD851F2
:1008000023001033009FD85170680300D3400B4081
:1008100006D19140014371600298056002981EE084
:10082000029800681F2A019901D1019A05E0192355
:1008300052089A1A9140F8E7180043680727BB430B
:10084000934216D003001033CF0FBF00DF194900C9
:100850003B68002BF0D131698F421DD33D60A86108
:1008600020000C3000994550200008300099455078
:1008700014E08168326990420ED391420CD3CD606E
:10088000856022000832009BD15021000C31009A73
:1008900088500020A86101E0F8F73AF8083400D049
:1008A000ABE30B4CA568009885421FD3291A6269F7
:1008B0000127032010290DD3009BD318A1600F43FB
:1008C000161D009D775159500099084350600AE069
:1008D000B44F00200023A36028435060101D40192E
:1008E00001680F4307606361140083E3334CE068E1
:1008F0000099814200D26FE3314D2868002801D170
:10090000FFF743FBA968009840182F30491E884321
:100910000099814200D36FE3D821490061188968AA
:10092000002909D0D8225200A2581018824200D3C0
:1009300062E3814200D25FE305F0D4FB002800D1DE
:100940005AE3016801910021C943884200D153E371
:10095000D82149006158019A89181A4A12689142AF
:1009600000D30A00D8235B00E3185A60D822520053
:10097000A150A169002927D12169002901D088420D
:1009800000D220611861019959610021D9612A685A
:1009900062620022D2432262220028329260D26038
:1009A0001300083353611361891C10321F29F5D9D4
:1009B000019A283A010025E000C0FFFFB44F002053
:1009C0007856002068510020E02149006218060096
:1009D00000E09268002A19D01068516840188642D9
:1009E000F7D1107B000711D4A169136899420DD388
:1009F00055685B19994209D2019828185060E0683F
:100A0000019A82182000FFF7D5FAE1E220698642B8
:100A100000D22661E020400020180199711800E002
:100A20008068002800D1D5E102688A42F8D1017BB4
:100A3000090700D5CEE1114606604268019BD21835
:100A40004260072032000832024201D1039606E0DC
:100A5000082233000833D21A0240B21803920A0067
:100A60000832024205D008220B000833D21A104087
:100A700009180191039800994018049005460198BF
:100A80000399411A009A891A0291009903220A4394
:100A900003994A60854201D3F7F73AFF012601988E
:100AA0004068304001D1F7F733FF0298102801D297
:100AB000F7F72EFF0198A169884207D1E0680299F3
:100AC0004018E060A56106436E6081E1616988427B
:100AD00008D1A068029940186561A06006436E6065
:100AE000285075E140688107890F012900D0CCE0CA
:100AF000072188430690C0081F2844D801998968B7
:100B000000910199CF6805900198B84201D1F7F79B
:100B1000FFFE01980099884201D1F7F7F9FE01988C
:100B20004068072188430599C900884201D0F7F73A
:100B3000EFFE200028300599C90040180099814235
:100B400008D02269914200D295E0C968019A914289
:100B500000D090E000998F4206D12168059A0120CB
:100B600090408143216088E0874207D02069874216
:100B700000D280E0B868019988427CD10098C760B3
:100B80000098B86079E00198806900900198C76882
:100B900087420DD080682169884225D3C168019AB7
:100BA000914221D1B96891421ED1C760B8601DE061
:100BB00014300768002F07D1019810300768002F04
:100BC00014D001E008000768390014310A68002ACF
:100BD000F8D1390010310A68002AF3D1216988421E
:100BE00002D30021016001E0F7F792FE009800288F
:100BF00043D00198C1699820400020188A008218CB
:100C000001981368984209D1002F26D1636801200A
:100C1000884083436360002010602EE000982169C3
:100C2000884217D3006901998842009810D1076162
:100C3000002F22D0206987421DD30099B961019904
:100C4000096900290DD0814209D339618F6108E01B
:100C50004761EDE7F7F75CFEEAE71760EAE7F7F7C9
:100C600057FE01984069002807D02169884202D3C5
:100C70007861876101E0F7F74BFE0198069940180B
:100C80000190029806994018029001984068B0437C
:100C90000199486002983043686002982850029891
:100CA000C0081F2826D80190200028300199C900CB
:100CB0004018009007460298102801D2F7F728FE46
:100CC000206801990200CA40324003D18E40064399
:100CD000266008E0009880682169884201D30700F7
:100CE00001E0F7F715FE00988560FD60AF600098A1
:100CF000E8606DE00298000A01D1002323E031048E
:100D0000884201D31F231EE0FF21C9434118090C6B
:100D1000082211408840BB4A8218120C04231A4052
:100D20009040B94BC3181B0C02273B400E27791A81
:100D3000891AC91A9840C00B08184100029AC01DB0
:100D4000C24032408B18982040002018990040186B
:100D5000EB6100226A612A6161680F00DF40374061
:100D600004D19E400E43666005601DE000681F2BA5
:100D7000029901D1029B05E019265B08F31A9940FC
:100D8000F8E7300046680727BE439E4211D00600B0
:100D90001036CF0FBF00F71949003E68002EF0D182
:100DA00021698F4212D33D60A861ED600498A8606C
:100DB0000EE081682369984208D3994206D3CD603A
:100DC000049B8360A960E860AA6101E0F7F7A0FDD9
:100DD000039C0FE1204685692900FFF7C7F80168E9
:100DE0004068081803902738410701D1002003E02C
:100DF0000821081A4007400F039908182F382900C6
:100E00001031884201D2029500E002900298183019
:100E1000059000200490019A283A31002000FFF745
:100E2000C9F802980830400701D0F7F771FD1B2080
:100E30000299486002980830E021490061181022A8
:100E4000F3F7F2FB71480661019941610026C66122
:100E5000029908318161039A07230598049900E0FB
:100E6000001D4360491C070008379742F8D3012949
:100E700001DCF7F74DFD0298A84200D1A8E0411B24
:100E8000281D4018026801239A430260012008438C
:100E900068606950C8081F2826D8029020002830B2
:100EA000029AD200801801900646102901D2F7F765
:100EB0002FFD20680121029A0300D3400B4003D18B
:100EC00091400143216008E00198806821698842CF
:100ED00001D3060001E0F7F71BFD01988560F5607E
:100EE000AE600198E86073E0080A1A4629D013043E
:100EF000984201D31F2024E0FF23DB43C3181B0CBF
:100F000008273B40039398403E4BC3181B0C042713
:100F10003B40029398403C4BC3181B0C02273B40BC
:100F200001930E23039FDB1B029FDB1B019FDB1B37
:100F3000B840C00B18184300C01D0F00C740174031
:100F4000D81998235B00E3188700DB190193E86147
:100F50006E612E6163681F00C740174007D1824051
:100F60001A436260019805600198A8611FE0019A28
:100F700012681F2801D1080006E0192340081B1A37
:100F80000800984000E01A0053680727BB438B42D3
:100F900010D013001033C70FBF00DF1940003B68AB
:100FA000002BF0D12069874210D33D60AA61ED602B
:100FB000AD600DE0906821698A4207D3884205D36D
:100FC000C5609560A860EA60AE6101E0F7F7A0FC3B
:100FD000E068009981420FD2401AE060A169009A4E
:100FE0008A18A2610123034353600098032202433D
:100FF0004A600C00083400E0002400BF00BF20005D
:1010000007B0F0BD00F0FFFF00C0FFFF64510020FB
:10101000002800D17047F8B584B00838050000BF3B
:1010200000BF474C2069854200D2D9E2686803219D
:1010300003220240012A00D1D2E2C708FF00EA19C8
:1010400000920126304242D12A68084000D1C3E212
:10105000BF1850422D182069854200D2C0E2606955
:10106000854200D108E1D008202800D37EE0A9689D
:101070000291E968019103900198854201D1F7F747
:1010800047FC0298854201D1F7F742FC68680721C6
:1010900088430399C900884201D0F7F739FC200042
:1010A00028300399C90040180299814205D022696D
:1010B000914258D3C968A94255D10199029A9142E7
:1010C00042D12168039A0120904081432160009819
:1010D000854200D384E24068304200D180E281073B
:1010E00000D5CBE10099A269914200D0D4E0E0683C
:1010F000C019A561E06006436E6061698D4202D14E
:1011000000216161A160E169814200D364E20D4880
:101110000068002801D1FEF738FFA169002900D13D
:101120005AE2E068292802D32000FEF71FFFE06999
:10113000E168884200D34FE20020C043E0614BE207
:10114000B44F002078560020814206D0084621691D
:10115000884208D38068A84205D10198D0600298DF
:1011600001998860B3E7F7F7D3FBB0E7A86902906D
:10117000E868A84210D0A9680190206981422CD368
:10118000C868A84229D101988068A84225D1019851
:10119000C8600198816022E029001431086801903C
:1011A000002805D12900103108680190002816D0C8
:1011B000019801E011000868020014321368002B46
:1011C000F8D1020010321368002BF3D1019020698E
:1011D000814202D30020086001E0F7F799FB0298F2
:1011E000002800D173E7E9699820400020188A00A0
:1011F0008218106885420AD1019800282BD16368B3
:101200000120884083436360002010605FE70298FC
:10121000216988421CD30069A8420198029915D11E
:1012200008610198002800D151E7206901998142A5
:1012300099D30299019A9161296900290FD08142BD
:101240000BD3019801610198886108E04861E8E7E3
:10125000F7F75EFBE5E71060E7E7F7F759FB68692A
:10126000002800D133E72169884200D27BE7019949
:101270004861019981612AE700984068014003298B
:1012800000D024E7A76000984068B0430099486008
:101290003E436E60EF519FE16269914207D1A068C1
:1012A000C0196561A06006436E60285094E1072173
:1012B00088433F18C00820284AD2009989680291C3
:1012C0000099C9680191039000980199884201D161
:1012D000F7F71EFB00980299884201D1F7F718FB37
:1012E00000984068072188430399C900884201D0CB
:1012F000F7F70EFB200028300399C9004018029927
:10130000814208D02269914200D2ACE0C968009ABB
:10131000914200D0A7E00199029A914206D121683A
:10132000039A01209040814321609EE0814209D0D0
:1013300008462169884200D295E080680099884279
:1013400000D090E00198D0600298019988608CE00C
:101350000098806902900098C068009988420099BE
:1013600011D089680190206981422CD3C868009A05
:10137000904228D101988068904224D10198C86099
:101380000198816021E0143108680190002805D19E
:101390000099103108680190002816D0019801E0EA
:1013A00011000868020014321368002BF8D1020003
:1013B00010321368002BF3D101902069814202D3CF
:1013C0000020086001E0F7F7A3FA029800284CD04B
:1013D0000098C1699820400020188A00821800985F
:1013E000136898420AD1019800282CD16368012023
:1013F0008840834363600020106036E002982169D2
:1014000088421DD30069009988420198029915D13C
:1014100008610198002828D020690199814222D3CF
:101420000299019A91610099096900290FD08142BE
:101430000BD3019801610198886108E04861E8E7F1
:10144000F7F766FAE5E71060E6E7F7F761FA009864
:101450004069002809D02169884204D30199486174
:101460000199816101E0F7F753FA01203843686080
:10147000EF516069854208D1A760ADE0B0430099A3
:101480004860012038436860EF51F808202827D2CF
:101490000290200028300299C90040180090019065
:1014A000102F01D2F7F734FA206802990200CA40DF
:1014B000324003D18E400643266008E000988068E1
:1014C0002169884201D3019001E0F7F721FA0098E1
:1014D00085600198C5600198A8600098E8607BE08D
:1014E000380A27D03104884201D31F2022E0FF218F
:1014F000C9434118090C08221140019188403A491A
:101500004118090C042211400091884037494118C4
:10151000090C022211400E22019BD21A009BD21A02
:10152000521A8840C00B10184100C01D3A00C2403A
:101530003240881898214900611882008918E861B2
:1015400000226A612A6162681300C340334004D1FB
:101550008640164366600D601DE009681F2801D1B2
:10156000380006E019224008121A3800904000E0C6
:1015700011004A6807239A43BA4210D00A00103279
:10158000C30F9B00D31840001A68002AF0D12069CD
:10159000834211D31D60A961ED60AD600EE08868E3
:1015A0002269914208D3904206D3C5608D60A8603D
:1015B000E9600020A86101E0F7F7AAF9206A401E5F
:1015C00009D12062E4204000205800E08068002813
:1015D000FCD10020C043206200BF00BF05B0F0BDB9
:1015E000F7F796F9F8E7000000F0FFFF00C0FFFFF3
:1015F0000020704716B582B00400019400200090CE
:1016000003AB0A0001A9074878441830F7F7D6F968
:101610000021019A1170002801D40198001B04B028
:1016200010BD00BF6B29FFFFF3B583B00700042096
:101630003880114C114EFA25AD002B009622520035
:10164000A0213000F1F77AFE002811D102953888E8
:10165000019004A8009002234222A0213000F1F75B
:1016600059FC002804D120700520FBF7B1F801E0F7
:101670000120207005B0F0BDAC570020D0530020F1
:10168000F3B583B0070004203880114C114EFA25C1
:10169000AD002B0096225200A0213000F1F74EFE43
:1016A000002811D102953888019004A800900223E7
:1016B0004622A0213000F1F72DFC002804D1207033
:1016C0000520FBF785F801E00120207005B0F0BD92
:1016D000AC570020D0530020F3B583B0070004209E
:1016E0003880114C114EFA25AD002B009622520085
:1016F000A0213000F1F722FE002811D10295388890
:10170000019004A8009002235222A0213000F1F79A
:1017100001FC002804D120700520FBF759F801E0F6
:101720000120207005B0F0BDAC570020D053002040
:10173000F3B583B0070004203880114C114EFA2510
:10174000AD002B0096225200A0213000F1F7F6FDEB
:10175000002811D102953888019004A80090022336
:101760005622A0213000F1F7D5FB002804D12070CB
:101770000520FBF72DF801E00120207005B0F0BD39
:10178000AC570020D0530020F3B583B007000420ED
:101790003880114C114EFA25AD002B0096225200D4
:1017A000A0213000F1F7CAFD002811D10295388838
:1017B000019004A8009002233622A0213000F1F706
:1017C000A9FB002804D120700520FBF701F801E0F7
:1017D0000120207005B0F0BDAC570020D053002090
:1017E0000EB4F8B583B0070014203880124C134EA5
:1017F000FA25AD002B0096225200A0213000F1F70F
:101800009DFD002811D102953888019009A800900B
:101810000223DC22A0213000F1F77CFB002804D158
:1018200020700520FAF7D4FF01E00120207004B0F9
:101830000498F0BC04B00047AC570020D0530020FF
:10184000F3B583B0070004203880114C114EFA25FF
:10185000AD002B0096225200A0213000F1F76EFD62
:10186000002811D102953888019004A80090022325
:10187000D922A0213000F1F74DFB002804D12070BF
:101880000520FAF7A5FF01E00120207005B0F0BDAA
:10189000AC570020D05300200EB4F8B583B0070039
:1018A00014203880124C134EFA25AD002B009622DE
:1018B0005200A0213000F1F741FD002811D102951E
:1018C0003888019009A8009002235A22A0213000F4
:1018D000F1F720FB002804D120700520FAF778FFEB
:1018E00001E00120207004B00498F0BC04B000476F
:1018F000AC570020D05300200EB4F0B586B00700DE
:10190000142038800026039604960596142103A817
:1019100000F09EF8002806D014210398F2F74CFB43
:101920000498143004903A880BA90398F2F796FEB5
:101930000024194D04E02E700520FAF749FF641CBD
:10194000388884421FDAFA239B0096225200A02195
:101950001248F1F7F3FC002802D001202870EEE7CE
:10196000FA20800002900120019003980019009055
:10197000022322006E3292B2A0210848F1F7CAFA7F
:101980000028D8D0E9E703A800F074F806B004985E
:10199000F0BC04B0004700BFAC570020D05300207B
:1019A000F3B583B0070004203880114C114EFA259E
:1019B000AD002B0096225200A0213000F1F7BEFCB2
:1019C000002811D102953888019004A800900223C4
:1019D0002622A0213000F1F79DFA002804D12070C2
:1019E0000520FAF7F5FE01E00120207005B0F0BDFA
:1019F000AC570020D0530020F3B583B0070004207B
:101A00003880114C114EFA25AD002B009622520061
:101A1000A0213000F1F792FC002811D102953888FE
:101A2000019004A8009002234A22A0213000F1F77F
:101A300071FA002804D120700520FAF7C9FE01E0F0
:101A40000120207005B0F0BDAC570020D05300201D
:101A500038B505000C00002028606860A860002CE4
:101A600007D02000F8F7AEF8286068600019A86079
:101A7000012032BD10B504002168002908D0A068FB
:101A8000421A200004F044FB002020606060A06047
:101A900010BD704710B581070ED1244944182000AD
:101AA0006421F2F7B4FC002908D12000C8214900C4
:101AB000F2F7ADFC002901D023A010BD1CA010BD81
:101AC000F8B50D00002804D4461E9621490074186C
:101AD00002E006003400643C810711D11349471825
:101AE00038006421F2F793FC002906D13800C821A0
:101AF0004900F2F78CFC002902D100BF0CA700E0DE
:101B000011A77010800F801981100091300064219E
:101B1000F2F77DFC00990E1A2000C8214900F2F767
:101B200076FC30186900795E4018F2BD6C07000041
:101B300000001F003C005B0079009800B600D50053
:101B4000F400120131014F0100001F003B005A0058
:101B500078009700B500D400F300110130014E0168
:101B6000F8B586B00600100019005A4A0023121872
:101B70004B41002E00D1584E0C98306214001D00CD
:101B8000E120000100218018594104AA03C20096F7
:101B900001E004A830C820002900504A0023FCF7C7
:101BA00042FF0600200029004C4A0023FCF73BFFBF
:101BB00002A80CC002A803C8002908DA761E02A8F1
:101BC00003C8464A002312184B4102A80CC0701CDF
:101BD0000721F2F71CFC002900D5C91D009881617E
:101BE0003000FF216E31F2F712FC3D49711801916E
:101BF000040000E0641EFF256E3500212000FFF781
:101C00005FFF210069434718BE42F3DB7819B042F9
:101C100015DA0198B84201D1A00701D0641CEAE7A7
:101C20003048251828006421F2F7F1FB002906D17D
:101C30002800C8214900F2F7EAFB0029EED1200074
:101C4000F41B009948610099CC61FFF723FF0C2138
:101C500002001832491E921E0023D35E9C42F9DB1B
:101C6000009A11614900405E201A401C0099C8602A
:101C7000E124240102A803C822000023FCF7D3FEBC
:101C80000099886002A803C822000023FCF7CBFE5D
:101C900014001D00200029003C220023FCF7C3FE95
:101CA00000994860200029003C220023FCF7BBFE7D
:101CB000009802600098006A002807D5009804F098
:101CC0002CFA00990862002800DD62E7009807B04E
:101CD000F0BD00BF807EAA83F05500208051010036
:101CE00092FEFFFF6C0700000020704780B5802146
:101CF0004900444804F014FAEFF31080012181F305
:101D0000108841490A68802313430B6080F31088D0
:101D10000A20F0F7B5FE01BDFEB51F00089E0025A4
:101D20006B461D700A430192384801684160354C8A
:101D300025806580A5802421A01DF2F73DF90420AF
:101D4000334908700198802149000143300020D0B8
:101D500089B2200004F0E4F93A00330001991678C2
:101D60008919208824280FD0A01DA7887F00C6537A
:101D7000A088401C2688761C268086B2242E01D09E
:101D8000A08001E00020FBE7521C5B1EE7D101911F
:101D900003E089B2200004F0C3F90199C9B2200020
:101DA00004F0BEF91B490D70EFF3108372B61A4AA6
:101DB000106983F31088194B1860EFF31080012429
:101DC00084F31088104C256880262E43266080F30B
:101DD000108868460078EFF3108472B6156984F3B2
:101DE00010881C682C1BFA2C03D20C78012CF2D121
:101DF000012003B0F0BD00200949087004480078B4
:101E00007047000078540020004400401C57002018
:101E10001A57002018570020140B0020C857002024
:101E20001957002084460870000A4870000A88701C
:101E3000000AC87060467047F8B50CB48CB00CAAA4
:101E400030CA79A20CCA22402B4002D1002A00D10C
:101E500051E302AA03C202A803C80022704B04F097
:101E600075F900D147E302A803C86E4B04F06EF980
:101E70000AD10CA803C8080041004915D243914279
:101E800002D1000300D136E302A803C86A4603C2A8
:101E9000684603C8001849414815C9170022D243B3
:101EA000904200D1EEE16A460CCA5FA6C0CE164051
:101EB0001F4002D1002E00D1E4E12B0022195B412A
:101EC0005A150023DB439A4200D1DBE120002900B0
:101ED0000B0002185B4104D1002A02D10CA803C8F0
:101EE00018E0B54E5A0DB61A352E06DB00228023B7
:101EF0001B060B4004A80CC00EE0202E03DD203E84
:101F0000F140B14000E001D1002003E0002E01DDEE
:101F1000F040B04004AA03C2684603C8C80F1CD0F2
:101F2000002D06DA002080210906001BA9410400CB
:101F30000D0004A803C8002906DA002280231B062E
:101F4000121A8B41100019008D4201D1844204D035
:101F5000F7F762FE34A003C8CFE26A4602A803C8BE
:101F6000FDF7A0FD04000D00C80F40D06D006D0806
:101F700004A803C802AA03C202A80CC890184941C9
:101F800001D1002817D0C84E480D361A352E05DB72
:101F900080210906194000220B000CE0202E03DDF1
:101FA000203EF340B34000E001D1002203E0002EC8
:101FB00001DDF240B24002A803C8002905DA00267C
:101FC00080273F06361A8F4101E006000F00002BE4
:101FD00006DA002080210906801A994102000B00D0
:101FE0009F4203D1964201D1002000E001200590DC
:101FF000009801281CD120002900B2A20CCAFDF7CC
:1020000066FD15D200200190054902AA03C20122F3
:1020100020002900FDF78DFD04000D0025E000BF24
:102020000000F03F0000F0BFFFFFFFFFFFFFFF7F5A
:102030000020A64922002B00FDF7D2FE0022A04B73
:10204000FDF7F4FDFDF7AEFD20380190FDF7E4FD4E
:1020500000229F4BFDF7C4FE0022994BFDF7E6FDE1
:1020600002AA03C20198400101902000290002AA9F
:102070000CCAFDF73EFE06000F0002A803C82200AE
:102080002B00FDF7D3FD02000B0030003900F5F7FF
:10209000CCF806AA03C206A803C806AA0CCAFDF714
:1020A0009FFE06000F002000290002AA0CCAFDF7BF
:1020B00020FE08AA03C27EA003C832003B00FDF741
:1020C0008FFE7DA20CCAFDF7B1FD32003B00FDF78B
:1020D00087FEC6A20CCAFDF7A9FD32003B00FDF742
:1020E0007FFEC4A20CCAFDF7A1FD32003B00FDF744
:1020F00077FEC2A20CCAFDF799FD32003B00FDF746
:102100006FFEC0A20CCAFDF791FD32003B00FDF747
:1021100067FEBEA20CCAFDF789FD32003B00FDF749
:102120005FFE08AA0CCAFDF7E4FD04000D000020C4
:10213000AB4902AA0CCAFDF7DCFD0122FDF7F9FC50
:1021400022002B00FDF772FD06AA0CCAFDF748FE1F
:1021500002000B0055487844FF305330019946186F
:1021600008A803C8FDF762FD06AA03C20098FDF7A0
:1021700053FD0CCE083EFDF759FD04000D0006A8E6
:1021800003C892A20CCAFDF72BFE22002B00FDF71C
:102190004DFD0CAA0CCAFDF723FE00228D4BFDF766
:1021A00096FC65D301228C4BFDF7AAFC5DD9CA0FC2
:1021B00004D00022894B02E033040000404BFDF7BD
:1021C00035FDFDF7EFFC070000970022844B0392DA
:1021D00004930CA803C822002B00FDF701FE0400A5
:1021E0000D003800FDF718FD02000B00200029004B
:1021F000FDF77FFD7BA20CCAFDF7F2FD0190029175
:1022000006A80CC80CA803C8FDF7EAFD04000D00E1
:102210003000083003C8320010320CCAFDF706FD4A
:1022200002000B000CA803C8FDF7DAFD6DA20CCA72
:10223000FDF7D6FD22002B00FDF7F8FC019A029B6A
:10224000FDF7F4FC039A049B03F092FFADA20CCAC5
:1022500002400B4001D1002A0AD04B005B1500243C
:10226000E443A34206D10A0304D10020AC4901E0B3
:1022700000200021059A002A00D13EE180221206AA
:1022800051403AE16A460CCAA0A6C0CEB94221D15B
:10229000B0421FD11B03100D03431203002B01D1C9
:1022A000002A17D002A827E034040000046F0000C1
:1022B000F7DE29BFD8F8C23FF4B3FECC1A99C33F6A
:1022C0000000E03FCD3B7F669EA0E63F000050400F
:1022D0000000903F2900201949414815C917B9420B
:1022E0000CD1B0420AD12B03260D33432203002B1D
:1022F00001D1002A02D00CA803C8FEE00126B84292
:1023000000D1A8E0200029000B0002185B4104D195
:10231000002A02D10CA803C817E07E4F5A0DBA1A42
:10232000352A05DB0B0000208021090619400CE04E
:10233000202A03DD203AD140914000E001D1002065
:1023400003E0002A01DDD040904004AA03C220002F
:102350002900002907DA002280231B06121A8B416C
:102360000AA80CC001E00AAA03C204A803C808AA6C
:1023700003C208A803C8002907DA002280231B062D
:10238000121A8B4106A80CC001E006AA03C20AA8D3
:1023900003C806AA0CCA994201D1904200D0002677
:1023A00008A803C80B0002185B4104D1002A02D11F
:1023B00004A803C83BE0584F5A0DBA1A352A29DB46
:1023C0000B00002080210906194030E0FE822B65B9
:1023D0004715F73F0000E0C00000E0400000E0BF0C
:1023E0000000F03FEF39FAFE422EE63F62CB68D99B
:1023F0006F46C73FC6C912DAC471CC3F4AE98A9416
:102400002449D23FF75F97999999D93FBC555555C3
:102410005555E53F202A03DD203AD140914000E0A8
:1024200001D1002003E0002A01DDD0409040002EC1
:1024300011D006AA0CCA002906DA002680273F061A
:10244000361A8F41300039008B4203D1824201D1CC
:10245000002600E0012602A803C808000022D2439B
:1024600041004915914208D1000306D1684603C8CE
:10247000C80F16D1EC0F3CD034E00CA803C80800FC
:1024800041004915914215D1000313D16A4602A8B3
:1024900003C8FDF707FBEC0F009818D1002814DCE7
:1024A00019E0EC0F03D1002E20D1002021E0002EF6
:1024B00011D006E0002E11D10020EC0F14D100281D
:1024C00010D000208021090617E0002011E000282C
:1024D00001DC00200DE0002000210EE0684603C86A
:1024E000C80FEAE7002108E0002802D000200B49CD
:1024F00003E00B4901E0002001490FB0F0BD00BF2F
:102500000000F03FFFFFFFFFFFFFFF7FFFFFFFFF28
:10251000FFFFFFFF33040000340400000000F0FF61
:102520000000F07FC3788278417800781B021A435C
:1025300009021204084310437047704780B593485E
:102540000021C16101624162914A92491C30F0F759
:1025500048FA01BD38B5EFF3108072B68E4CA16811
:10256000491CA16080F310888C4DE969202001404E
:1025700004D02968084001D000F07CF82968802048
:10258000014004D0E969084001D000F03AF8296818
:1025900040200140002905D0E969014002D02862AD
:1025A00000F05AF8A868C0070AD5E869400707D5BF
:1025B000802000057A490860BFF34F8FBFF36F8F0B
:1025C000EFF3108072B6A168491EA16002D080F3BB
:1025D000108831BD6268514211400A011143714AAD
:1025E0008B0119430B04591A890E515CE160226872
:1025F000914203D0802149056B4A116080F3108815
:1026000031BD624841784218D2780378002B07D058
:102610005B1E0370491CCBB2102B00D1002141700E
:102620005E498A620078002815D1EFF310800122FC
:1026300082F310880A6880239A430A6080F3108826
:10264000EFF31080012282F310880A6840231343BD
:102650000B6080F310887047EFF31080012181F345
:1026600010884E490A6840239A430A6080F3108814
:10267000704700007CB54D48006869460870434CBF
:1026800020001C3003F034FFE569206A461B208BD4
:10269000411C8E4202D129184978E182E18A421810
:1026A000521D964232D1091DC9B2281800F084F893
:1026B0002075A919491E0978884227D1EFF31080A7
:1026C00072B635494A683A4B1C68D5432540002DFF
:1026D00005D04D6825434D6022401A6001E001227B
:1026E0001A7180F31088EFF3108072B64A68314B8C
:1026F0001C68D543254005D04D6825434D602240D8
:102700001A6001E00121197180F3108873BDF1B5E1
:102710000D001E4CE069206200262680A670102164
:10272000E01CF1F749FC280017D000982900227816
:10273000102A0FD00278E31CA778DA55A278521C31
:1027400023785B1C2370D3B2102B01D0A27001E060
:102750000022FBE7401C491EE9D12900009800F047
:102760002BF820750100200003F0E4FE681C208394
:10277000EFF31080012181F3108808490A68802353
:1027800013430B6080F31088F1BD00001C5600203D
:10279000A45800208DB70108140B00200038014018
:1027A00080E100E01CA4010804ED00E024380140B1
:1027B000945700209C57002000220B0004D003787F
:1027C000D218401C491EFAD15042C0B2704770B5B1
:1027D00004002069884209D36069102801D3206869
:1027E00000E0200021610022425470BD0D1A00213A
:1027F000C943091A8D4201D3F6F78AF8002D25D076
:102800004619002231002000F1F776FD00281DD086
:1028100020696169012D07D1102901D3216800E0E9
:10282000210000220A5408E0102901D3226800E0A8
:10283000220029001018F1F7BFFB6069102801D3AE
:10284000206800E0200026610021815570BD70479E
:10285000F7B504002820205C012801D1022057E0B0
:10286000012528202554022029216054CA202168EE
:10287000486253202168486220688169304A0A40D2
:10288000826120680427C16D3943C1652B48006807
:10289000400619D4F5F7AEFF2A49009106002068DA
:1028A000C068384010D1F5F7A5FF801B0099884219
:1028B000F5D3FF20216848620320292160540020BD
:1028C00028216054032023E0029801992268516175
:1028D00021688A6907239A438A6121688A691043BB
:1028E00088610C480168EA040A4302602068816933
:1028F000AA030A43826120688169AA020A438261AD
:10290000FF20216848622920255400202821605496
:1029100003B0F0BD8018024010B504002068042107
:10292000026D0A4005D0C26D1143C1652000F4F765
:1029300021FE01202921605410BD00000C28004018
:10294000FFFBFFFFE903000070B586B006008020A2
:10295000C0021F490A6802430A60096808400090E3
:10296000009801A902A8FBF78FFD0598002802D165
:10297000FBF778FD02E0FBF775FD4000154D1649A9
:1029800029601649E9601649F1F744FD401E686068
:1029900000202861A860A861280000F051F9040017
:1029A00012D1280000F05BF904000DD11620F9F7D0
:1029B00055FD042E07D2002231001620F9F74AFDFA
:1029C0000848066000E00124200006B070BD000049
:1029D00040100240C854002000480140E7030000B6
:1029E00040420F00300B002081B00A4801214268AC
:1029F0000A434260426811400091009980214905D4
:102A000002680A430260006801400091009801B02A
:102A1000704700BF3C100240F8B400222EE02D0A9F
:102A20002F006F436F436F43456A3E01F61BB5436A
:102A3000009E77432F43476219E0022E2ED0C668CE
:102A400026400F695F433743C7604E68022E0ED1A0
:102A50004E690096FF2DE2D81E006E436E43056A54
:102A60003701BF1BBD43009F7E432E4306620568AE
:102A70002C404D686B4323430360521C0B681C00C1
:102A8000D44018D0012595401D40F6D02B006B4353
:102A90005C00E618F4434E68012ECED186682640CD
:102AA0008F685F43374387604668AE43CF686F43A4
:102AB00037434760C3E70020F2BC7047F0B583B0EE
:102AC000040001200125226810405DD10E0020681D
:102AD00033490140B06808433169014370690843D4
:102AE000F1690143216060682E490140F0680843A4
:102AF0006060A0682C490140B0690843A060244888
:102B0000844201D1032003E02248844203D10C20F7
:102B100003F041FD09E02048844202D01F4884426E
:102B20002BD1684603F01CFD0298002825D0776859
:102B3000002F22D0002531680C291ED21B4A09061D
:102B4000890D5158F1F766FC7908F26980231B0260
:102B50009A420CD1400040183900F1F75BFC80B27A
:102B6000134901400007400F0143E16005E04018B0
:102B70003900F1F74FFC80B2E060E06A0F21884332
:102B8000316889B20843E062280003B0F0BD00005C
:102B9000003801400044004000480040004C004024
:102BA000F369FFEFFFCFFFFFFFFCFFFFA8A70108BE
:102BB000F0FF0000F2B5040017001D00002C01D149
:102BC0000120F2BD260084367068002803D13070E1
:102BD0002000FBF7C7F824207060206801680122FC
:102BE00091430160A06A002802D0200003F018FE83
:102BF000200003F057FD01281DD0009821688A6845
:102C00008023DB0113438B6021688A680A4B1340E1
:102C10001843886020680168084A0A407905114312
:102C20002A040A4302602068016801220A43026004
:102C3000200003F069FEF2BDFF7FFFFFFFFF00FCF5
:102C400010B5040001D1012010BD3D20205C0028FA
:102C500004D13C2160542000FBF706F926E03D2119
:102C6000415C012901D00120704702213D2281549D
:102C700002680121D3680B43D36002681C4B9A425F
:102C800005D01C4B9A4202D01B4B9A4208D1936844
:102C90001A4A1A40062A07D00B049A4204D0026846
:102CA00012681143006801600020704702203D2136
:102CB0006054211D206800F0D1F8012048216054A3
:102CC0003E2160543F2160544021605441216054B2
:102CD0004221605443216054442160544521605492
:102CE00046216054472160543D216054002010BDAE
:102CF000002C01400004004000400140070001009A
:102D0000F8B504002068C76805690226354215D069
:102D1000374213D00221C943016101212177806923
:102D2000800703D0200003F0DDFE05E0200003F063
:102D3000DAFE200003F0D8FE00202077680717D5C0
:102D4000780715D520680421C94301612677806979
:102D5000C0218900014003D0200003F0C3FE05E03C
:102D6000200003F0C0FE200003F0BEFE002020770C
:102D70000826354216D0374214D020680821C943AE
:102D8000016104212177C069800703D0200003F08E
:102D9000A9FE05E0200003F0A6FE200003F0A4FE3B
:102DA000002020771020054217D0384015D0206829
:102DB0001021C94301612677C069C0218900014003
:102DC00003D0200003F08EFE05E0200003F08BFE10
:102DD000200003F089FE00202077E807C00FFA07E3
:102DE000D20F104206D00120C043216808612000A4
:102DF000F4F79AF982208001284007D0380605D5DB
:102E0000144821680861200003F06FFEE80507D52B
:102E1000380605D5104821680861200003F066FED9
:102E20004020054208D0384006D04020C0432168E9
:102E30000861200003F05BFE2020054008D03840E8
:102E400006D02020C04321680861200003F050FE16
:102E5000F1BD00007FDFFFFFFFFEFFFF10B402683F
:102E6000204B984202D0204CA04206D17024A243AD
:102E700014004A68224398420ED01B4CA0420BD04B
:102E80001A4CA04208D01A4CA04205D0194CA042BE
:102E900002D01A4CA04203D1174C1440CA682243F6
:102EA0008024A2434C69144304608A68C2620A68A1
:102EB0008262984208D00E4A904205D00D4A904254
:102EC00002D00E4A904201D109690163012141619A
:102ED0000269114003D0016901229143016110BCD4
:102EE00070470000002C014000040040002000401A
:102EF0000040014000440140FFFCFFFF004801404A
:102F0000F0B43C22825C012A01D1022028E0012297
:102F10003C23C25402233D24035503685E689C6829
:102F2000104DAB4203D1104F37404E683E437027DF
:102F3000BE430F6837435F600368AB4205D00B4D5B
:102F4000AB4202D00A4DAB4204D18025AC43896824
:102F5000214399603D21425400213C2281540020AC
:102F6000F0BC7047002C0140FFFF0FFF0004004041
:102F7000004001407047012252054B18DA4201D946
:102F8000581570475B0D0722D2019B1A10D9FF2BF1
:102F90001DD2DB050122D2070A4013430903020DAB
:102FA0001143490AC200524100D9491CC818704750
:102FB0000AD1800A0A0302435212921C04D9D30791
:102FC0000B40D00518437047C80FC0077047C80FA3
:102FD0000002FF30C00570471CB5040000A8801C2B
:102FE0000021018000A8811C801C821C00AB5B1C9E
:102FF000200003F07EFD01A800210160021D6B4648
:10300000010020000C3003F074FD0248562160528C
:10301000200016BD10270000F8B584B07A4D0124B9
:103020002C807A4FFA26B600330096225200A02157
:103030003800F0F783F900280ED102962888019015
:1030400003A800900223B822A0213800F0F766F808
:10305000441EA441E443E40F6D4804706D4C68467F
:10306000007B207001280AD000280AD000202070A0
:103070000021280003F048FD2078012801D1062016
:1030800000E008206449087005B0F0BD1CB50400DC
:103090006248F6F79EFF002820D05F4C00202056A3
:1030A000062802D0082802D004E0012000E0002019
:1030B0005849087057480178534803F025FD00200F
:1030C0002056062802D0082802D013BD984900E0F7
:1030D000984999480068F7F75FF813BD9748F6F7E5
:1030E00078FF00280DD04C4800214156062901D117
:1030F000082100E00621017000946946AE48F9F706
:1031000031FA13BD1CB59B4C41682000F7F79CF8C1
:1031100005A001900120009001233F48027806217C
:103120002000F7F7FAF813BDD22FCD0080B53B4849
:10313000F6F74FFF002803D07F480068F7F70AF83A
:1031400001BD000010B58B4C41682000F7F77CF8FA
:10315000AF480179002907D14079002802D000BF8B
:1031600004A102E008A100E0AA492000F7F7B2F8A4
:1031700010BD0000C220D0CEC1CED7CECCD320D13E
:10318000D2C0CD490000000020CDC520C2C8C7CDA7
:10319000C0D7C5CDC8C9202000000000704780B549
:1031A000C5E7000038B50500724C69682000F7F7E4
:1031B0004BF897480179002920D10A22DC3003F02E
:1031C000ECFC28831820285E632801D114A116E0A6
:1031D000082801D217A112E001000839082901D2FC
:1031E00019A10CE001001039082901D21BA106E049
:1031F0001838082806D200BF1DA100E0854920002C
:10320000F7F768F831BD0000F8580020D0530020CF
:10321000AC5700201759002043590020380B0020DC
:10322000D1C8C3CDC0CB20C249C4D1D3D2CD49C9A6
:103230000000000020202020CFCEC3C0CDC8C92070
:1032400020202020000000002020C7C0C4CEC2499A
:10325000CBDCCDC8C9202020000000002020202089
:1032600020C4CEC1D0C8C9202020202000000000EA
:1032700020202020C249C4CC49CDCDC8C92020205F
:1032800000000000704780B551E7000030B58BB0FA
:103290000400112106A8F0F791FE364D207E00288B
:1032A00004D1012020762800FBF733FB20221021D7
:1032B00006A8F0F785FE61682800F6F7C5FF5448B8
:1032C0000179002902D000BF9DA12CE0417800299E
:1032D00028D00100F4316846F0F7E8FE0598102880
:1032E00001D3009A00E06A4606AC00BF92A10D200F
:1032F000049BC01A40082018F0F780FEC0B21028C6
:1033000006D2202241420C312018001DF0F744FE65
:1033100006A92800F6F7DEFF002201216846F0F733
:10332000EEFD03E08BA12800F6F7D4FF0BB030BD13
:10333000340300202000002034580020680B0020B7
:1033400000210176704700B585B07148F6F741FE5F
:1033500000280CD06F49684603F02AFC6E48694685
:103360001122F1F77BF96D480068F6F7F3FE05B01E
:1033700000BD00008C51002038B50500684C287E47
:10338000002804D1012028762000FBF7C2FA6968E2
:103390002000F6F759FF1E480179002902D000BF2E
:1033A00067A105E00100AC314869102800D3096825
:1033B0002000F6F78FFF31BDC452002000210176B6
:1033C000704780B5B3E6000038B50500544C287E40
:1033D000002804D1012028762000FBF79AFA6968BA
:1033E0002000F6F731FF0A480179002906D10100D3
:1033F00094314869102802D3096800E050A12000E8
:10340000F6F768FF31BD704741604649016070477B
:10341000604D002040350108FEB504003C48F6F739
:10342000D8FD00280ED03C4983B068461122F1F740
:1034300015F90EBC374803F0EBFB38480068F6F787
:1034400089FE28E03848F6F7C4FD00280CD0207E1D
:10345000401CC1B23A2900DB302020762E49334A85
:103460000023D256885411E03148F6F7B2FD002807
:1034700011D0302020762D4D2E78761C77B226483C
:10348000F0F754FE874200D101262E700094694661
:103490002848F9F767F803B0F0BD1CB5204C416827
:1034A0002000F6F7D1FE1C48019001200090012376
:1034B0001E48027800212000F6F72FFF13BD000000
:1034C00030B585B030210176012018490870114DC2
:1034D0002900684603F06CFB0F4C2000694611225E
:1034E000F1F7BCF82000F0F721FE10280ED000BF45
:1034F0001DA12000F7F788F8210083B0684611224B
:10350000F1F7ACF80EBC280003F082FB05B030BD2B
:10351000380B0020FC580020E056002034580020D2
:103520008C510020FCAF0108680B0020435900209B
:10353000500B0020C4520020257320E3F0ED000062
:10354000CDC5CCC0AA20D149CC20CAC0D0D2C82178
:103550000000000020CDC520C2C8C7CDC0D7C5CD52
:10356000C8C92020000000002B3338303030303004
:103570003030303030202020000000007047000044
:1035800038B504008E4D61682800F6F75DFEA1682D
:10359000002900D18B492800F6F79CFE8A48006874
:1035A000052866D3A04CA14DA878012805D1032099
:1035B00069460870200003F05BFB2878012804D1DD
:1035C00069460870200003F053FB6878012805D194
:1035D000022069460870200003F04AFBE8780128C1
:1035E00005D1042069460870200003F041FB2879CA
:1035F000012805D1052069460870200003F038FB3A
:103600006879012805D1062069460870200003F07A
:103610002FFBA879012805D10720694608702000F2
:1036200003F026FB2878012811D0A87801280ED0B5
:10363000687801280BD0E878012808D0287901287B
:1036400005D06879012802D0A87901280AD1EFF3C2
:10365000108072B6A549096980F31088A4480160FA
:10366000A44900E0A4490868A44A11600168896877
:10367000884731BD70477047F8B50600504F00BF0E
:1036800052A13800F6F7E0FDEFF3108172B69748CB
:10369000026981F3108896490B68D21AFA23DB007D
:1036A0009A4273D3EFF3108272B6006982F31088E6
:1036B000086000BFEFF3108072B65B4C217A80F394
:1036C000108800294ED1594DA878012802D02878B9
:1036D00001286DD1200003F001FBA878012806D154
:1036E000032069464870491C200003F0C1FA28787D
:1036F000012805D169464870491C200003F0B8FA3A
:103700006878012806D1022069464870491C2000CB
:1037100003F0AEFAE878012806D104206946487023
:10372000491C200003F0A4FA2879012806D10520BD
:1037300069464870491C200003F09AFA687901280C
:1037400006D1062069464870491C200003F090FA13
:10375000A879012806D1072069464870491C200035
:1037600003F086FA00226946200003F0C5FAB0692A
:1037700069460978491E062907D801A2525C974478
:1037800006141A1E222A260029A0B061B169380049
:10379000F6F7A0FDF1BD00BF2AA0F6E72EA0F4E7E2
:1037A00032A0F2E736A0F0E73AA0EEE73EA0ECE761
:1037B0005148524908600068016889688847E5E710
:1037C0008C510020D03A010870580020202020CDD4
:1037D000C520CFD0C0D6DEAA2020202000000000C7
:1037E0001CB50400002269460F4803F085FAA06961
:1037F00069460978491E062913D801A2525C9744EC
:10380000060A0E12161E1A0009A00AE00DA008E012
:1038100011A006E015A004E019A002E01DA000E040
:1038200021A0A06113BD000044560020AC57002029
:103830002020202020454550524F4D202020202080
:1038400000000000202020D2C5D0CCCED1D2C0D2E2
:10385000202020200000000020D0CEC7D8C8D02EC5
:1038600020CFCED0D249C22000000000C4C0D2D7A1
:10387000C8CA20C2CECBCEC3CED1D24900000000F0
:10388000CAD3CFDED0CECFD0C8C94D2E204D4442B2
:1038900000000000C8CDD2C5D0D4C5C9D120636313
:1038A00054616C6B00000000CFD0C8D1D2D049C9A0
:1038B00020504159504153530000000080B57848D2
:1038C000F6F787FB002805D00C4800684168F6F73A
:1038D00063FC01BD6EE038B50400724D72480268A9
:1038E00061682800F6F7B0FC86E00000140B0020A9
:1038F0007C580020EC0A0020E40A00203458002004
:10390000F8B584B0042669480680FA27BF003B005A
:1039100096225200A0216648EFF710FD002810D132
:10392000029762480088019003A8009002230022B9
:10393000A0215F48EFF7F2FB401E8041C043C00F5B
:1039400000E001205B4D28705748039901605A4AF6
:10395000914223D300240460039454480680544EBB
:103960003B0096225200A0213000EFF7E7FC002830
:1039700012D102974D480088019003A800900223BD
:103980000022A0213000EFF7C5FA002804D12C70E6
:103990000520F8F71DFF01E00120287005B0F0BDFB
:1039A00080B53F48F6F715FB002803D003204349B4
:1039B000087014E04248F6F70CFB002803D0414899
:1039C0000068F6F7C7FB01BD38B50FE0704780B55A
:1039D0003348F6F7FEFA002800D000E0EAE739485D
:1039E0000068F6F7C8FB01BD38B500BF04002D4DD7
:1039F00061682800F6F728FCA168002901D100BF02
:103A000033A12800F6F766FC31BD704780B5244825
:103A1000F6F7DFFA002800D0E1E7CBE738B5E5E7B5
:103A2000704780B51E48F6F7D4FA002800D0D6E7D4
:103A3000C0E738B5DAE7704780B51948F6F7C9FA34
:103A4000002800D0CBE7B5E738B5CFE7704780B5A1
:103A50001348F6F7BEFA002800D0C0E7AAE738B549
:103A6000C4E7704780B50E48F6F7B3FA002800D0D7
:103A7000B5E79FE738B5B9E7704780B50848F6F76E
:103A8000A8FA002800D0AAE794E738B5AEE7704757
:103A900080B50348F6F79DFA002800D09FE789E734
:103AA000380B00208C510020CC570020B858002043
:103AB000D0530020AC57002000E1F5054A59002002
:103AC000500B00203458002038B58FE770470000B5
:103AD00020202020202020202020202020202020E6
:103AE0000000000080B57148F6F773FA002804D092
:103AF0006F480068F6F73FFB01BD6E48BAE038B585
:103B0000C4E0F8B584B001246B480480FA239B001C
:103B100096225200A0216948EFF710FC002812D12C
:103B2000FA208000029064480088019003A8009069
:103B30000223D822A0216148EFF7F0FA401E80410D
:103B4000C043C00F00E001205D4E30705D4F6846FD
:103B5000007B387001282AD000282AD000253D702B
:103B60006846057354480480FA239B00962252004D
:103B7000A0215248EFF7E2FB002814D1FA20800080
:103B800002904D480088019003A800900223D8229B
:103B9000A0214A48EFF7BEF9002804D1357005206E
:103BA000F8F716FE00E034703878012801D10620BD
:103BB00000E008204449087005B0F0BD1CB50400C1
:103BC0003A48F6F706FA002820D03F4C002020564D
:103BD000062802D0082802D004E0012000E00020DE
:103BE0003849087037480178334803F0D5F8002089
:103BF0002056062802D0082802D013BD334900E021
:103C000033492B480068F6F7C7FA13BD3148F6F779
:103C1000E0F900280DD02C4800214156062901D199
:103C2000082100E00621017000946946B948F8F7C0
:103C300099FC13BD1CB5A54C41682000F6F704FBA8
:103C4000A3480178002905D10121017022A120009B
:103C5000F6F740FB05A001900120009001231A48CF
:103C6000027806212000F6F758FB13BDD22FCD00B5
:103C700080B50E48F6F7ADF9002803D00C4800686F
:103C8000F6F768FA01BD000038B500BF04008F4D9B
:103C900061682800F6F7D8FAA168002901D100BFB1
:103CA0000DA12800F6F716FB31BD0000380B0020EF
:103CB00034580020500B002000590020D053002021
:103CC000AC5700201859002043590020DC0900207F
:103CD000B0000020680B0020202020202020202081
:103CE0002020202020202020000000007047704766
:103CF000F8B584B006008848F6F76BF900283FD085
:103D0000BD48694602780A73012484480480844DC2
:103D1000844FFA26B600330096225200A0213800C4
:103D2000EFF70CFB002812D102967C480088019026
:103D300003A8009002230522A0213800EFF7EAF83B
:103D4000002804D128700520F8F742FD00E02C700F
:103D5000AA4DA94C00202056F3F742FA0100280092
:103D6000F6F778FB00202056401EF3F739FA0100E1
:103D70002800F6F784FBA2480068F6F7EBF909E0A3
:103D8000A048F6F726F9002826D19F48F6F721F932
:103D9000002871D105B0F0BD00202070FA20EEF7A8
:103DA0006FFE9A480078012823D0944D00202056B9
:103DB000F3F716FA01002800F6F74CFB0020205616
:103DC000401EF3F70DFA01002800F6F758FB0096A5
:103DD00069465048F8F7C6FB802109018C48F5F781
:103DE000EAFF002822D1844C20563228D4DA401C25
:103DF000D3E7884D8848FBF776F82860F3F776FA22
:103E00000021615640B28842E1DA844C7B4D206843
:103E1000FE218905FAF764FE01002800F6F71AFB77
:103E200020688021C905FAF75BFECCE70096694659
:103E30003848F8F797FBADE732202070FA20EEF70C
:103E40001FFE72480078012823D06C4D00202056B8
:103E5000F3F7C6F901002800F6F7FCFA0020205617
:103E6000401EF3F7BDF901002800F6F708FB0096A5
:103E700069462848F8F776FB4021A020C005F5F7F1
:103E80009AFF0028D2D15C4C20560028D4D0401E86
:103E9000D3E7604D6048FBF726F82860F3F726FA71
:103EA0000021615640B28842E1DA5C4C534D2068F3
:103EB000FE218905FAF714FE01002800F6F7CAFA78
:103EC00020688021C905FAF70BFECCE78C51002051
:103ED0002559002010B584B0514C41682000F6F7F8
:103EE000B3F94648F6F777FA002801D055A000E06C
:103EF00056A0039040480021405602904CA00190EB
:103F000001200090012307222000F6F706FA04B0F2
:103F100010BD0000C4520020380B0020BC58002007
:103F2000AC570020D0530020F8B584B001243D48A0
:103F300004803D4FFA26B600330096225200A0219D
:103F40003800EFF7FBF9002810D1029635480088B9
:103F5000019003A8009002230522A0213800EFF76A
:103F6000DDF8401E8041C043C00F00E001202F4D0E
:103F700028706846007B204908700846002140569A
:103F8000332823D30A201C49087069460873254842
:103F90000480330096225200A0213800EFF7CEF9BA
:103FA000002812D102961F480088019003A80090B3
:103FB00002230522A0213800EEF7ACFF002804D12F
:103FC00028700520F8F704FC00E02C700B4C0A4D1B
:103FD00000202856F3F704F901002000F6F73AFA1A
:103FE00000202856401EF3F7FBF801002000F6F7EA
:103FF00046FA05B0F0BD00001459002060560020BC
:1040000034580020680B0020500B00201A59002063
:104010000004005090580020584F00209458002071
:104020008C510020BC580020D0530020AC570020F9
:1040300074B0BB203D2025322E3264B0432025735E
:1040400000000000C2CACB2E20000000C2C8CCCAAB
:104050002E000000F8B584B004006F48F5F7B9FFF2
:1040600000282CD0984800786946087301249748A6
:104070000480974D974FFA26B600330096225200DF
:10408000A0213800EFF75AF9002812D102968F4884
:104090000088019003A8009002230422A021380088
:1040A000EEF738FF002804D128700520F8F790FBC0
:1040B00000E02C7088480068F6F74CF826E0874846
:1040C000F5F787FF002821D085480178491C4AB2BE
:1040D000032A00DB00217C4A1378824D2E884FB2E0
:1040E000002F03D0022F07D003D307E000230126BF
:1040F00004E001230A2601E00223642613702E80C7
:10410000009401706946A448F8F72CFA05B0F0BD98
:1041100018B583B0744C41682000F6F795F86A48EA
:104120000078029005A00190012000900123082250
:1041300008212000F6F7F1F804B010BD25312E312A
:1041400064000000F8B584B0012460480480FA27B8
:10415000BF003B0096225200A0215E48EFF7EEF828
:10416000002810D1029759480088019003A80090B8
:1041700002230422A0215748EEF7D0FF401E8041C1
:10418000C043C00F00E00120514D28704E4E6846DC
:10419000007B3070002826D0012824D0022822D0AD
:1041A0000220307069460873484804803B0096221C
:1041B0005200A0214748EFF7C1F8002812D102971A
:1041C00042480088019003A8009002230422A02105
:1041D0004048EEF79FFE002804D128700520F8F72C
:1041E000F7FA00E02C703E48002141563D4A138802
:1041F0003578002D03D0022D07D003D307E000212E
:10420000012304E001210A2301E00221642301705B
:10421000138005B0F0BD0000380B0020F8B5040095
:104220005E48F5F7D6FE00281DD0994802F07DFFC4
:1042300006000F002B4804882000FBF7DDFC32004D
:104240003B00FBF7CDFDFBF7BFFC002800D12000B1
:10425000904908600100904802F06EFF1E48006817
:10426000F5F778FFF1BD1D48F5F7B3FE00280DD036
:10427000207E401CC1B23A2900DB302020768449E0
:10428000914A0023D2568854009418E08F48F5F7DD
:10429000A0FE002817D0302020768B480178491CDA
:1042A0008B4B00255B574AB29A4200D10021784AD5
:1042B0004BB2D25C2E2A00D1491C00940170694691
:1042C0003548F8F74FF9F1BD13590020BA580020CE
:1042D000AC570020D053002034580020680B002039
:1042E000425900200E5900208C5100201CB5D6E008
:1042F00070B584B030210176002073490870072022
:1043000073490870644E04203080724DFA24A40072
:10431000230096225200A0212800EFF70FF8002872
:104320000FD102943088019003A800900223062246
:10433000A0212800EEF7F2FE401E8041C043C00FCE
:1043400000E0012064490870524D039828609E4C9B
:10435000401E9E49884204D321882960300002F023
:10436000EBFE2868F2F73CFF05002088F2F728FFF3
:1043700001002800F5F7C2FDF2F73EFF02000B0036
:10438000A0A093490978CC00611A41189148EFF731
:1043900035FE04B070BD0000C4520020380B002070
:1043A000F8B584B004008C48F5F713FE00283DD022
:1043B000374802F0BAFE04000D0083480088FBF77E
:1043C0001BFC22002B00FBF70BFDFBF7FDFB00287D
:1043D00000D101200390814F042139808049086079
:1043E0003D4C3C4EFA25AD002B0096225200A021F8
:1043F0003000EEF7A3FF002811D102953888019014
:1044000003A8009002230A22A0213000EEF782FDCB
:10441000002804D120700520F8F7DAF901E0012026
:10442000207070480068F5F795FE2FE06E48F5F7AC
:10443000D0FD00280DD0207E401CC1B23A2900DBFF
:10444000302020761249204A0023D2568854009406
:1044500018E01E48F5F7BDFD002817D03020207663
:1044600019480178491C1A4B00255B574AB29A42F9
:1044700000D10021064A4BB2D25C2E2A00D1491C41
:104480000094017069465948F8F76CF805B0F0BD22
:1044900050530020D0570020BE5800201CB5544C6B
:1044A00041682000F5F7D0FE4A48019001200090B5
:1044B0000123504800214256521DD2B2052120004E
:1044C000F5F72BFF13BD000043590020500B0020CF
:1044D00044590020D0530020AC570020F8B584B0D8
:1044E00030210176002643480670072042490870B3
:1044F00004253A480580FA239B0096225200A02109
:104500003E48EEF71BFF002812D1FA2080000290EF
:1045100032480088019003A8009002230A22A021BB
:104520003648EEF7FBFD401E8041C043C00F00E05F
:104530000120334C20702A4F03983860401E2349D5
:10454000884224D332203860039024480580FA251D
:10455000AD002B0096225200A0212848EEF7EEFE77
:10456000002812D102951D480088019003A80090F0
:1045700002230A22A0212148EEF7CCFC002804D116
:1045800026700520F8F724F901E001202070386832
:10459000F2F726FE04000C480088F2F711FE010035
:1045A0002000F5F7ABFCF2F727FE02000B0000BF7E
:1045B00014A007490978CC00611A41180548EFF7A3
:1045C0001DFD05B0F0BD00000E5900203F420F0058
:1045D0001359002050530020380B0020C0580020F1
:1045E000D457002034580020680B0020C45200200B
:1045F0008C5100204359002044590020D053002002
:10460000AC5700202530372E3066002530372E314C
:1046100066002530372E326600000000F8B5040031
:104620008F48F5F7D6FC002819D0A24802F07DFD8E
:1046300006000F008B4804882000FBF7DDFA3200EB
:104640003B00FBF7CDFBFBF7BFFA002800D12000B1
:10465000854908600100984802F09AFD5EE062E03A
:104660001CB592E070B584B03021017600207F49FE
:1046700008700720914908708F4E04203080904DBB
:10468000FA24A400230096225200A0212800EEF76D
:1046900055FE00280FD102943088019003A80090A5
:1046A00002230E22A0212800EEF738FD401E804193
:1046B000C043C00F00E00120824908706A4D039892
:1046C0002860684C401EB149884204D32188296083
:1046D000300002F05DFDA7E0F8B504006048F5F792
:1046E00078FC002819D0734802F01FFD06000F0067
:1046F0005C4804882000FBF77FFA32003B00FBF7A0
:104700006FFBFBF761FA002800D120008C4908609C
:104710000100BF4802F068FD00E004E0BD48006809
:10472000F5F718FDF1BD8748F5F753FC00280DD0CB
:10473000207E401CC1B23A2900DB302020765D4942
:104740004A4A0023D2568854009418E09048F5F75E
:1047500040FC002817D03020207644480178491CBE
:10476000564B00255B574AB29A4200D10021514A6C
:104770004BB2D25C2E2A00D1491C009401706946CC
:10478000A548F7F7EFFEF1BD1CB5824C416820004B
:10479000F5F75AFD474801900120009001239F48FA
:1047A00000214256521DD2B205212000F5F7B5FD79
:1047B00013BD000070B584B03021017600202B4974
:1047C000087007203D490870914E042030803C4D10
:1047D000FA24A400230096225200A0212800EEF71C
:1047E000ADFD00280FD102943088019003A80090FD
:1047F00002231222A0212800EEF790FC401E8041E7
:10480000C043C00F00E001202E4908704C4D0398B2
:104810002860144C401E5D49884204D321882960D9
:10482000300002F0E1FC00BF2868F2F7D9FC050077
:104830002088F2F7C5FC01002800F5F75FFBF2F7CE
:10484000DBFC02000B0000BF81A075490978CC0099
:10485000611A41187348EFF7D1FB04B070BD000036
:10486000380B00200E590020D85700204359002053
:10487000F8B504006C48F5F7ACFB002819D00D48DA
:1048800002F053FC06000F00684804882000FBF784
:10489000B3F932003B00FBF7A3FAFBF795F90028C8
:1048A00000D12000624908600100624802F0C8FCA3
:1048B00034E738E750530020C25800204459002004
:1048C000D0530020AC5700201CB55EE770B584B013
:1048D00030210176002051490870072056490870A0
:1048E000544E04203080554DFA24A4002300962213
:1048F0005200A0212800EEF721FD00280FD10294DC
:104900003088019003A8009002231622A0212800DD
:10491000EEF704FC401E8041C043C00F00E00120C0
:1049200047490870424D03982860404C401E454955
:10493000884204D321882960300002F081FC73E7AB
:10494000DC570020680B0020F8B504003648F5F766
:1049500040FB002819D0334802F0E7FB06000F00A7
:10496000324804882000FBF747F932003B00FBF790
:1049700037FAFBF729F9002800D1200032490860F6
:104980000100324802F088FCC8E6CCE63F420F0046
:10499000500B00208C5100201CB5F6E670B584B099
:1049A0003021017600201D49087007202249087037
:1049B000264E04203080214DFA24A40023009622A4
:1049C0005200A0212800EEF7B9FC00280FD1029474
:1049D0003088019003A8009002231A22A021280009
:1049E000EEF79CFB401E8041C043C00F00E0012059
:1049F00013490870144D039828600C4C401E11494F
:104A0000884204D321882960300002F045FC0BE77E
:104A1000C458002034580020C452002043590020BC
:104A20001359002050530020380B00200E5900204D
:104A3000E4570020C858002044590020D0530020DB
:104A4000AC5700203F420F00E0570020C65800201E
:104A50002530372E3066002530372E316600253060
:104A6000372E32660000000080B59948F5F7B1FA9C
:104A7000002804D097480068F5F76CFB01BD964804
:104A8000F5F7B9FA002806D0002094490860002103
:104A9000934802F02DFC01BD10B5924C41682000F6
:104AA000F5F7D2FB8D480068F2F7A6FB00228E4B8B
:104AB000F2F7BBFB02000B0095A12000F5F70AFC02
:104AC00010BDF8B584B00427854807800124FA2575
:104AD000AD002B0096225200A0218448EEF72EFC58
:104AE000002810D102957E480088019003A800900C
:104AF00002231E22A0217D48EEF710FB401E8041BC
:104B0000C043C00F00E00120794E30700398734914
:104B10000860784807802B0096225200A021734835
:104B2000EEF70CFC002810D1029572480088019025
:104B300003A8009002232222A0216C48EEF7EEFA8F
:104B4000401E8041C043C00F00E001203070039838
:104B500069490860694807802B0096225200A0210D
:104B60006248EEF7EBFB002810D1029563480088FD
:104B7000019003A800900223B222A0215B48EEF727
:104B8000CDFA401E8041C043C00F00E001203070CC
:104B90005B4803A90422EFF761FD5048006800213B
:104BA00002F0D2FB13D340000022D24301169142FF
:104BB00001D100020BD150480068002102F0C4FB73
:104BC00005D34000011691423AD1000238D00022AC
:104BD0004B494C48F2F7FBF8002040490860464931
:104BE000086003903E480780404F2B0096225200F9
:104BF000A0213800EEF7A2FB002812D10295384818
:104C00000088019003A8009002231E22A0213800F2
:104C1000EEF780F9002804D130700520F7F7D8FDB1
:104C200000E0347034480168324802F0A1FB684665
:104C300033490422EFF712FD0099304802F0C4FB1B
:104C400005B0F0BD1CB52248F5F7C3F9002804D023
:104C500020480068F5F77EFA13BD2B48F5F7CBF92D
:104C6000002815D0264C002221002648F2F7AFF884
:104C700000202149086000211E4802F079FB6846A7
:104C800021000422EFF7EAFC00991C4802F09CFB8B
:104C900013BD00001CB5134C1949CA7801924A781B
:104CA00000928B78426800BF1CA12000F5F7CCFA77
:104CB00011480068F2F7A0FA00220B4BF2F7B5FAA0
:104CC00002000B0012A12000F5F704FB13BD000049
:104CD000380B002034580020680B0020E8570020D3
:104CE000CA5800208C51002000408F40D053002033
:104CF000AC570020CC580020EC570020F258002080
:104D00002C58002098550020500B002070470000C0
:104D1000563D2531322E336620CB000025732532D7
:104D20002E32642F25322E32642F25322E3264200B
:104D300000000000F8B584B00827964807700124E9
:104D400095480480FA239B0096225200A0219348A4
:104D5000EEF7F4FA002812D1FA20800002908E4873
:104D60000088019003A800900223B622A0218B485E
:104D7000EEF7D4F9401E8041C043C00F00E001208F
:104D8000874E30706846007B864908700878002896
:104D90002CD0012829D000250D70684605737E4867
:104DA0000480FA239B0096225200A0217B48EEF754
:104DB000C5FA002814D1FA208000029076480088B5
:104DC000019003A800900223B622A0217348EEF7B9
:104DD000A1F8002804D135700520F7F7F9FC00E0B0
:104DE000347070480078012800D1062769480770A0
:104DF00005B0F0BD1CB504006B48F5F7EAF80028D3
:104E000012D068480178644802F00AFB9D480068A7
:104E1000604900228956062902D1F5F79BF913BD96
:104E20009949F5F7B9F913BD9848F5F7D2F8002874
:104E300011D0584800214156062902D108210022EC
:104E400001E006210122574B1A7001700094694657
:104E50008F48F7F787FB13BD1CB58E4C41682000C7
:104E6000F5F7F2F905A001900120009001238A488E
:104E7000027806212000F5F750FA13BDD22FCD009D
:104E80001CB504004848F5F7A4F8002825D041488F
:104E900000214156062904D0092904D00E2905D045
:104EA00013BD092100E00E21017013BD7B480021D4
:104EB0004056002801D1072000E0C0B278490870B0
:104EC00068460422EFF7CAFB0099764802F0D4FA4C
:104ED0006C480068F5F73EF913BD6C48F5F779F8B2
:104EE000002824D02B4800214056062804D0092849
:104EF0000BD00E2812D041E069488178491CCAB213
:104F0000202A00DB0121817038E065484178491C86
:104F1000CAB20D2A00DB012141702FE06048C17840
:104F2000491CCAB2642A00DB1521C17026E05E4824
:104F3000F5F74FF8002826D01648002140560628DD
:104F400004D009280AD00E2810D017E054488178E0
:104F5000491E0A0600D11F2181700FE05048417898
:104F6000491E0A0600D10C21417007E04C48C17867
:104F7000491ECAB2152A00DA1521C170009469468B
:104F80004348F7F7EFFA13BDF8B586B00600444C76
:104F900022E1000043590020F4580020D0530020A3
:104FA000AC57002015590020380B0020F8B584B00C
:104FB00006203949087004253A480580FA26B600CB
:104FC000330096225200A0219B48EEF7B7F9002843
:104FD00010D1029633480088019003A80090022364
:104FE0008222A0219448EEF799F8401E8041C043E8
:104FF000C00F00E00120914C2070294F380003A918
:105000000422EFF72BFB387840B2401E07280CD261
:10501000787840B20D2808D2B87840B2202804D25F
:10502000F87840B215384F2829D338008449042233
:10503000EFF714FB03A839000422EFF70FFB194F19
:105040003D807D4D330096225200A0212800EEF7CE
:1050500075F9002811D102963888019003A80090B4
:1050600002238222A0212800EDF754FF002804D15A
:1050700020700520F7F7ACFB01E00120207005B09F
:10508000F0BD00003458002048050020680B0020C7
:10509000C45200208C51002043590020495900205F
:1050A00024580020EA580020500B002038B5040096
:1050B0006448F4F78EFF002833D06348002141563E
:1050C000062904D0092904D00E2905D031BD0921B3
:1050D00000E00E21017031BDA44882780378A44914
:1050E0000C789C420AD38C78944207D34C7845784C
:1050F000AC4203D3CC78C578AC4205D20B708A7031
:1051000042784A70C078C87068460422EFF7A6FA61
:105110000099984802F0DCF997480068F5F71AF80A
:1051200031BD9648F4F755FF002824D046480021A9
:105130004056062804D009280BD00E2812D041E092
:105140008B488178491CCAB2202A00DB012181707A
:1051500038E087484178491CCAB20D2A00DB01219A
:1051600041702FE08248C178491CCAB2642A00DB32
:105170001521C17026E08248F4F72BFF002826D0C5
:10518000314800214056062804D009280AD00E28AC
:1051900010D017E076488178491E0A0600D11F21F9
:1051A00081700FE072484178491E0A0600D10C2137
:1051B000417007E06E48C178491ECAB2152A00DA6C
:1051C0001521C17000946946A448F7F7CBF931BDA9
:1051D000F8B586B00600664C684621000422EFF759
:1051E0003DFA00999E48F1F7C3F99E4D287820704A
:1051F0009D4F71683800F5F727F8E078FA21C9006B
:105200004018059060780490A07803900FA00021CA
:1052100069564A0051184018029000BF11A0019031
:10522000012000900123BA48027800213800F5F7E8
:1052300074F807B0F0BD0000D0530020AC57002038
:1052400030580020380B002043590020CDE400CF17
:10525000ED00C2F200D1F000D7F200CFF200D1E1B0
:1052600000000000202573202025322E32642D25D9
:10527000322E32642D25342E3464200070B584B073
:105280000620A34908703B4D04202880A14EFA2433
:10529000A400230096225200A0213000EEF74EF821
:1052A00000280FD102942888019003A800900223BF
:1052B0008622A0213000EDF731FF401E8041C0431F
:1052C000C00F00E0012094490870294C200003A978
:1052D0000422EFF7C3F9207840B2401E07280CD211
:1052E000607840B20D2808D2A07840B2202804D2BD
:1052F000E07840B215384F280DD3200087490422AA
:10530000EFF7ACF9684621000422EFF7A7F90099FE
:10531000280002F0DDF8824802F006F90090134EF2
:10532000300069460422EFF799F9B0783178227895
:105330008A420AD3A278824207D3627873789A426B
:1053400003D3E278F3789A420ED22170A07070787D
:105350006070F078E070684621000422EFF77EF973
:105360000099280002F0B4F804B070BD2458002061
:1053700028580020EC58002034580020680B0020EA
:10538000500B0020F8B584B004006648F4F721FE05
:1053900000282BD0644800680390644F04203880B4
:1053A0005D4C5C4EFA25AD002B0096225200A021E8
:1053B0003000EDF7C3FF002811D102953888019025
:1053C00003A8009002234E22A0213000EDF7A2FD99
:1053D000002804D120700520F7F7FAF901E0012038
:1053E000207053480068F4F7B5FE1BE05148F4F70D
:1053F000F0FD002806D04C48016806290DDA491C4A
:1054000001600AE04C48F4F7E4FD00280AD0464861
:105410000168002901D0491E0160009469460F48C7
:10542000F7F7A0F805B0F0BD18B583B00E4C416891
:105430002000F4F709FF3C48006800B2029000BF6A
:105440003EA00190012000900123314802780721FD
:105450002000F4F762FF04B010BD0000C452002029
:1054600098050020495900208C510020F8B584B0DF
:1054700008202749087004262C480680FA27BF0018
:105480003B0096225200A0212248EDF757FF00284A
:1054900010D1029725480088019003A800900223AC
:1054A0004E22A0211B48EDF739FE401E8041C0432B
:1054B000C00F00E00120184D28701B4803990160BF
:1054C000491E052922D90124046003941748068047
:1054D000104E3B0096225200A0213000EDF72EFF27
:1054E000002812D1029711480088019003A800906B
:1054F00002234E22A0213000EDF70CFD002804D13C
:1055000028700520F7F764F900E02C7005B0F0BDB5
:1055100043590020D0530020AC57002030580020C1
:10552000EA580020380B002018580020E0580020CE
:1055300034580020680B0020500B002025322E32FA
:1055400064000000F8B584B00827B648077001244D
:1055500082480480FA239B0096225200A0218048B2
:10556000EDF7ECFE002812D1FA20800002907B4873
:105570000088019003A800900223B722A021784858
:10558000EDF7CCFD401E8041C043C00F00E001207C
:10559000744E30706846007B7349087008780028A4
:1055A0002CD0012829D000250D70684605736B4862
:1055B0000480FA239B0096225200A0216848EDF750
:1055C000BDFE002814D1FA208000029063480088B4
:1055D000019003A800900223B722A0216048EDF7B4
:1055E00099FC002804D135700520F7F7F1F800E0A8
:1055F00034705D480078012800D10627894807707B
:1056000005B0F0BD1CB504008748F4F7E2FC0028A3
:1056100010D055480178514801F0B2FF8348006826
:10562000804900228956062900D196E18049F4F785
:10563000B3FD13BD7F48F4F7CCFC002811D07948A6
:1056400000214156062902D10821002201E006214D
:105650000122454B1A70017000946946C048F6F764
:1056600081FF13BD1CB5744C41682000F4F7ECFDBC
:1056700005A001900120009001236A4802780621CC
:105680002000F4F74AFE13BDD22FCD001CB5040054
:105690006548F4F79EFC002823D068490878401C30
:1056A000087040B26649072809DB83B068460E22BD
:1056B000EEF7D4FF0EBC634801F08EFF4BE14000D3
:1056C00008184178002906D001292DD10A21554A10
:1056D0001170012103E00E21524A11700021417026
:1056E00013BD5448F4F775FC00281AD04D4800212A
:1056F00041560A2902D00E2904D00CE00E21017077
:10570000002002E00A21017001209B494B4A00233E
:10571000D25652008854009469469148F6F722FF09
:1057200013BD9648F4F755FC13BD1CB5424C4168B7
:105730002000F4F789FD92484049002289560A0169
:10574000511840180190012000900123BB480278B5
:1057500000212000F4F7E1FD13BD0000F658002001
:10576000D0530020AC57002016590020F0B587B068
:105770000E2734480780834DFA24A4002300962284
:105780005200A0212800EDF7D9FD002810D1029485
:105790002C480088019003A800900223B922A02180
:1057A0002800EDF7BBFC401E8041C043C00F00E065
:1057B0000120A3490870224D280003A90E22EEF70C
:1057C0004DFF002400206978012902D0002900D073
:1057D0006C70411C0022AA56521E40B2824200D078
:1057E00029700800AD1C49B20729ECDB134E30705C
:1057F000134D290083B068460E22EEF72FFF0EBC32
:10580000104801F0E9FE34706878002805D00128BE
:1058100005D10A208949087001E08848077007B05F
:10582000F0BD000043590020380B00203458002000
:1058300060050020680B00208C5100204259002098
:1058400028570020FA5800201CB504007D48F4F7C2
:10585000C0FB002826D0794800214156052904D0F4
:10586000082904D00B2905D013BD082100E00B2125
:10587000017013BD74490878E122120150434A783F
:1058800013019A1A920080188A7880186F4A106063
:1058900083B068461422EEF7C7FE0EBC6C4801F0D8
:1058A000E1FE58E06B48F4F794FB002824D06348ED
:1058B00000214056052804D008280BD00B2812D010
:1058C00043E061480178491CCAB2182A00DB002174
:1058D00001703AE05C484178491CCAB23C2A00DBBE
:1058E0000021417031E058488178491CCAB23C2AF5
:1058F00000DB0021817028E02048F4F76AFB0028D3
:1059000028D04E4800214056052804D008280BD046
:105910000B2812D019E04C480178002902D0491E0A
:10592000017012E01721FBE747484178002902D0B7
:10593000491E417009E03B21FBE74348817800297B
:1059400001D0491E00E03B218170009469460E4859
:10595000F6F708FE13BDC1480068F4F7FBFB13BD62
:10596000C452002018B585B08E4C41682000F4F771
:105970006BFC354802E1000029570020500B002045
:105980000CA00108D0530020C452002070B588B08C
:1059900005202A4908702E4E14203080824DFA24AA
:1059A000A400230096225200A0212800EDF7C6FC97
:1059B00000280FD102943088019003A800900223A0
:1059C0008A22A0212800EDF7A9FB401E8041C04398
:1059D000C00F00E001201A4908701B4C200003A9E9
:1059E0001422EEF721FE207840B2182807D2607802
:1059F00040B23C2803D2A07840B23C280ED320000D
:105A000097491422EEF710FE210083B06846142255
:105A1000EEF70AFE0EBC300001F024FE2078E121F2
:105A20000901484361780A01511A89004018A17898
:105A300040180649086008B070BD000043590020B6
:105A4000AC570020380B0020B856002064580020C6
:105A5000EE580020680B00201CB504008148F4F7C4
:105A6000B8FA002826D0804800214156052904D0E4
:105A7000082904D00B2905D013BD082100E00B2113
:105A8000017013BD79490878E122120150434A7828
:105A900013019A1A920080188A788018744A10604C
:105AA00083B068461422EEF7BFFD0EBC714801F0CA
:105AB00009FE50E77048F4F78CFA002824D06A48B1
:105AC00000214056052804D008280BD00B2812D0FE
:105AD00043E066480178491CCAB2182A00DB00215D
:105AE00001703AE061484178491CCAB23C2A00DBA7
:105AF0000021417031E05D488178491CCAB23C2ADE
:105B000000DB0021817028E01748F4F762FA0028D2
:105B100028D0554800214056052804D008280BD02D
:105B20000B2812D019E051480178002902D0491EF3
:105B3000017012E01721FBE74C484178002902D0A0
:105B4000491E417009E03B21FBE748488178002964
:105B500001D0491E00E03B2181700094694647480E
:105B6000F6F700FD13BD0000500B002018B585B0FE
:105B70000C4C41682000F4F767FB3C4881780491A5
:105B800041780391007802903FA00190012000909D
:105B900001233548027800212000F4F7BEFB06B04F
:105BA00010BD00008C510020D053002070B588B08B
:105BB00005202D4908702F4E14203080304DFA24D6
:105BC000A400230096225200A0212800EDF7B6FB86
:105BD00000280FD102943088019003A8009002237E
:105BE0009E22A0212800EDF799FA401E8041C04373
:105BF000C00F00E00120234908701C4C200003A9BD
:105C00001422EEF711FD207840B2182807D26078F0
:105C100040B23C2803D2A07840B23C280ED32000EA
:105C20000F491422EEF700FD210083B068461422CC
:105C3000EEF7FAFC0EBC300001F044FD2078E121C3
:105C40000901484361780A01511A89004018A17876
:105C500040180749086008B070BD000034580020A3
:105C6000F4560020380B002043590020CC56002069
:105C700068580020F0580020680B0020C452002013
:105C8000D0530020AC5700202020202025322E3277
:105C9000643A25322E32642E25322E3264202020A2
:105CA0002000000080B56B48F4F793F9002804D079
:105CB000B6480068F4F75FFA01BDB548AEE038B504
:105CC000B8E0F8B584B0012463480480FA239B004F
:105CD00096225200A0219E48EDF730FB002812D1F9
:105CE000FA20800002905C480088019003A8009090
:105CF0000223DA22A0219648EDF710FA401E8041D7
:105D0000C043C00F00E00120924E3070924F6846B1
:105D1000007B387001282AD000282AD000253D7049
:105D2000684605734C480480FA239B009622520073
:105D3000A0218748EDF702FB002814D1FA2080004B
:105D4000029045480088019003A800900223DA22BF
:105D5000A0217F48EDF7DEF8002804D1357005203A
:105D6000F6F736FD00E034703878012801D10620BE
:105D700000E008208749087005B0F0BD1CB504009C
:105D80003448F4F726F9002820D0824C0020205611
:105D9000062802D0082802D004E0012000E00020FC
:105DA0006D4908706C4801782B4801F0BBFC00205D
:105DB0002056062802D0082802D013BD9F4900E0D3
:105DC0009F4972480068F4F7E7F913BD9D48F4F75E
:105DD00000F900280DD06F4800214156062901D155
:105DE000082100E006210170009469469648F6F704
:105DF000B9FB13BD1CB5954C41682000F4F724FA9B
:105E0000A4A001900120009001236248027806219D
:105E10002000F4F782FA13BD80B50E48F4F7D9F8E4
:105E2000002803D059480068F4F794F901BD000038
:105E300038B500BF0400854D61682800F4F704FA06
:105E4000A168002901D100BF8DA12800F4F742FA12
:105E500031BD0000380B0020045900207047704706
:105E6000F8B584B004007A48F4F7B3F800282CD0D1
:105E70007848694602780A73012477480480354DD2
:105E8000334FFA26B600330096225200A021380084
:105E9000EDF754FA002812D102966F48008801905D
:105EA00003A800900223DB22A0213800EDF732F88E
:105EB000002804D128700520F6F78AFC00E02C7039
:105EC00032480068F4F746F909E05E48F4F781F8D3
:105ED000002816D12E48F4F77CF800282FD105B001
:105EE000F0BD002004E05B4908566328F9DA401C45
:105EF0000870FA20ECF7C4FD009469465248F6F7A2
:105F000031FB802109015548F3F755FF0028EAD0FD
:105F1000009469464C48F6F725FBE0E7632105E06D
:105F20004C48002141560029F8D0491E0170FA2042
:105F3000ECF7A6FD009469464348F6F713FB4021B1
:105F4000A020C005F3F737FF0028E9D0E0E7000004
:105F5000D0530020AC5700201A59002018B583B048
:105F60003A4C41682000F4F76FF93A480021405656
:105F7000029000BF3CA001900120009001230A2262
:105F80002000F4F7CAF904B010BD00003458002016
:105F9000500B002043590020F8B584B001242E484E
:105FA0000480FA27BF003B0096225200A0212C4813
:105FB000EDF7C4F9002810D1029727480088019016
:105FC00003A800900223DB22A0212548EDF7A6F8C4
:105FD000401E8041C043C00F00E00120214E3070C0
:105FE0001C486946097B017000214156642922D36F
:105FF0000025057069460D73174804803B00962202
:106000005200A0211648EDF799F9002812D1029705
:1060100011480088019003A800900223DB22A021F0
:106020000F48ECF777FF002804D135700520F6F70C
:10603000CFFB00E0347005B0F0BD00000C0A00207A
:10604000C8000020680B0020C45200208C510020A2
:10605000380B00201B590020065900200004005076
:10606000D0530020AC570020202020202087203D46
:106070002025322E326425252020202020200000DB
:106080002020202020202020202020202020202010
:1060900000000000D22FCD004178890041184968E6
:1060A0000278002A09D0521E02704278521C4270B7
:1060B000D2B2202A01D100224270080070470100AC
:1060C00048780818C0780A78002A09D0521E0A7049
:1060D0004A78521C4A70D2B2202A01D100224A705A
:1060E0007047704707490868002801D000207047B2
:1060F000054807229043086004499143091A01604A
:10610000704700BFB05800203F6300203873002064
:1061100080B50800F2F736FC01BD0020C04370478F
:106120000288242A01D100207047828852008218F8
:10613000D1808188491C81800188491C0180818827
:10614000242901D1002181800120704790420ED185
:10615000A4460C001C430128644107D0994205D194
:106160004C006415641C644000D30C036446704703
:10617000F8B50FB484B004A80CC89018494148156C
:10618000C9176C4603C4684603C80021C943884246
:1061900021D0084641081040194001D100281AD0EA
:1061A00006A803C80D0004186D416C150025ED43C9
:1061B000AC4210D02C46650804400D4001D1002CA3
:1061C00009D01900002900DB8DE0002480252D0670
:1061D000A41A8D4189E0684603C8C3A6C0CEB9425F
:1061E0000BD1B04209D11D03100D05431403002D3E
:1061F00001D1002C01D004A840E006A803C86C46D9
:1062000003C46C4630CC24196D416C15ED17BD42AA
:106210000BD1B44209D16C4630CC2D03260D354349
:106220002403002D29D1002C27D13C4665082940A4
:1062300010D100280ED104A803C808004100491558
:106240002246914219D1000317D1F3F7E5FC10461D
:1062500029461BE106A803C80E0071004915B94282
:106260000ED130030CD104A803C808004100491521
:106270002246914201D10003E7D006A803C805E1F8
:106280002B401AD1002A18D10E9A06A803C8F9F794
:1062900050FC06000F0034403D4001D1002C07D0D7
:1062A000790049150022D243914203D1380301D12C
:1062B000F3F7BBFC30003900E8E004A803C808008D
:1062C00041004915A14208D1000306D104A803C822
:1062D00006AA0CCAF9F784FDD8E00020802109063F
:1062E0000E403100D2E014000D0000206A49002960
:1062F00004DA80273F06061A8F4139008D4206DAFC
:1063000006A803C80B0080200006034018E063497C
:10631000002904DA80273F06061A8F413900A94276
:1063200011DC01DBA0420ED2F3F77FFC5C494A008E
:10633000520806A803C80B00802000060340134340
:1063400000201900A2E004A803C856A20CCAF9F75D
:1063500047FD634B1A000C0080231B061C401443AE
:1063600000222300F9F762FCF9F71CFC0090F9F712
:1063700053FC04000D004DA003C822002B00F9F7C8
:106380002FFD04AA0CCAF9F751FC06000F0049A022
:1063900003C822002B00F9F723FD32003B00F9F778
:1063A00045FC04000D00690049080022434BF9F741
:1063B0008EFB02D206A803C84EE022002B00290063
:1063C000F9F70EFD06000F003DA003C832003B00A8
:1063D000F9F706FD3CA20CCAF9F728FC32003B0095
:1063E000F9F7FEFC02AA03C239A003C832003B0041
:1063F000F9F7F6FC38A20CCAF9F718FC32003B009A
:10640000F9F7EEFC0022364BF9F710FC22002B00C6
:10641000F9F7E6FC04000D0002A803C822002B00D7
:10642000F9F704FC00222F4BF9F700FC06000F00DF
:1064300002A803C822002B00F9F75BFC0022294BBD
:10644000F9F7F4FB02000B0030003900F0F7EDFE25
:1064500006AA0CCAF9F7C4FC009A0E9BD218F9F7E9
:1064600068FB04000D000AA003C82040294001D1A8
:10647000002807D0690049150022D243914203D178
:10648000280301D1F3F7D1FB2000290009B0F0BDAA
:10649000FFFFFFFFFFFFFF7F00C89CC000C89C40BC
:1064A0000000F07FFE822B654715F73F000000F8E3
:1064B000422EE6BFF2E4D5BCE7E84BBE0000903CBC
:1064C000112E5781A03F503F5843128C8F71BC3F13
:1064D0004BE8A541B752013F0BBDF3DAE8708C3FA2
:1064E0000000E03F0000F03FFFFFFFFFFFFFFFFF66
:1064F00038B504000D00606881420DD222689142D7
:106500000AD38D1AA168884203D10121200001F02D
:1065100035F92068405D07E0A168884203D1012178
:10652000200001F02BF92878616808706068401C31
:10653000606031BD0278102A01D100207047827856
:106540008218D1708178491C81700178491C0170D2
:106550008178102901D10021817001207047704796
:1065600038B5040000F064F82060464801681F2236
:106570002368454D0905090F890069581140CB4032
:106580006360006841494004400F800008580240A1
:10659000D340A36031BD10B50100002003290ED106
:1065A000224C616D8907890FC02292020A43384943
:1065B000521A15D0521E16D0521E19D01EE00C29A8
:1065C0002FD11A4C616D0C220A40C02109031143DE
:1065D000304A891A04D0091F05D0091F08D00DE0E0
:1065E00000F026F810BD216849051AD52A4810BDCB
:1065F000E16D890715D58020000210BD00F018F864
:10660000A368A2681F21204C1B051B0F9B00E358A9
:106610000B40D8401D4B5204520F92009A58114023
:10662000C84010BDEDF7F6FE10BD0000001002409E
:1066300010B51B4B986838210140082902D0102959
:1066400002D017E0154810BDD8688007800F0328D6
:1066500001D1124800E01048DA68D968DC685204B9
:10666000520E50434906490F491CEDF7D3FE610F06
:10667000491C05E01A68084801219204520F914014
:10668000D0E70000081002405CA4010878AA0108C5
:106690000100030004000C000024F40000127A0042
:1066A00000100240F8B505000026002428680168A3
:1066B0008D4A0A40A96811432A690A43696911434E
:1066C000EA690A4302604168884A0A40E96811435E
:1066D00041608168864A0A40A96911432A6A0A43CF
:1066E0008260C16A0F2291436A6A0A43C262814989
:1066F00088420AD1804800688007800F20D0022895
:1067000012D013D3032813D01CE07C49884211D146
:10671000794800680C21014015D0042906D00829C9
:1067200002D00C2904D00DE002210CE004210AE083
:10673000082108E07249884202D07249884201D19A
:10674000002100E0102180200002EA69824228D165
:10675000002906D002291FD004291FD0082904D0FF
:1067600047E0F7F77FFE002844D06F6826A16A6AE9
:106770005200895AEDF74EFE400079084018390062
:10678000EDF748FEB1490200103A8A4231D2014089
:106790000007400F084324E0AD48E6E7F7F722FE84
:1067A000E1E7002906D002291ED004291ED00829BD
:1067B00004D01EE0F7F756FE00281BD06F6800BF1C
:1067C00011A16A6A5200895AEDF724FE790840182F
:1067D0003900EDF71FFE010010399C4A914208D2A2
:1067E00080B22968C86005E09948E7E7F7F7FAFD45
:1067F000E2E7012428006830012141800180C66061
:1068000006612000F2BD0000010002000400060045
:1068100008000A000C001000200040008000000169
:106820002821415C090706D501684A68894B134055
:10683000826B1A434A602821415CC90706D501686A
:106840004A68854B1340C26A1A434A602821415C5A
:10685000890706D501684A68804B1340026B1A43CA
:106860004A602821415C490706D501684A687C4B8B
:106870001340426B1A434A602821415CC90606D581
:1068800001688A68774B1340C26B1A438A602821DB
:10689000415C890606D501688A68734B1340026C17
:1068A0001A438A602821415C490611D501684A686B
:1068B0006E4B1340426C1A434A60426C80235B0368
:1068C0009A4205D14A686A4B1340826C1A434A6067
:1068D0002821415C090606D501684A68654B1340CA
:1068E000C06C184348607047F369FFCFFFCFFFFFCC
:1068F000FFF4FF11003801405410024000440040F2
:1069000000480040004C0040F8B5040000258430E9
:10691000C560F1F76FFF060008272068006838405F
:106920003BD02068C069800237D4F1F763FF801B39
:10693000B905884220D2206800684007F1D5206858
:10694000C069384005D1880B2168C9690140E8D089
:1069500008E020680762200000F090F820008430F2
:10696000C76008E021680862200000F087F8200076
:1069700084302021C1600570EFF31080012181F384
:10698000108821680A6880239A430A6080F310887F
:1069900020008430202141604AE0206800684007E0
:1069A00049D52068C069400245D4F1F723FF801B18
:1069B000B905884220D2206800684007F1D52068D8
:1069C000C069384005D1880B2168C9690140E8D009
:1069D00008E020680762200000F050F820008430B2
:1069E000C76008E021680862200000F047F8200036
:1069F00084302021C1600570EFF31080012181F304
:106A0000108821680A681C4B13400B6080F31088C3
:106A1000EFF31080012181F3108821688A68012337
:106A20009A438A6080F3108820008430202181609E
:106A300005700320F2BD2100843120204860886069
:106A4000E56625670D700020F2BD0000F0FF000034
:106A50000024F400FF7FFFFFFFFFFDFFFFFFFEFFAD
:106A6000FFFFFBFFFFEFFFFFFFDFFFFFFFFFEFFF7A
:106A7000FFFF9FFFFFFFF7FFDFFEFFFF10B4EFF305
:106A80001081012282F3108802681368134C1C40A5
:106A9000146081F31088EFF31081012282F31088D3
:106AA000026893680E4C1C40946081F31088C16E9C
:106AB00001290BD1EFF31081012282F310880268C3
:106AC00013681024A343136081F3108820218C22C3
:106AD00081500021C166416710BC7047DFFEFFFF97
:106AE000FEFFFFEF70477047704770477047704771
:106AF000704710B50400002020606060A060200096
:106B000000F05DFE200010BDF3B583B001240480C9
:106B1000114D124FFA26B600330096225200A021E2
:106B20003800ECF70BFC002812D10296039800887D
:106B3000019004A800900223B822A0213800ECF7AD
:106B4000E9F9002804D128700520F5F741FE00E09E
:106B50002C7005B0F0BD00BFAC570020D053002012
:106B60007CB50C001600EDF757FB0500F3F766F84F
:106B70000021016032006946280000F06AFE06002C
:106B80000098854201D1F1F7C3FEF3F757F800688A
:106B9000222801D1F1F7BCFE03E080B5FFF7E0FF4A
:106BA00002BD002C02D00098401B2060300076BD52
:106BB000F8B588B004000F0011203880124EFA2575
:106BC000AD002B0096225200A0213000ECF7B6FB5E
:106BD00000280FD102953888019003A80090022365
:106BE000C722A0213000ECF799FA411E8941C94320
:106BF000C90F00E001212000044A117003A91122ED
:106C0000EDF72CFD09B0F0BDD0530020AC570020AB
:106C10000EB4F8B583B0070011203880124C134E23
:106C2000FA25AD002B0096225200A0213000ECF78F
:106C300085FB002811D102953888019009A80090A1
:106C40000223C722A0213000ECF764F9002804D108
:106C500020700520F5F7BCFD01E00120207004B094
:106C60000498F0BC04B00047AC570020D05300207B
:106C7000BAB5EFF3108772B6174D04000EE029681D
:106C8000012088402168014321606968814369606F
:106C9000A868002802D12800EBF7BAFE207A41420A
:106CA000C9B2F029EBD010280FD000980078A17A53
:106CB0006118C872A07A401CA072207A401C207211
:106CC000A07A102801D10020A072201DF2F724FF25
:106CD00087F31088B3BD00BF140B002010B5EFF38D
:106CE000108472B600210172417A8172F2F714FFAA
:106CF00084F3108810BD7047BAB50400EFF3108715
:106D000072B6207A00280CD02000083000F0A6FDD2
:106D1000009908702000F2F7FFFE87F31088012029
:106D2000B6BD1B4D1B4829688900405882802968E0
:106D3000012088406168014361606968814369603E
:106D4000A868002806D028680121814062680A42AC
:106D50000AD003E02800EBF75BFEF4E78A436260A9
:106D600087F310880020B6BD217A0029DFD00021EA
:106D7000084A8000105881802000083000F06EFD25
:106D8000009908702000F2F7C7FE87F31088C6E765
:106D9000140B0020F40A0020F3B583B00124048012
:106DA000114D124FFA26B600330096225200A02150
:106DB0003800ECF7C3FA002812D102960398008835
:106DC000019004A800900223D822A0213800ECF7FB
:106DD000A1F8002804D128700520F5F7F9FC00E09F
:106DE0002C7005B0F0BD00BFAC570020D053002080
:106DF000FBB584B0002A00D1EEE004A803C879A452
:106E000030CC04400D4002D1002C00D1E4E0080059
:106E1000410049150023DB43994202D1000300D110
:106E2000DAE00020B649002A5AD554422B4D7D4461
:106E3000AA3508260AE0E20705D502000B0003CDBB
:106E4000083DF8F7CDFF64080835761E002C01D008
:106E5000002EF0D106000F006A4604A803C8F8F718
:106E600021FE009D32003B00F0F7DFF92A00F8F721
:106E700060FE04AA03C25BA6C0CE04A803C83940C2
:106E800002D1002800D18CE004A803C8080041000A
:106E90004915B14202D1000300D182E0002C00D19B
:106EA0007FE004A803C86A46F8F7FCFD009D95A2A0
:106EB0000CCAF8F795FF2A00F8F73BFE32003B00BA
:106EC00002400B4001D1002A69D04B005B15B34250
:106ED00001D10A0363D0641E61D0E4E714340000DA
:106EE0005FDD3F4D7D44FF35ED1F0826012714006F
:106EF0003C4205D002000B0003CD083DF8F770FFBF
:106F000064100835761E002C01DD002EF0D126001D
:106F100004000D006A4604A803C8F8F7C3FD009FEB
:106F200022002B00F8F75CFF3A00F8F702FE04AAF3
:106F300003C22CA003C802AA03C204A803C802AA61
:106F40000CCA02400B4001D1002A2AD008000027B9
:106F5000FF4341004915B94201D1000321D0002E61
:106F60001FDD04A803C834006A46F8F79BFD009DA6
:106F700066A20CCAF8F734FF2A00F8F7DAFD02AA75
:106F80000CCA02400B4001D1002A08D04B005B150F
:106F9000BB4201D10A0302D0641E002CE4DC04AA27
:106FA00003C204A803C80FA20CCA02400B4001D1BF
:106FB000002A08D00800410049150022D24391421E
:106FC0000AD1000308D1069CF2F72FFE002C03D053
:106FD000206801210143216004A803C807B0F0BD67
:106FE00010330000FFFFFFFFFFFFFF7FF9B587B001
:106FF0001500002B01D0002018600E00079C07A888
:1070000000F03EFC0107CA0F059208218843049551
:1070100001282DD10220009001AB320007992000F9
:1070200000F0BAFC050002D1002000211BE002980C
:10703000F8F7F2FD022D16DB01AC08346D1E0200DC
:107040000B0000203349F8F7CBFE06000F00206844
:10705000F8F7E2FD32003B00F8F7E8FD02000B0014
:10706000241D6D1EEDD1089B049A019C12192EE07F
:1070700002282FD1009001AB32000799200000F0C8
:1070800075FD050002D1002000211BE00298F8F7F1
:10709000C3FD022D16DB01AC08346D1E02000B008F
:1070A00000201D49F8F79CFE06000F002068F8F745
:1070B000B3FD32003B00F8F7B9FD02000B00241DC0
:1070C0006D1EEDD1019AF8F734FD089B049AFFF785
:1070D0008FFE0CE0032802D10020104907E00428AD
:1070E00003D10020C043410801E000200021059A9F
:1070F000002A02D080221206514009B0F0BD0000E3
:107100000000F03F436FAC642806C80A3CBF737FA1
:10711000DD4F157565CDCD410000B0410000F07F19
:1071200080B50023FFF762FF04BD80B50022002177
:10713000FFF7F6FF04BD7047F3B583B007000420E6
:107140003880114C114EFA25AD002B0096225200CA
:10715000A0213000ECF7F2F8002811D10295388810
:10716000019004A8009002230622A0213000EBF732
:10717000D1FE002804D120700520F5F729FB01E09D
:107180000120207005B0F0BDAC570020D053002086
:10719000F3B583B0070004203880114C114EFA2556
:1071A000AD002B0096225200A0213000ECF7C6F86B
:1071B000002811D102953888019004A8009002237C
:1071C0000E22A0213000EBF7A5FE002804D120708C
:1071D0000520F5F7FDFA01E00120207005B0F0BDB3
:1071E000AC570020D0530020F3B583B00700042033
:1071F0003880114C114EFA25AD002B00962252001A
:10720000A0213000ECF79AF8002811D102953888B7
:10721000019004A8009002231222A0213000EBF775
:1072200079FE002804D120700520F5F7D1FA01E09D
:107230000120207005B0F0BDAC570020D0530020D5
:10724000F3B583B0070004203880114C114EFA25A5
:10725000AD002B0096225200A0213000ECF76EF812
:10726000002811D102953888019004A800900223CB
:107270001622A0213000EBF74DFE002804D120702B
:107280000520F5F7A5FA01E00120207005B0F0BD5A
:10729000AC570020D0530020F3B583B00700042082
:1072A0003880114C114EFA25AD002B009622520069
:1072B000A0213000ECF742F8002811D1029538885F
:1072C000019004A8009002231A22A0213000EBF7BD
:1072D00021FE002804D120700520F5F779FA01E09D
:1072E0000120207005B0F0BDAC570020D053002025
:1072F000F3B583B0070004203880114C114EFA25F5
:10730000AD002B0096225200A0213000ECF716F8B9
:10731000002811D102953888019004A8009002231A
:107320001E22A0213000EBF7F5FD002804D12070CB
:107330000520F5F74DFA01E00120207005B0F0BD01
:10734000AC570020D05300200CB4012212060318C1
:10735000DA4207D84B18DA4204D802000A439218DE
:1073600002D288420CBC7047FCD08142FAE77047D9
:10737000F3B583B0070004203880114C114EFA2574
:10738000AD002B0096225200A0213000EBF7D6FF73
:10739000002811D102953888019004A8009002239A
:1073A0002222A0213000EBF7B5FD002804D1207087
:1073B0000520F5F70DFA01E00120207005B0F0BDC1
:1073C000AC570020D0530020F3B583B00700042051
:1073D0003880114C114EFA25AD002B009622520038
:1073E000A0213000EBF7AAFF002811D102953888C0
:1073F000019004A800900223B222A0213000EBF7F4
:1074000089FD002804D120700520F5F7E1F901E09D
:107410000120207005B0F0BDAC570020D0530020F3
:10742000F3B583B001240480114D124FFA26B60043
:10743000330096225200A0213800EBF77FFF00288E
:1074400012D1029603980088019004A800900223AC
:10745000B622A0213800EBF75DFD002804D128708A
:107460000520F5F7B5F900E02C7005B0F0BD00BFC0
:10747000AC570020D0530020F3B583B007000420A0
:107480003880114C114EFA25AD002B009622520087
:10749000A0213000EBF752FF002811D10295388867
:1074A000019004A8009002238222A0213000EBF773
:1074B00031FD002804D120700520F5F789F901E09D
:1074C0000120207005B0F0BDAC570020D053002043
:1074D000F3B583B0070004203880114C114EFA2513
:1074E000AD002B0096225200A0213000EBF726FFC2
:1074F000002811D102953888019004A80090022339
:107500008622A0213000EBF705FD002804D1207071
:107510000520F5F75DF901E00120207005B0F0BD10
:10752000AC570020D053002070B584B00600042072
:107530003080114DFA24A400230096225200A0218D
:107540002800EBF7FBFE00280FD102943088019051
:1075500003A8009002238222A0212800EBF7DEFD81
:10756000401E8041C043C00F00E001200349087065
:10757000039804B070BD00BFD0530020AC5700206A
:10758000F3B583B001240480114D124FFA26B600E2
:10759000330096225200A0213800EBF7CFFE0028DE
:1075A00012D1029603980088019004A8009002234B
:1075B000B722A0213800EBF7ADFC002804D12870D9
:1075C0000520F5F705F900E02C7005B0F0BD00BF0F
:1075D000AC570020D05300200EB4F0B586B00700A1
:1075E0000E2038806A460E2103A800F0D9FB3A88A5
:1075F0000BA90398EDF732F80024184DFA26B600CF
:1076000004E028700520F5F7E3F8641C388884420C
:107610001CDA330096225200A0211148EBF78EFEAF
:10762000002802D001202870EFE702960120019087
:1076300003980019009002232200B93292B2A021CF
:107640000748EBF767FC0028DBD0EBE703A8FAF765
:1076500011FA06B00498F0BC04B00047AC57002003
:10766000D05300200EB4F8B583B007001420388042
:10767000124C134EFA25AD002B0096225200A02189
:107680003000EBF75BFE002811D10295388801909D
:1076900009A8009002238A22A0213000EBF73AFCCF
:1076A000002804D120700520F5F792F801E00120B0
:1076B000207004B00498F0BC04B00047AC57002020
:1076C000D05300200EB4F8B583B0070014203880E2
:1076D000124C134EFA25AD002B0096225200A02129
:1076E0003000EBF72BFE002811D10295388801906D
:1076F00009A8009002239E22A0213000EBF70AFC8B
:10770000002804D120700520F5F762F801E001207F
:10771000207004B00498F0BC04B00047AC570020BF
:10772000D0530020F3B583B001240480114D124FD3
:10773000FA26B600330096225200A0213800EBF75B
:10774000FDFD002812D1029603980088019004A83C
:1077500000900223DA22A0213800EBF7DBFB00289F
:1077600004D128700520F5F733F800E02C7005B03F
:10777000F0BD00BFAC570020D053002038B544689E
:107780008268131B8B4219D203680025ED432D1B21
:10779000ED188D4201D2F1F7BBF8E41A6118D21A44
:1077A00053080024E443E41A944201D2002200E08A
:1077B000D218914200D2110000F007FB31BD80B514
:1077C00000F023FB01BDF7B50D001E00002D00D118
:1077D0006D460190044600E0641C2078ECF788FCBC
:1077E0000028F9D127782D2F01D02B2F06D1641C2A
:1077F0002078ECF77DFC002801D009E02B27029AC5
:10780000330029002000ECF75DFE29688C4203D18B
:1078100001982860002005E02B2F05D18021090662
:10782000884207D203B0F0BD2D2FFBD1802109067D
:1078300088420BD9F2F7F9F9002E01D0012030600F
:107840002D2F01D10846EDE7C843EBE74142080080
:10785000E8E780B50023FFF7B6FF02BD01004878D6
:107860000818C0780A78002A09D0521E0A704A788F
:10787000521C4A70D2B2102A01D100224A707047BD
:10788000F1B582B00E0004680027002500E0641CFA
:107890002078ECF72DFC0028F9D120782D2801D193
:1078A000082501E02B2800D1641C2178202020220B
:1078B0000A4300966E2A25D161780143612903D1DC
:1078C000A17808436E2802D00298046815E0E41CF1
:1078D00025000427287828280FD16D1C2E78300029
:1078E000ECF7FDFB0028F8D1303E0A2EF5D32878BE
:1078F0005F28F2D0292800D16C1C0098002846D0BF
:10790000046044E0692A26D1617801436E2903D1DD
:10791000A1780143662902D00298046817E0E41CAC
:1079200003272F4321780143692910D1617801434E
:107930006E290CD1A1780143692908D1E17801436E
:10794000742904D121790843792800D1641D002EBF
:107950001DD034601BE0302917D1617808437828A6
:1079600013D1A01C01782E2900D1401C0078010001
:107970006139062906D301004139062902D330387E
:107980000A2802D2A41C022700E001272F430298F4
:107990000460380003B0F0BDF5B591B01800189B35
:1079A00000270297DC00E3182D2B00DD2D23076054
:1079B0004760012401E0491C01270D78302DFAD0E1
:1079C0000025009405AE0C00189300210FE002681A
:1079D000521C02602278302A07D0009905E0189BDB
:1079E0009D42F4DAD03272556D1C641C009F2278DF
:1079F0001300303B0A2BF2D301900391F0F781FF83
:107A00002178406A0078814200D1641C002D0198E1
:107A10000ED1217830290BD10168491E0160641C08
:107A2000009FF6E7302901D000990391641C009F64
:107A300021780A00303A0A2A09D2189A9542F1DAD6
:107A4000D03171556D1C0168491E0160EEE701944B
:107A50001899039A0397002A04D0721E525C521C94
:107A6000731E5A54040007E0701E405D002809D1BF
:107A70002068401C20606D1E002DF5DC02D1002026
:107A80003070009D0398002860D0002004900926E3
:107A900028000921ECF7BBFC761A30000921ECF72D
:107AA000B6FC002901D000980290029F0295049D27
:107AB00018E0B800201801688A0051184900009A9F
:107AC000891801600CE005A8405D00903000092194
:107AD000ECF79DFC0029ECD17F1C0098B9006050A8
:107AE000761C6D1C02988542EDDB029701980078A8
:107AF00020210143652929D1019800900198401C5B
:107B000003782B2B01D02D2B01D1401C00E02B231F
:107B10000021002209E014498A4204DA9100891800
:107B200049004A19303A401C012105782F00303FA6
:107B30000A2FF0D301902D2B01D150420200206872
:107B400080182060002901D1009801901299002925
:107B500006D00398002801D0019800E01198086031
:107B6000029813B0F0BD00BF00E1F505F5B58FB088
:107B7000169800260396C200101A232800DD232041
:107B80001E605E6001E0491C01260C78302CFAD0A2
:107B9000002400BF76A20092012202920D001F0075
:107BA000169010E03868401C38600AE01699A1422F
:107BB000F8DB00BF74A1009A801A085C05A908557B
:107BC000641C6D1C029E00BF69A016222978F2F782
:107BD00017F80028EAD1049701962700F0F791FEE4
:107BE0002978406A0078814200D16D1C002F0BD1AA
:107BF0002C00049E019D2078302819D13068401E49
:107C00003060641C029DF6E72C00049E019D0FE08D
:107C10001699B9420ADB00BF5BA1009A801A085C82
:107C200005A9C8557F1C3068401E3060641C029D49
:107C3000162221784EA0F1F7E3FF0028E8D1009446
:107C400016980195B84218DA05A9095C072906DDDE
:107C500005A9491E095C491C05AA521E11540700BA
:107C60003068401C306008E005A8401EC05D002858
:107C70000AD13068401C30607F1E002FF4DC03D135
:107C8000002069460875029F3068800030600198C6
:107C900000285ED000200490072438000721ECF76C
:107CA000B6FB641A20000721ECF7B1FB002901D0D4
:107CB00002980390039D0397049F16E0A8003018D4
:107CC00001680901029A891801600CE005A8C05DED
:107CD000029020000721ECF79AFB0029EED16D1CE1
:107CE0000298A9007050641C7F1C03988742EDDB4A
:107CF00003950098007820210143702929D100982C
:107D000002900098401C03782B2B01D02D2B01D121
:107D1000401C00E02B230021002209E013498A4285
:107D200004DA9100891849000A19303A401C0121EF
:107D300004782700303F0A2FF0D300902D2B01D17B
:107D400050420200306880183060002901D102984A
:107D500000901099002906D00198002801D00098C1
:107D600000E00F980860039811B0F0BD00E1F50540
:107D700030313233343536373839616263646566A1
:107D80004142434445460000000102030405060742
:107D900008090A0B0C0D0E0F0A0B0C0D0E0F00003C
:107DA00038B504000D00002020606060A060200055
:107DB000F9F74EFE002806D029002068ECF7FCF801
:107DC000606840196060200032BDF8B505000E0003
:107DD00001D1002403E03000F1F7F4FE040029682B
:107DE0006868421A2000F0F7D5FD29686A68571ABA
:107DF000002904D0AA68521A2800FEF789F9A019B0
:107E0000A860E01968602C60F1BDF8B504000E00B0
:107E1000951B2900F9F71CFE002807D027682A00C7
:107E200031003800F0F7B6FD78196060F1BD704799
:107E300080B52AE038B50500924C69682000F2F759
:107E400003FAA9480078002802D0BF4920005DE16C
:107E500018202A5E02A12000F2F73CFA31BD000092
:107E60002020202074B0203D2025322E3264B043E3
:107E70002020200010B50400B448F2F7CEFAEFF746
:107E800035FA208310BD704780B5A248F2F7A1F8FB
:107E9000002803D0AE480068F2F75CF901BD00008D
:107EA00078B589B0040002A80021002206C0684607
:107EB00006C0112104A8ECF781F8724D6168280012
:107EC000F2F7C2F9A34E3000F7F723F8012804D1E6
:107ED0001CA12800F2F7FEF931E03000F6F7F1FFBF
:107EE000A0613000F6F7FFFFE0612022102104A816
:107EF000ECF766F8A069EFF7F9F902B216A102A84B
:107F0000ECF77CF80600E069EFF7F0F902B200BF89
:107F100013A16846ECF772F804B232B202A904A8C1
:107F2000ECF782FB2200694604A86342C0181030B7
:107F3000ECF794FB04AABCA12800F2F7CBF90AB035
:107F400070BD0000202020CDC520CFD0C0D6DEAA35
:107F50002120202000000000873D25642525000009
:107F6000863D2564B0430000704738B50400694879
:107F7000F2F72FF8002800D0C0E1924D2800F2F768
:107F800028F8002801D0012005E02800F2F73CF88D
:107F9000002806D00020207600946946A648F4F711
:107FA000E1FA31BD38B50400364D61682800F2F7BA
:107FB0004BF9207E002801D001A100E005A1A4E03A
:107FC000C4C2C5D04920C249C4D7C8CDC5CD4920F7
:107FD0000000000020C4C2C5D04920C7C0D7C8CD0A
:107FE000C5CD49200000000038B50400754D34E0CF
:107FF000704738B504004748F1F7EBFF002803D07D
:10800000A9484178FD2272E1A84D2800F1F7E1FF6F
:10801000002806D001202076A348417802220A4396
:108020000AE02800F1F7F0FF002810D000202076A9
:108030009D484178FD220A4042700122411C0320E4
:10804000F1F744FF009469467B48F4F78BFA31BDA1
:1080500038B54DE038B50400944D2800F1F7B9FF6C
:1080600000280CD12800F1F7C6FF002807D128000E
:10807000F1F7B8FF401E8041C043C00F00E001206F
:10808000207631BD8C510020704738B5040021485E
:10809000F1F79FFF002803D083484178FE2226E1B4
:1080A000994D2800F1F795FF002806D0012121768F
:1080B0007D484278114341700BE02800F1F7A4FF9E
:1080C000002810D00020207677484178FE220A4010
:1080D00042700122411C0320F1F7F8FE009469462A
:1080E0005548F4F73FFA31BD2C59002038B500BF90
:1080F00004009B4D61682800F2F7A6F8207E002856
:1081000002D000BF04A100E008A12800F2F7E2F8C5
:1081100031BD0000380B002020202020CDC0D2C867
:10812000D1CDD3D2C0202020000000002020CDC51A
:1081300020CDC0D2C8D1CDD3D2C0202000000000B5
:1081400038B50400704D88E7188901086056002092
:1081500034580020584F0020704738B50400994823
:10816000F1F737FF002803D04F484178DF22BEE007
:10817000954D2800F1F72DFF002806D0012020762C
:108180004948417820220A430AE02800F1F73CFFE1
:10819000002810D00020207643484178DF220A4092
:1081A00042700122411C0320F1F790FE00946946C1
:1081B0002148F4F7D7F931BD38B599E738B504004F
:1081C000814D4AE7880C0020704738B504007D488F
:1081D000F1F7FFFE002803D033484178EF2286E014
:1081E000A04D2800F1F7F5FE002806D001202076EA
:1081F0002D48417810220A430AE02800F1F704FFD5
:10820000002810D00020207627484178EF220A402D
:1082100042700122411C0320F1F758FE0094694688
:108220000548F4F79FF931BD2573000038B55FE7C5
:1082300038B504008B4D10E7C4520020704738B5A4
:1082400004006048F1F7C5FE002803D016484178C5
:10825000FB224CE0994D2800F1F7BBFE002806D028
:10826000012020761048417804220A430AE02800C1
:10827000F1F7CAFE002810D0002020760A48417885
:10828000FB220A4042700122411C0320F1F71EFE2E
:1082900000946946B248F4F765F931BD38B527E76F
:1082A00038B50400854DD8E65C570020E00B00206F
:1082B000704738B504004348F1F78BFE002800D022
:1082C00012E0B04D22E038B512E738B50400AD4DEC
:1082D000C3E6704738B504003A48F1F77AFE002843
:1082E00000D001E0A84D11E0A8484178F7220A40EB
:1082F00042700122411C0320F1F7E8FDB8480068F4
:10830000F1F728FF31BD0000700C00202800F1F7C4
:1083100060FE002806D0012020769C484178082283
:108320000A430AE02800F1F76FFE002810D0002071
:10833000207696484178F7220A4042700122411C7B
:108340000320F1F7C3FD009469468548F4F70AF964
:1083500031BD38B5CCE638B504008B4D7DE6000064
:108360008C510020704738B504001648F1F731FEF3
:10837000002800D0C2E7A64D2800F1F72AFE002809
:1083800002D00120207616E02800F1F73DFE0028FB
:1083900002D0002020760EE09E4D2800F1F719FE55
:1083A000002801D0012005E02800F1F72DFE00286B
:1083B00006D000206076009469466948F4F7D2F848
:1083C00031BD0000380B0020F80B002038B5050047
:1083D000914C69682000F1F737FF687E002801D0D2
:1083E0008EA300E0B1A3287E002801D08BA200E07C
:1083F000AEA200BF02A12000F1F76CFF31BD00006A
:10840000C4CDD03A25732020C4C2D03A25730000D1
:1084100038B504000020207660767D4D2800F1F705
:10842000D8FD002809D12800F1F7E5FD002804D186
:108430002800F1F7D7FD002801D001202076754DE6
:108440002800F1F7C6FD002809D12800F1F7D3FD77
:10845000002804D12800F1F7C5FD002801D0012033
:10846000607631BD100C002070477CB50400904848
:10847000F1F7AFFD002805D0002280214900A0209F
:10848000C0056FE08B48F1F7A4FD002815D0A026A9
:10849000F60580256D0029003000F1F78CFC0028DE
:1084A00001D0002200E0012229003000F1F78AFC0F
:1084B000009469462A48F4F755F873BD280C00204B
:1084C00010B5554C41682000F1F7BEFE80214900EF
:1084D000A020C005F1F76FFC002801D001A100E049
:1084E00005A190E020202020C2CACBDED7C5CDCE8A
:1084F000202020200000000020202020C2C8CCCA5C
:10850000CDC5CDCE20202020000000007047704750
:108510007CB504006648F1F75CFD002804D0002219
:108520008021C90099481DE06248F1F752FD0028FA
:1085300014D0964E8025ED0029003000F1F73BFC69
:10854000002801D0002200E0012229003000F1F7CC
:1085500039FC009469460248F4F704F873BD000042
:10856000C4520020F1F72EFC1D480068F1F7F2FD1F
:1085700073BD10B5284C41682000F1F765FE8021DD
:10858000C90037E0400C0020580C00205C57002048
:108590007047704738B504004548F1F71AFD0028C8
:1085A00005D0002204217948F1F70CFCA6E64148E9
:1085B000F1F70FFD002812D0744D04212800F1F7C7
:1085C000FAFB002801D0002200E00122042128004B
:1085D000F1F7F8FB00946946B948F3F7C3FF31BDE2
:1085E0003458002010B50C4C41682000F1F72CFEE7
:1085F000042100BF6548F1F7DEFB002802D000BF70
:1086000007A100E00BA12000F1F764FE10BD0000FF
:10861000B00B0020C80B00208C510020204F4E00D2
:1086200020202020C2CACBDED7C5CDC8C92020203B
:108630000000000020202020C2C8CCCACDC5CDC873
:10864000C9202020000000007047704738B50400A2
:108650001748F1F7BEFC002805D0002201219948F7
:10866000F1F7B0FB4AE61348F1F7B3FC002813D04A
:10867000944D01212800F1F79EFB002802D0002232
:10868000012101E0012201212800F1F79BFB009468
:1086900069468B48F3F766FF31BD10B58A4C4168D7
:1086A0002000F1F7D1FD01218648A4E74F4646009E
:1086B000380B0020680B00207047704738B5040065
:1086C0008248F1F786FC002809D0814D216A2800F4
:1086D000F1F7C0FE616A2800F1F7D1FE0EE67D4891
:1086E000F1F777FC00282ED0E169794D207E002833
:1086F00012D1FE208005F6F7F3F901002800F1F70A
:10870000A9FEE0698021C905F6F7EAF90100280011
:10871000F1F7B5FE012010E06F48F6F7E1F901002E
:108720002800F1F797FEE069C0210906F6F7D8F9AD
:1087300001002800F1F7A3FE00202076009469468E
:108740005F48F3F70FFF31BD10B55F4C4168200063
:10875000F1F77AFD5E48F1F73EFE4EE738B50400CA
:108760005B4D2800F1F737FE20762800F1F759FE1F
:1087700020622800F1F76AFE606231BD10B5040086
:108780005348F1F74AFEE06110BD000000040050BC
:1087900038B504004D48F1F71CFC002813D04C4DAF
:1087A0004E4C00202056EEF71BFD01002800F1F78B
:1087B00051FE00202056401EEEF712FD0100280059
:1087C000F1F75DFE9AE54348F1F703FC002805D078
:1087D0001920205632281DDA401C09E04048F1F7E4
:1087E000F8FB002816D019202056012812DB401E65
:1087F0006076374D40B2EEF7F3FC01002800F1F748
:1088000029FE19202056401EEEF7EAFC0100280040
:10881000F1F735FE31BD000038B504002A4D61681E
:108820002800F1F711FD2F480078002805D000BF7F
:1088300039A12800F1F708FD31BD207E002801D0C4
:108840002CA300E02DA31920225600BF2DA1280043
:10885000F1F740FD31BDF8B584B005000124224890
:108860000480224FFA26B600330096225200A0213F
:108870003800EAF763FD00280FD102961A480088F5
:10888000019003A8009002230522A0213800EAF7F6
:1088900045FC441EA441E443E40F154804706846B7
:1088A000007B0E4908706846007B687605B0F0BD15
:1088B00010B504000648F1F78EFD207610BD0000CB
:1088C000C4520020000C00508C510020380B0020B6
:1088D00060560020680B0020000080BF1459002063
:1088E000500B00202C590020BC580020D0530020F1
:1088F000AC570020C2CACB2E20000000C2C8CCCA90
:108900002E00000074B0BB203D2025322E3264B012
:1089100043202573000000002020CFCECCC8CBCA56
:10892000C0204453373520200000000041540D0D75
:108930000A4F4B0D0A000000415445310D00000064
:10894000415445310D0D0A4F4B0D0A0041542B4344
:108950004D45453D310D000041542B434C54533D92
:10896000310D0D0A4F4B0D0A0000000041542B43FE
:108970004D45453D310D0D0A4F4B0D0A00000000DD
:1089800041542B435245473D310D000041542B4388
:108990005245473D310D0D0A4F4B0D0A00000000B6
:1089A00041542B435041530D0000000041542B43D0
:1089B0005041530D0D0A2B435041533A20300D0ABC
:1089C0000D0A4F4B0D0A000041542B435041530DEB
:1089D0000D0A2B435041533A20330D0A0D0A4F4BD9
:1089E0000D0A000041542B435041530D0D0A2B43F7
:1089F0005041533A20340D0A0D0A4F4B0D0A000026
:108A000041542B4353510D0041542B4353510D0DF1
:108A10000A2B4353513A20000D0A4F4B0D0A000018
:108A200041542B4346554E3D310D000041542B43DC
:108A300046554E3D310D0D0A4F4B0D0A000000000A
:108A400041542B434F50533D302C300D0D0A2B43D6
:108A50004D45204552524F523A203630340D0A00CF
:108A600041542B4350494E3D313131310D0D0A4FA8
:108A70004B0D0A0D0A4F4B0D0A00000041542B43C9
:108A800050494E3D303030300D0D0A4F4B0D0A0D20
:108A90000A4F4B0D0A00000041542B434F50533DE9
:108AA000300D000041542B4346554E3D310D0D0A0B
:108AB0002B4346554E3A200041542B434F50533FD1
:108AC0000D00000041542B434E554D0D0D0A2B4314
:108AD0004D45204552524F523A2031310D0A000087
:108AE00041542B434F50533D300D0D0A2B434D4500
:108AF000204552524F523A203131000041542B430D
:108B000050494E3D313131310D00000041542B436D
:108B100050494E3D313131310D0D0A2B434D452029
:108B20004552524F523A20313600000041542B43F7
:108B300050494E3D303030300D00000041542B4341
:108B40004F50533D300D0D0A4F4B0D0A00000000F1
:108B500041542B434F50533D302C300D000000004A
:108B600041542B434F50533D000000000D0D0A4F60
:108B70004B0D0A0041542B434D47463D310D00003B
:108B800041542B434D47463D310D0D0A4F4B0D0AC5
:108B90000000000041542B434C49503D300D000073
:108BA00041542B434C49503D300D0D0A4F4B0D0A9B
:108BB0000000000041542B435553443D312C222AE0
:108BC00031363123220D000031350D0A000000003E
:108BD00037320D0A0000000025382E386C75000071
:108BE0000D0A2B434D45204552524F523A2000006A
:108BF00041542B434E554D0D0D0A2B434D452045F9
:108C000052524F523A2031300D0A000041542B434A
:108C100046554E3D310D0D0A2B4346554E3A2034F4
:108C20000000000041542B435041530D0D0A2B43CB
:108C30005041533A20320D0A0D0A4F4B0D0A0000E5
:108C40000D0A2B434D54493A2022534D222C00004B
:108C50000D0A2B434D54493A20224D45222C000049
:108C60000D0A2B434D54493A20224D54222C00002A
:108C700041542B434D47523D000000000D0A2B4349
:108C80004D47523A202252454320554E52454144C9
:108C9000222C220041542B434D47533D220000001B
:108CA0000D0A3E20000000002B434D532045525238
:108CB0004F523A0041542B434D47443D312C340D23
:108CC000000000000D0A2B434D47533A20000000DE
:108CD00041542B434D47443D312C340D0D0A4F4B2D
:108CE0000D0A000041542B53415042523D332C3168
:108CF0002C2241504E222C22434D4E4554220D0031
:108D000041542B53415042523D312C310D00000053
:108D100041542B53415042523D312C310D0D0A4FDD
:108D20004B0D0A0041542B434E54504349443D31AE
:108D30000D00000041542B53415042523D312C3123
:108D40000D0D0A2B434D45204552524F523A2033C8
:108D50000D0A000041542B53415042523D322C31F8
:108D60000D00000041542B53415042523D322C31F2
:108D70000D0D0A2B53415042523A20312C312C0018
:108D80000D0A0D0A4F4B0D0A0000000041542B53F1
:108D9000415042523D312C310D0D0A2B4355534465
:108DA0003A20320D0A00000041542B434E545043E8
:108DB00049443D310D0D0A4F4B0D0A0041542B43E0
:108DC0004E54503D2254494D452E494E2E55412278
:108DD0002C31320D0000000041542B434E54503DC5
:108DE0002254494D452E494E2E5541222C31320DEB
:108DF0000D0A4F4B0D0A000041542B434E54500DA9
:108E00000000000041542B434E54500D0D0A4F4BAF
:108E10000D0A0D0A2B434E54503A20310D0A000022
:108E200041542B43434C4B3F0D00000041542B4316
:108E3000434C4B3F0D0D0A2B43434C4B3A20220031
:108E400041542B434E54500D0D0A4F4B0D0A0D0A41
:108E50002B434E54503A20363100000041542B43EE
:108E60004E54500D0D0A4F4B0D0A0D0A2B434E5414
:108E7000503A20363200000041542B434E54500DDE
:108E80000D0A4F4B0D0A0D0A2B434E54503A203613
:108E90003300000041542B434E54500D0D0A4F4BEC
:108EA0000D0A0D0A2B434E54503A20363400000070
:108EB00041542B434E54500D0D0A4F4B0D0A0D0AD1
:108EC0002B434E54503A20363500000041542B437A
:108ED0004E54500D0D0A4F4B0D0A0D0A2B4355539E
:108EE000443A20320D0A000041542B434E54503D69
:108EF00022504F4F4C2E4E54502E4F5247222C3161
:108F0000320D00004B5949565354415200000000A5
:108F1000415354454C49540041542B435553443D0F
:108F2000312C222A31313123220D000041542B43B0
:108F30005553443D312C222A31303123220D00007B
:108F400041542B53415042523D332C312C22436F1C
:108F50006E74797065222C2247505253220D000006
:108F60002B435553443A20302C202200222C20370A
:108F7000320D0A002B434F50533A20302C302C2214
:108F800000000000222C2031350D0A002B435553E0
:108F9000443A20312C2200002B434D54493A2022E0
:108FA0000000000052454320554E52454144222CBA
:108FB00022000000564F444100000000544F54412D
:108FC0004C000000434153480000000052535442FB
:108FD0004300000054454D500000000020CDC52046
:108FE000C2C8C7CDC0D7C5CDC8C920200000000069
:108FF0004156544F4D4154200000000050525953E7
:109000005452495920504552455A4156414E5441B7
:1090100047454E4F000000004156544F4D415420EB
:109020005A5550594E454E4F0000000054454D5082
:10903000455241545552412025322E326420485227
:1090400041442E00504F4D594C4B41200000000030
:10905000504F4D594C4B41205445524D4F44415473
:109060004348594B41000000504F4D594C4B412053
:109070005445524D4F5354415441000053505241B6
:109080005453595556415620444E5200504F4D5955
:109090004C4B41204E414C5956414E4E59410000D7
:1090A000494E4B415341434959412025322E3264A8
:1090B0002F25322E32642F25322E32640D0A000005
:1090C0004B55505955523A20253031322E32660DCB
:1090D0000A0000004D4F4E45543A202025303132D1
:1090E0002E32660D0A000000504F544F43484E4543
:1090F000205A4E414348454E4E59410D0A253031C4
:10910000322E3366000000004D4F4E45543A202069
:10911000253031322E32660D0A0000004B41525488
:109120004F4B3A20253031322E32660042414C41BD
:109130004E53204B41525459200000004E414B4F9A
:1091400050594348454E4F3A0D0A4B5550595552C8
:109150003A20253031322E32660D0A004D4F4E45F1
:10916000543A2020253031322E326600504F4D596E
:109170004C4B41204D4F4E45544F505259594D4143
:109180004348410D0A0000004552524F52202564C9
:10919000000000002053454E534F5220256400002C
:1091A0004456455249205649444B525954490000AF
:1091B000000000000000F0BF000000000000008080
:1091C000000000000000008000000000000000001F
:1091D000000000C05294EEBF00000048204E51BE77
:1091E000000000F86467BCBC000000000000000044
:1091F000000000208133EDBF00000080B3DB14BE0F
:10920000000000506706A3BC000000000000000042
:10921000000000D0E9DCEBBF00000008C39259BE9B
:1092200000000080B0D3B8BC0000000000000000C7
:1092300000000070F98FEABF000000C0A51028BE32
:10924000000000E8BFC0B0BC00000000000000004B
:1092500000000070284CE9BF00000060134B42BEC4
:10926000000000C03D20B8BC00000000000000006D
:1092700000000050FA10E8BF000000C05FF62BBEEF
:10928000000000905C71A7BC00000000000000001E
:1092900000000020FCDDE6BF000000C0F8F154BE75
:1092A00000000018E9F6B9BC000000000000000052
:1092B000000000D0C3B2E5BF00000070E43254BE2D
:1092C00000000050DB06B4BC0000000000000000FD
:1092D00000000010EF8EE4BF00000020F36252BED9
:1092E000000000C02A879ABC0000000000000000B7
:1092F000000000B02272E3BF000000F0E8E056BEBC
:1093000000000028352DBDBC00000000000000005A
:10931000000000000A5CE2BF000000B0FA8E41BE0F
:1093200000000040AE6FBDBC000000000000000067
:1093300000000000564CE1BF000000F015CD5FBEFC
:1093400000000000141C90BC0000000000000000A1
:1093500000000040BD42E0BF00000030F93457BEBD
:10936000000000E06C1E93BC000000000000000044
:10937000000000E0F57DDEBF000000B08A535EBE55
:1093800000000080DA77AABC0000000000000000A6
:10939000000000C09D81DCBF00000000FFA226BECF
:1093A0000000006057E2B0BC0000000000000000B8
:1093B00000000060F98FDABF000000580A8151BE3A
:1093C000000000F05F60B8BC00000000000000007A
:1093D0000000000098A8D8BF000000607A7F45BE5A
:1093E000000000D05433A3BC0000000000000000C7
:1093F000000000600FCBD6BF000000D091CB40BE74
:10940000000000406D1BA0BC000000000000000038
:10941000000000A0FBF6D4BF00000098C5CE52BEED
:10942000000000003A397EBC00000000000000008F
:10943000000000E0FE2BD3BF0000004073872BBE6E
:1094400000000000926879BC0000000000000000ED
:1094500000000040C069D1BF00000058F16353BE56
:1094600000000080438D7CBC000000000000000074
:1094700000000080D85FCFBF000000181F8354BEDB
:10948000000000B03F42A2BC00000000000000004D
:109490000000008067FCCBBF00000060FAFF53BEF5
:1094A00000000050E00DB8BC00000000000000000B
:1094B0000000000098A8C8BF000000607A7F35BE99
:1094C000000000C0543393BC000000000000000006
:1094D00000000000DC63C5BF00000058D6FF54BE8A
:1094E00000000000396490BC000000000000000093
:1094F000000000C0AD2DC2BF00000080A45915BE01
:10950000000000E0484BABBC000000000000000081
:10951000000000801A0BBEBF00000050BF3C5ABEC6
:10952000000000A0B364B6BC000000000000000012
:109530000000008004D6B7BF00000040BBCF36BE9D
:109540000000008076CEA8BC0000000000000000F3
:109550000000008032BBB1BF000000402A0043BEC3
:1095600000000028C60CBDBC000000000000000088
:10957000000000009473A7BF000000182B3B59BEE9
:10958000000000C0E55DA5BC000000000000000078
:1095900000000000EE4397BF000000A0E6C340BEFD
:1095A00000000020958DB5BC000000000000000008
:1095B00000000000000000800000000000000080AB
:1095C000000000000000008000000000000000001B
:1095D00041542B4350494E3D303030300D0D0A4F31
:1095E0004B0D0A0D0A2B4350494E3A205245414437
:1095F000590D0A0D0A2B435245473A20320D0A0DE8
:109600000A43414C4C2052454144590D0A0D0A531E
:109610004D532052454144590D0A0D0A2B435245E2
:10962000473A20330D0A000041542B4350494E3D28
:10963000313131310D0D0A4F4B0D0A0D0A2B4350BC
:10964000494E3A2052454144590D0A0D0A2B4352C6
:1096500045473A20320D0A0D0A43414C4C205245F1
:109660004144590D0A0D0A534D5320524541445966
:109670000D0A0D0A2B435245473A20330D0A0000CC
:1096800041542B435553443D312C222A313131234F
:10969000220D0D0A4F4B0D0A0D0A2B435553443A28
:1096A0002000000041542B435553443D312C222AC5
:1096B00031303123220D0D0A4F4B0D0A0D0A2B4379
:1096C0005553443A2000000041542B435553443D28
:1096D000312C222A31363123220D0D0A4F4B0D0A2F
:1096E0000D0A2B435553443A2030000041542B437C
:1096F0005553443D312C222A31363123220D0D0A97
:109700004F4B0D0A0D0A2B435553443A20300D0A96
:109710000000000041542B435553443D312C222A74
:1097200031363123220D0D0A4F4B0D0A0D0A2B4302
:109730005553443A20320D0A0000000041542B4397
:109740005553443D312C222A31313123220D0D0A4B
:109750000D0A0D0A4F4B0D0A0D0A2B435553443A7F
:109760002000000041542B435553443D312C222A04
:1097700031303123220D0D0A0D0A0D0A4F4B0D0A0F
:109780000D0A2B435553443A2000000041542B53FB
:10979000415042523D332C312C22434F4E545950AC
:1097A00045222C2247505253220D0D0A4F4B0D0AD1
:1097B0000000000041542B53415042523D332C31A4
:1097C0002C2241504E222C22434D4E4554220D0D49
:1097D0000A4F4B0D0A00000041542B434E54503D9C
:1097E0002254494D452E4E54502E4F52472E55412E
:1097F000222C31320D0D0A4F4B0D0A0041542B43E0
:109800004E54503D224E5450312E4E54502E4F52F5
:10981000472E5541222C31320D0D0A4F4B0D0A00B7
:1098200041542B434E54503D224E5450322E4E54F0
:10983000502E4F52472E5541222C31320D0D0A4FDA
:109840004B0D0A0041542B434E54503D224E545070
:10985000332E4E54502E4F52472E5541222C31322A
:109860000D0D0A4F4B0D0A0041542B434E54503DF1
:10987000224E5450342E4E54502E4F52472E5541A6
:10988000222C31320D0D0A4F4B0D0A0041542B434F
:109890004E54503D224E5450352E4E54502E4F5261
:1098A000472E5541222C31320D0D0A4F4B0D0A0027
:1098B00041542B434E54503D224E5450362E4E545C
:1098C000502E4F52472E5541222C31320D0D0A4F4A
:1098D0004B0D0A0041542B434E54503D22504F4FE4
:1098E0004C2E4E54502E4F5247222C31320D0D0A21
:1098F0004F4B0D0A0000000041542B434E54503D85
:1099000022302E4555524F50452E504F4F4C2E4E23
:1099100054502E4F5247222C31320D0D0A4F4B0D11
:109920000A00000041542B434E54503D22312E4535
:1099300055524F50452E504F4F4C2E4E54502E4F97
:109940005247222C31320D0D0A4F4B0D0A000000F8
:1099500041542B434E54503D22322E4555524F50C8
:10996000452E504F4F4C2E4E54502E4F5247222CC6
:1099700031320D0D0A4F4B0D0A00000041542B43AC
:109980004E54503D22332E4555524F50452E504F88
:109990004F4C2E4E54502E4F5247222C31320D0D2B
:1099A0000A4F4B0D0A00000041542B434E54503DCA
:1099B00022302E4555524F50452E504F4F4C2E4E73
:1099C00054502E4F5247222C31320D0080B565483D
:1099D000002141608160C160634A6449001DE9F76C
:1099E00000F801BD38B5EFF3108072B6604CA16885
:1099F000491CA16080F310885E4DE9692020014078
:109A000004D02968084001D000F07EF82968802041
:109A1000014004D0E969084001D000F03AF8296813
:109A200040200140002905D0E969014002D02862A8
:109A300000F05DF8A868C0070AD5E869400707D5B7
:109A4000802040054C490860BFF34F8FBFF36F8FF4
:109A5000EFF3108072B6A168491EA16002D080F3B6
:109A6000108831BD6268514211400A011143434AD6
:109A70008B0119430B04591A890E515CE16022686D
:109A8000914203D0802149053D4A116080F310883E
:109A900031BD3C4841884A008218D2880388002B97
:109AA00007D05B1E0380491C8BB2242B00D1002100
:109AB00041803049D205D20D8A620088002815D134
:109AC000EFF31080012282F310880A6880239A4302
:109AD0000A6080F31088EFF31080012282F310886F
:109AE0000A68402313430B6080F310887047EFF33C
:109AF0001080012181F310881E490A6840239A438F
:109B00000A6080F3108870471CB51F480068C005C4
:109B1000C00D69460880134C201D00F037F8A0687E
:109B20006168401A4010252804D30320A07001204A
:109B3000207013BD60786946098840186946098815
:109B4000C9050DD569460988401A0A46C1B2D2B284
:109B5000914201D1002100E00221A1700121217078
:109B6000607013BD18570020A458002099B7010851
:109B7000140B00200044004080E100E01CA4010818
:109B800004ED00E0785400202444004038B504007F
:109B90000D006068814210D2226891420DD3891A6B
:109BA0004D10A168884203D10121200000F012F875
:109BB000606821686A00895A08E0A168884203D178
:109BC0000121200000F006F8606829880180801CCF
:109BD000606031BD70B544688268131B5B108B42B6
:109BE00017D20368E41A65100A4C661B8E4201D234
:109BF000EEF78EFE6918D21A52105308E41A9442F6
:109C000001D2002200E0D218914200D2110000F0EF
:109C100003F870BDFFFFFF7FF8B505000E0001D10E
:109C2000002409E080200006864201D3EEF770FE92
:109C30007000EFF7C7FF040029686868401A4010F9
:109C400042002000EEF7A6FE29686A68521A5710F3
:109C5000002905D0AA68501A4210280000F008F820
:109C600070002018A8607800201868602C60F1BD92
:109C700080B50800EEF786FE01BD7047CEC7CECD99
:109C8000D3C2C0CDCDDF20202025332E3364000089
:109C9000257325372E306600257325372E31660053
:109CA000257325372E326600257325372E3266E35D
:109CB000F0ED2FEB0000000025372E306600253731
:109CC0002E31660025372E3266000000C1C5C7CA96
:109CD000CED8D2CEC2CDCE2025332E3166CB0000D9
:109CE000C2CEC4C000000000C1C0CBC0CDD13A205C
:109CF00020000000CFD0C8D1D2D049C9205041594E
:109D000050415353000000002020CDC520CFD0C0CB
:109D1000D6DEAA212121202000000000CF49C4C3A3
:109D2000CED2CEC2CAC020C2CEC4C820000000001D
:109D300020CFCECCC8CBCAC020CDC0CBC8C2D32088
:109D40000000000020202020C0C2D2CECCC0D220F3
:109D5000202020200000000020202020C7D3CFC8D2
:109D6000CDC5CDCE2020202000000000CACDCECF12
:109D7000CAC0CCC82031CB20492035CB0000000020
:109D800020C2C2C5C449D2DC20CEC127AACC202023
:109D9000000000002020CF49D1CBDF20C2C8C1CEB7
:109DA000D0D3202000000000CFCED2D049C1CD2E8C
:109DB00020CEC127AACCD32000000000CDC0D2C83D
:109DC000D1CD49D2DC20CACDCECFCAD3000000000D
:109DD00020202020D1CFCBC0D2C8D2C82020202024
:109DE000000000002ACED749CAD3DE2020CAC0D046
:109DF000D2CAD32A00000000CECFC5D0C0D649DFDA
:109E000020D3D1CF49D8CDC0000000002020202091
:109E1000CECFC5D0C0D649DF2020202000000000D2
:109E200020202020D1CAC0D1CEC2C0CDC020202049
:109E30000000000025322E3264257325322E326454
:109E4000202573257325322E32642D25322E32645F
:109E50002D25322E326400002020202020202020BA
:109E6000202020202020202025322E32642573251A
:109E7000322E32642020257325322E32642D253275
:109E80002E32642D25322E326420C1C5C7CACED8E9
:109E9000D2CEC2CDCE2025332E3166EB202000005D
:109EA00020202020202020202020202020202020B2
:109EB000C0CAD649DF2120C2CEC4C02025372E32E9
:109EC00066E3F0ED2FEB20E72025322E32643A25B1
:109ED000322E326420E4EE2025322E32643A2532CE
:109EE0002E326420CFED3B20C2F23B20D1F03B204C
:109EF000D7F23B20CFF23B20D1E13B20CDE43B2009
:109F000020000000FEE7FEE7704780B51A48F8F72A
:109F100003FD01BD80B50220EFF75AFF01BD80B5FA
:109F200080204001EFF754FF01BD80B51348F8F7DA
:109F3000E7FE01BD80B51248F8F7E2FE01BD80B52D
:109F4000104801688969E022D2000A4002D0E9F78E
:109F500097FA01BDE9F78AFA01BD80B50A480168A0
:109F60008969E022D2000A4002D0E9F789FA01BDEE
:109F7000E9F77CFA01BD0000985500201455002037
:109F8000C8540020D053002024540020F1B40168AC
:109F90004118436858080A1800988068DB0701D503
:109FA0004B46C01891422DD00D78491C032403263E
:109FB0002E4002D10E78F61C491C2B090F2B07D11D
:109FC0000B780F33491C03E00F78491C0770401CC5
:109FD000761EF9D1002BE5D00E78491CAD082C4037
:109FE000032C01D10C78491C240234196542441910
:109FF0000025AE1E9E42D5D02678641C0670401CFB
:10A000006D1CF6E700980C30F2BC7047CFCECDC582
:10A01000C449CBCECA20D2C0CA2FCD4900C249C242
:10A02000D2CED0CECA2020D2C0CA2FCD4900D1C5B1
:10A03000D0C5C4C020202020D2C0CA2FCD4900D70F
:10A04000C5D2C2C5D020202020D2C0CA2FCD490001
:10A05000CF27DFD2CDC8D6DF2020D2C0CA2FCD492E
:10A0600000D1D3C1CED2C020202020D2C0CA2FCD53
:10A070004900CDC5C449CBDF20202020D2C0CA2F43
:10A08000CD49000010B50400F0204000201800F079
:10A0900034F892204000201800F02FF8862040006D
:10A0A000201800F02AF82000F43000F026F82000F4
:10A0B000DC3000F022F82000C43000F01EF8200050
:10A0C000AC3000F01AF82000943000F016F82000B0
:10A0D0007C3000F012F82000643000F00EF8200010
:10A0E0004C3000F00AF82000343000F006F8200070
:10A0F0001C3000F002F8200010BD10B50400002252
:10A100000121E9F7FCFE200010BD7047686A6C74FD
:10A110007A4C00007072696E74665F733A20256E27
:10A1200020646973616C6C6F776564007072696E2E
:10A1300074663A2062616420256E20617267756DD5
:10A14000656E74007072696E74665F733A20626146
:10A150006420257320617267756D656E7400000060
:10A16000000000006E616E004E414E00696E660098
:10A17000494E46003000704720202020202020201B
:10A180002020202020202020CB49D7C8CBDCCDC8E0
:10A19000CA20CFCED2CED7CDCEC3CE20CEC1D1DF36
:10A1A000C3D320C2CEC4C82E20C4C0D2C020CECDBE
:10A1B000CEC2CBC5CDCDDF20CB49D7C8CBDCCDC8F7
:10A1C000CAC03A2000000000564F4C4F4849535433
:10A1D00020256425250D0A54454D504552415455BE
:10A1E00052412025642048524144000044415443D8
:10A1F00048594B20564F4C4F484F535449205649CD
:10A20000445355544E49492041424F2056594D4BD5
:10A210004E454E594900000000002115110E0D0C4D
:10A220000B0B0A0A0909090909080808080808089F
:10A2300007070707070707070707070707000000C3
:10A2400030313233343536373839616263646566AC
:10A250006768696A6B6C6D6E6F7071727374757616
:10A260007778797A0000000025322E32642D25326D
:10A270002E32642D25322E3264202530372E306662
:10A280000025322E32642D25322E32642D25322EB9
:10A290003264202530372E31660025322E32642D6F
:10A2A00025322E32642D25322E3264202530372E71
:10A2B0003266000070B40121002213E00368001D23
:10A2C0000B4202D04D46EB185B1E1A601B1D241F6B
:10A2D000042CFAD21D00A60701D51A80AD1C0C4033
:10A2E00000D02A700468001D002CE7D170BC7047B4
:10A2F0000000000000002440000000000000594061
:10A30000000000000088C3400000000084D797418F
:10A310000080E03779C34143176E05B5B5B8934661
:10A32000F5F93FE9034F384D321D30F94877825A2D
:10A330003CBF737FDD4F157538B50C4C2000E5F739
:10A34000CFFE0B4D2A000B49E8F74BFB0A49FC20D6
:10A3500040002018F4F768FC82208000201800F0EC
:10A360000FF82A000549E8F73CFB31BD604D00209D
:10A37000A458002085A00108D053002051AB01084B
:10A3800010B50400E8F722FB20001830E8F71EFBA8
:10A3900020003030E8F71AFB200010BD0B0B1C0822
:10A3A000080A04000A000404040404000E11101C2E
:10A3B00010110E00040E1F041F0E04000C12120CCC
:10A3C0000000000000000000040E1F00120C12121A
:10A3D0000C120000021515150E04040041A042A144
:10A3E000E045A3A4A5A64BA74D484FA8504354A9A8
:10A3F000AA58E1ABACE2ADAE62AFB0B161B2B3B4FA
:10A40000E365B6B7B8B9BABBBCBD6FBE7063BF7900
:10A41000E478E5C0C1E6C2C3C4C5C6C72000010CCC
:10A420000206FF0D03FF07FFFFFFFF0E0A04FFFFF9
:10A4300008FFFF19FFFFFFFFFF151B0F1F0B05FF95
:10A44000FFFFFFFF09FFFF18FFFF141A1EFFFFFFAA
:10A45000FF17FF131DFF16121C1110FF0000000054
:10A4600000000000000000000000000000000000EC
:10A4700000000000000000000000000001000000DB
:10A4800002000000030000000400000006000000BD
:10A490000700000008000000090000002020202024
:10A4A000202020202020202020202020D649CDC080
:10A4B000203120CB49D2D0C020C2CEC4C820CFD0BA
:10A4C000C820CECFCBC0D24920CAC0D0D2CACEDE9F
:10A4D00020200000202020202020202020202020BC
:10A4E00020202020CA49CBDCCA49D1D2DC2049CC6B
:10A4F000CFD3CBDCD149C220CDC0203120CB49D233
:10A50000C5D020C2CEC4C8202000000020202020BA
:10A51000202020202020202020202020CACED0C58E
:10A52000CAD649DF2049CCCFD3CBDCD149C220CD1C
:10A53000C0203120CB49D2C5D020C2CEC4C82020F3
:10A54000000000002020202020202020202020208B
:10A5500020202020C4C0D2C020C7C0CA49CDD7C542
:10A56000CDCDDF20C1C5C7CACED8D2CEC2CDCEC3D5
:10A57000CE20D0C5C6C8CCD32020000072B6EFF3E1
:10A58000098020380146F0C144464D4656465F4694
:10A59000F0C100B5064988471030F0C8A046A9466A
:10A5A000B246BB4680F309882038F0C862B600BDC9
:10A5B000492A000825372E33664C20000000253735
:10A5C0002E32664C2000000025372E31664C2000CC
:10A5D000000025362E30664C000000002A2A2A2A68
:10A5E0002A2A2A20000000002020202020202020CD
:10A5F0002020202020202020D649CDC0203120CB73
:10A6000049D2D0C020C2CEC4C820C720CC49CDC5B5
:10A61000D0C0CBC0CCC820200000000020202020CB
:10A62000202020202020202020202020C4C0D2C094
:10A6300020CFCED7C0D2CAD320C1C5C7CACED8D2A8
:10A64000CEC2CDCEC3CE20D0C5C6C8CCD32020002C
:10A6500020202020202020202020202020202020FA
:10A66000CEC127AACC20C2CEC4C820C1C5C7CACE7D
:10A67000D8D2CEC2CDCEC3CE20D0C5C6C8CCD32072
:10A68000200000002020202020202020202020202A
:10A6900020202020D7C0D120C7C0CA49CDD7C5CDE2
:10A6A000CDDF20C0CAD649C9CDCEC3CE20D0C5C6C5
:10A6B000C8CCD320200000002020202020202020F3
:10A6C0002020202020202020CECFC5D0C0D2CED028
:10A6D00020CCCEC149CBDCCDCEC3CE20C7C227DF34
:10A6E000C7CAD320200000002020202020202020C6
:10A6F0002020202020202020D649CDC02049CCCFAA
:10A70000D3CBDCD1D320CAD3CFDED0CECFD0C8C9F3
:10A71000CCC0D7C0202000002020202020202020D6
:10A720002020202020202020D649CDC02049CCCF79
:10A73000D3CBDCD1D320CCCECDC5D2CECFD0C8C9DF
:10A74000CCC0D7C0202000002020202020202020A6
:10A750002020202020202020C4CD4920D0CEC1CED2
:10A76000D2C820C0CAD649C9CDCEC3CE20D0C5C616
:10A77000C8CCD32020000000202020202020202032
:10A780002020202020202020D7C0D120CFCED7C00D
:10A79000D2CAD320C0CAD649C9CDCEC3CE20D0C5D7
:10A7A000C6C8CCD320200000010000000200000039
:10A7B0000400000006000000080000000A0000007D
:10A7C0000C0000001000000020000000400000000D
:10A7D00080000000000100002020202020202020F8
:10A7E0002020202020202020CDCECCC5D020D2C5B6
:10A7F000CBC5D4CECDC020CCC0C9D1D2D0C02020B2
:10A8000000000000202020202020202020202020C8
:10A8100020202020C0CAD649C9CDC020D649CDC0ED
:10A82000203120CB49D2D0C020C2CEC4C8202000C5
:10A83000524956454E20564F4C4F484F535449208D
:10A84000256425250D0A54454D5045524154555215
:10A85000412025642048524144000000202020204F
:10A86000202020202020202020202020C7C0C3C05E
:10A87000CBDCCDC020D1D3CCC020C3D0CED8C5C96D
:10A880002020000020202020202020202020202008
:10A8900020202020C7C0C3C0CBDCCDC8C920CEC17A
:10A8A00027AACC20C2CEC4C820200000202020200F
:10A8B000202020202020202020202020D2D0C8C2EC
:10A8C000C0CB49D1D2DC20CFD0CECCC8C2C0CDCDF8
:10A8D000DF202000202020202020202020202020D9
:10A8E00020202020CFD0CECCC8C2C0CDCDDF20C705
:10A8F000C020D7C0D1CECC202000000020202020B6
:10A90000202020202020202020202020CFD0CECC8E
:10A91000C8C2C0CDCDDF20C7C020CEC1D1DFC3CEDD
:10A92000CC2020002020202020202020202020209B
:10A9300020202020CFD0CEC3D0C0CCD3C2C0CDCD1C
:10A94000DF203120CB49D2D0C02020002020202081
:10A95000202020202020202020202020C1C5C7CA60
:10A96000CED8D2CEC2CDC8C920D0C5C6C8CC202032
:10A9700000000000504C4154495A484E4920505262
:10A98000595354524F59490D0A504552455A415650
:10A99000414E544147454E4F0000000010B5074955
:10A9A00079441831064C7C44163404E0081D0A68CA
:10A9B000891888470100A142F8D110BD9800000015
:10A9C000B80000002020202020202020202020204F
:10A9D00020202020D649CDC0203120CB49D2D0C064
:10A9E00020C2CEC4C82020002020253031322E3095
:10A9F0006600002020253031322E316600002020F4
:10AA0000253031322E32660000000000564F44419E
:10AA10000D0A534B594E55544F2025322E32642F78
:10AA200025322E32642F25322E32640D0A000000AA
:10AA30005A4148414C4E412053554D413A0D0A4B25
:10AA400055505955523A20253031322E32660D0A72
:10AA50000000000061F8FFFF404C0000200D0020C6
:10AA60000000000029F5FFFFA00D0000FC0500001C
:10AA70000000002065000000000000000000000051
:10AA800000000000000000000100000002000000C3
:10AA9000030000000400000010B504002168002934
:10AAA00009D0A068401A42102000FFF7E1F800200A
:10AAB00020606060A06010BD10B5040005482060F3
:10AAC00020002430F6F7D6FF20001830F6F7D2FF2A
:10AAD000200010BDCCAC010810B504000449794435
:10AAE0000E31044878440C30ECF722FC200010BDF5
:10AAF000B40000009400000000F00DF8002801D020
:10AB0000FFF74CFF00BF00BF002000BF00BFECF705
:10AB10003FFA00F002F80120704780B500F002F81B
:10AB200001BD70470746ECF72DFC3846F4F788FF67
:10AB3000FBE7704720202020D7C0D120D0CEC1CE47
:10AB4000D2C820CEC7CECDD3C2C0CDCDDF2020000D
:10AB500010B504003030FFF7D0FA20001830FFF7AE
:10AB6000CCFA2000FFF7C9FA200010BD05480146C5
:10AB700003B4684680F3098800BF00BF00BF00BF70
:10AB8000FFF7BAFFA5EDF5FEB579FFFF41EEFFFF38
:10AB9000E143FFFF617EFEFF2155FEFF65C9FEFF19
:10ABA00099F7FFFF00000000000000007D3501085C
:10ABB0008135010875360108C34400080000000013
:10ABC000000000007736010879360108E1370108F6
:10ABD000774600080000000000000000BD380108B2
:10ABE000D7380108013901085B6B0008000000003C
:10ABF00000000000A1390108C9390108CD39010858
:10AC0000F77100080000000000000000CF390108C3
:10AC1000E93901080B3A01082F7300080000000011
:10AC2000000000000D3A01081D3A0108213A010810
:10AC30009F8600080000000000000000233A010881
:10AC4000333A0108373A01089389000800000000F0
:10AC500000000000393A0108493A01084D3A01085C
:10AC6000179B000800000000000000004F3A010898
:10AC70005F3A0108633A0108179C000800000000D1
:10AC800000000000653A0108753A0108793A0108A8
:10AC900013A1000800000000000000007B3A01083A
:10ACA0008B3A01088F3A01089BA3000800000000BE
:10ACB00000000000913A0108C93A0108CD3A0108A4
:10ACC00007A600080000000000000000454800083A
:10ACD000E152000879460008A15800080000000071
:10ACE00000000000CBA10008F9A1000831A2000873
:10ACF00047A70008000000000000000005560108FA
:10AD0000655601084555010883E900080000000068
:10AD1000000000008D5601082B5701086D570108EF
:10AD20006FEF000800000000000000004958010813
:10AD3000655901088D590108A3FB000800000000B7
:10AD400000000000595A01086D5B0108AD5B010865
:10AD5000F7FB00080000000000000000F54D0108AE
:10AD6000594E0108354D0108931A010800000000F2
:10AD700000000000814E0108894F0108AD4F010815
:10AD80003B2501080000000000000000AD50010854
:10AD9000D15101087D5201084F2801080000000030
:10ADA0000000000085530108295401086D54010872
:10ADB000E3600108000000000000000079B2000814
:10ADC00075B3000809B400085F65010800000000C1
:10ADD0000000000021B400082DB5000831B50008BE
:10ADE000F76C010800000000000000005DB50008DD
:10ADF0007DB60008B9B600083771010800000000F0
:10AE00000000000059B80008F3B80008A1B7000816
:10AE10006F7301080000000000000000FDB9000889
:10AE2000DDBA00081DB900082F7E010800000000EF
:10AE300000000000C9BB0008D9BC000801BB000825
:10AE40007B9C01080000000000000000E5BD000838
:10AE500095BE000835BD00080BA1010800000000E8
:10AE600000000000D1BE000821BF0008C5BE0008D8
:10AE700077A1010800000000000000006DBF00087D
:10AE800085C0000849BF000861C10008000000003B
:10AE9000000000001BC30008B3C3000871C2000813
:10AEA00023AB01080000000000000000E53A0108A3
:10AEB000FF3A010833AB0108A5B701080000000004
:10AEC00000000000BD3B0108353C0108033B0108C0
:10AED000A7B701080000000000000000713C010855
:10AEE000893C0108ED3C0108A9B7010800000000F9
:10AEF00000000000F13C0108D53E0108293F01088F
:10AF0000EF3C01080000000000000000A55C010803
:10AF1000BF5C0108ABB70108ADB701080000000035
:10AF2000000000007D5D0108F55D0108C35C0108BB
:10AF3000AFB701080000000000000000195E010822
:10AF4000315E01085D5E0108B1B701080000000034
:10AF500000000000615E01085D5F0108995F010863
:10AF60005F5E010800000000000000008D30010855
:10AF70000531010819300108B3B7010800000000CD
:10AF8000000000002D310108453101089D31010804
:10AF9000B5B7010800000000000000009F31010863
:10AFA000A531010885320108B7B70108000000008B
:10AFB00000000000873201088D320108413301088A
:10AFC000B9B7010800000000000000004733010885
:10AFD00079330108BD330108BBB701080000000048
:10AFE00000000000C3330108C93301080734010819
:10AFF000BDB701080000000000000000193401087E
:10B000009B340108C1340108BFB7010800000000EB
:10B01000000000001D460108614601086546010860
:10B02000C1B701080000000000000000D946010877
:10B0300089470108B5470108C3B7010800000000AF
:10B040000000000071480108C9480108CD48010806
:10B05000C5B70108000000000000000049490108D0
:10B06000994901089D490108C7B70108000000007F
:10B070000000000049A70008CFA80008DFA80008CA
:10B08000C9B701080000000000000000C1A90008C5
:10B0900081AA0008F9AA0008CBB701080000000047
:10B0A0000000000099AF0008E1AF0008FDAF000804
:10B0B000CDB701080000000000000000DDAC000872
:10B0C00099AD0008C5AD0008CFB701080000000029
:10B0D00000000000A1B00008FDB0000821B1000888
:10B0E000D1B70108000000000000000025B10008F1
:10B0F000A1B1000859B20008D3B701080000000050
:10B1000000000000694A0108994A0108C34A010881
:10B11000D5B701080000000000000000454C010800
:10B12000954C01080D4D0108D7B70108000000003B
:10B1300000000000317E0108357E0108877E01088D
:10B14000757E01080000000000000000897E0108F3
:10B15000A17E0108697F0108D9B70108000000003D
:10B16000000000006B7F0108A57F0108E97F01084E
:10B17000F17F01080000000000000000F37F0108DB
:10B1800051800108558001088980010800000000F5
:10B19000000000008B800108ED800108418101085A
:10B1A0005981010800000000000000005B810108D7
:10B1B000B9810108BD810108C981010800000000B2
:10B1C00000000000CB8101082D82010831820108B6
:10B1D0003D82010800000000000000003F820108DD
:10B1E0009D820108A1820108B182010800000000CF
:10B1F00000000000B3820108C7820108CB82010869
:10B20000D38201080000000000000000D582010880
:10B21000538301085783010865830108000000007B
:10B220000000000067830108CD8301081184010834
:10B230006984010800000000000000006B84010820
:10B24000C18401080D8501080F8501080000000078
:10B25000000000001185010873850108918501082F
:10B26000938501080000000000000000958501089A
:10B27000E5850108498601084B86010800000000A9
:10B28000000000004D8601089B860108B986010870
:10B29000BB8601080000000000000000BD86010818
:10B2A000498701085D8701087D87010800000000CB
:10B2B00000000000918701081988010857880108DB
:10B2C000B18801080000000000000000554001089E
:10B2D0001141010845410108DBB7010800000000E9
:10B2E000000000001D420108ED420108F142010882
:10B2F000DDB701080000000000000000A1430108C4
:10B300009D440108DD440108DFB70108D2C5D1D250
:10B31000CEC2C8C920D0C5C6C8CC202000000000BD
:10B3200047534D2F4750525320CCCEC4C5CC20207C
:10B3300000000000CCCEC4C5CC20C2CACBDED7C52D
:10B34000CDC8C92000000000D1D2C0CD20CCCEC4D1
:10B35000C5CCD3202020202000000000D049C2C549
:10B36000CDDC20D1C8C3CDC0CBD32020000000004D
:10B37000CCCEC149CBDCCDC8C920CDCECCC5D020E8
:10B3800000000000C1C0CBC0CDD120CAC0D0D2CAFD
:10B39000C820202000000000D1D2C0D2C8D1D2C81D
:10B3A000CAC020C3D0CED84900000000D1D2C0D23C
:10B3B000C8D1D2C8CAC020C2CEC4C020000000007C
:10B3C000CFCBC0D249C6CDC020D1C8D1D2C5CCC008
:10B3D000000000002020CDC0CBC0D8D2D3C2C0CD49
:10B3E000CDDF202000000000202020202020D64992
:10B3F000CDC8202020202020000000002020202078
:10B40000C7C0C3C0CBDCCD492020202000000000F5
:10B410002020CDC0CBC0D8D2D3C2C0CDCDDF20201C
:10B42000000000002020C1C5C7CACED8D2CEC2CDF0
:10B43000C8C92020000000002020202020D0C5C640
:10B44000C8CC2020202020200000000020C0CAD628
:10B4500049C9CDC8C920D0C5C6C8CC20000000004D
:10B4600020544543484E4F56454E44494E472020B0
:10B470000000000020202020205741544552202069
:10B48000202020200000000054574F205354205605
:10B4900045522E382E31652000000000C2C8D54923
:10B4A000C420C220D0CEC1CED7C8C9200000000021
:10B4B000D0C5C6C8CC20202020202020202020203D
:10B4C00000000000C2C8D549C42049C720CCC5CD62
:10B4D000DE20202000000000202020D1D3CCC0207E
:10B4E000CAD3CFDED020202000000000202020D1B1
:10B4F000D3CCC020CCCECDC5D2202020000000006F
:10B5000020D1D3CCC020C720CAC0D0D2CECA2020E0
:10B510000000000049CDCAC0D1C0D649DF20CAD33F
:10B52000CFDED0200000000049CDCAC0D1C0D6492E
:10B53000DF20CCCECDC5D22000000000C4C5D1DFB5
:10B54000D2CACEC2C020CAD0C0CFCAC0000000003C
:10B5500020D7C0D120CED749CAD3C2C0CDCDDF209D
:10B5600000000000202020202025322E326420D12F
:10B57000C5CA2020200000002020202020563D2584
:10B58000342E3464202020200000000020202020C1
:10B590004E203D2025342E34642020200000000061
:10B5A00020CACED0C5CAD649DF20C4C0D2C8202008
:10B5B0000000000020CACED0C5CAD649DF20D7C0BF
:10B5C000D1D32020000000002020CACDCECFCAC099
:10B5D00020CFD3D1CA202020000000002020CACDD7
:10B5E000CECFCAC020CEC7CECD2020200000000084
:10B5F0002020CACDCECFCAC020CAC0D0D2C0202001
:10B600000000000020CACDCECFCAC020C249C4CCA1
:10B6100049CDC02000000000CACDCECFCAC020CF87
:10B62000C5D0C5C4C0D2C8200000000020CACDCEFD
:10B63000CFCAC0203120CB49D2D02020000000004A
:10B64000CACDCECFCAC0203520CB49D2D049C220E6
:10B650000000000020CACBC0CFC0CD20CFD0CEC4C8
:10B66000C0C6D3200000000020202020CEC149C346
:10B67000D049C2C0D7202020000000002020202078
:10B68000D2C5D0CCCED1D2C0D22020200000000024
:10B690002020D2C5D1D220C4C2C5D0C5C920202007
:10B6A00000000000CDC0CBC8C220C2CEC4C820C29A
:10B6B00020C1C0CA00000000CACBC0CFC0CD20CF7F
:10B6C000D0CECCC8C2C0CD2E00000000202020CE9D
:10B6D000C7CECDD3C2C0CDCDDF20202000000000DA
:10B6E00020D1D2C0CD20C4C0D2D7C8CA49C22020E0
:10B6F0000000000020202020CEC149C3D049C22034
:10B700002020202000000000CEC149C3D02E20C23E
:10B71000CACBDED7C5CDC8C900000000202020D28A
:10B72000C5CCCFC5D0C0D2D3D0C0202000000000EF
:10B73000C4C0D2D7C8CA20C2CECBCEC3CED1D24984
:10B7400000000000444854323020C2CACBDED7C5C6
:10B75000CDC8C93F00000000D049C2C5CDDC20C221
:10B76000CECBCEC3CED1D2490000000020532F4E05
:10B770003A2025382E386C7520200000014880477B
:10B780000148004705B801086DAB010810B5040079
:10B79000F6F770F9200010BD10B50400FFF77CF932
:10B7A000200010BD70477047704770477047704762
:10B7B00070477047704770477047704770477047D1
:10B7C00070477047704770477047704770477047C1
:10B7D00070477047704770477047704770477047B1
:10B7E000FEE7FEE7FEE7FEE7FEE7FEE7FEE7FEE731
:10B7F000FEE7FEE7FEE7FEE7FEE7FEE7FEE7FEE721
:10B80000FEE700007047000020020800002004103E
:10B8100007ACAB010860B401087404920001C004D5
:10B820000CAC010820B3142101122418F20298185C
:10B83000123C18F202AC18125418F202C018126C22
:10B840001812D418D2E81C12841812FC14D21090CA
:10B85000F00401ACAE010868B648F004010CAF0179
:10B860000830B718129C48122444D2384812B41831
:10B87000F3014CB43012E418129C18D2B01C16F428
:10B8800020F2020CC0F0030234B101081C7821013F
:10B8900012641CF30590B61CF3054CB1B0610112A3
:10B8A0007C20F305C8B52012941CF206DC1C12ACF7
:10B8B0001CF206F01C12C41CF206049012DC1CF2EE
:10B8C00006181C12F41CF2062C1CF003060CB20124
:10B8D00008401C12241CF206E01C123C1CF202CC94
:10B8E0001C125418F2025418126C18F202A4181206
:10B8F0008418F202B818FB059CB228E10112B428A2
:10B90000F2067C28290CFA02C4241A846CF3054838
:10B91000B334129C1CF2065C1C12CC1CF306B8A6B5
:10B920006C111CF206703812B41CF31D84B3A4F819
:10B930000306D4B00108140812EC1CF31D28B550FE
:10B940001A1C04F30178A118F10730F11F18F00355
:10B9500006BCAD0108A09412D41CF206B41CE1018F
:10B960001E642004F30124A92C127C18F319D4A41A
:10B9700090F305DCAE18F3353CAFF0F003FFC4AB39
:10B9800001080001F1FA011ADC201E6C2006DA8899
:10B990003C1A6C80FB1D34B33C1E74F003F3015C55
:10B9A000A834128C18FE03D88C031118F202EC187C
:10B9B00012A418FE020088031E041C04F202846014
:10B9C0001ECC5C05F2023C3012E418FE06E80805C5
:10B9D00012FC1CF30518A71C121480F305C4A91C43
:10B9E000122C1CF3059CA41C12441CF305E8A51C96
:10B9F000125C1CF30504A81C1EEC7804F71950B562
:10BA00006C1E0434041634B8D26434121C18F202CA
:10BA1000AC642E349404F10218124C1812FC18D2A3
:10BA20007848129418120CC8D28C1812C418FE024E
:10BA3000084C0812F418FE02F4DC061A2444F20240
:10BA40004430125418F2025818165C08F6024C786A
:10BA5000127418F6021CC8128C18F602447026A440
:10BA600050F10230FE06FC8C09121430FA02480C28
:10BA7000122C18F2027818124418F2028460200284
:10BA80009805002004527804F20E00012121D2FF13
:10BA9000255201102204087324F4111219075004CE
:10BAA000E8030000102721F11F185101520518F377
:10BAB00015D007186148F30E881318D178F386B8AB
:10BAC0000B18510121E8251C43307518F0020703BB
:10BAD000B801080452FF01D001FA3F00142004000D
:10BAE000008A4200086B47A00CF038019B880018C0
:10BAF00012950812B10412D30412990412E70452E9
:06BB0000F31CA10165F039
:040000050801AB6DD6
:00000001FF
